City,Date,PM2.5,PM10,NO,NO2,NOx,NH3,CO,SO2,O3,Benzene,Toluene,Xylene,AQI,AQI_Bucket,date,category,aqi_7day_avg
Bengaluru,2015-11-07,31.44,70.46,3.03,15.85,10.27,27.73,1.22,1.94,17.98,2.41,17.84,,60.0,Satisfactory,2015-11-07,Satisfactory,
Bengaluru,2015-11-08,31.4,61.519999999999996,1.92,15.33,8.96,21.44,,1.77,23.72,1.5,7.21,,56.0,Satisfactory,2015-11-08,Satisfactory,
Bengaluru,2015-11-09,34.92,52.58,0.87,10.21,5.52,18.46,,1.72,32.86,1.28,3.29,,59.0,Satisfactory,2015-11-09,Satisfactory,
Bengaluru,2015-11-10,12.63,43.64,1.46,6.81,4.75,12.63,1.48,2.05,41.66,1.12,2.07,,51.0,Satisfactory,2015-11-10,Satisfactory,
Bengaluru,2015-11-11,48.94,80.19333333333333,3.47,8.59,6.93,22.21,1.07,2.62,23.3,3.26,2.23,,49.0,Good,2015-11-11,Good,
Bengaluru,2015-11-12,63.69,116.74666666666667,5.05,8.2,7.38,21.57,1.82,2.27,18.98,1.07,2.66,,146.0,Moderate,2015-11-12,Moderate,
Bengaluru,2015-11-13,28.22,153.3,5.8,21.5,21.78,27.79,2.09,2.69,34.32,2.08,4.5,,61.0,Satisfactory,2015-11-13,Satisfactory,68.85714285714286
Bengaluru,2015-11-14,42.42,156.84,7.25,29.94,31.78,21.94,1.56,2.23,31.35,1.82,4.65,,130.0,Moderate,2015-11-14,Moderate,78.85714285714286
Bengaluru,2015-11-15,42.23,59.94,2.83,18.86,16.26,,1.64,2.16,34.8,1.48,3.94,,99.0,Satisfactory,2015-11-15,Satisfactory,85.0
Bengaluru,2015-11-16,16.03,16.77,3.81,18.34,18.74,,1.61,2.31,35.48,0.87,1.26,,91.0,Satisfactory,2015-11-16,Satisfactory,89.57142857142857
Bengaluru,2015-11-17,17.675,8.22,4.89,16.2,20.54,,1.6,2.49,,,,,116.0,Moderate,2015-11-17,Moderate,98.85714285714286
Bengaluru,2015-11-18,19.32,16.42,4.57,15.47,18.77,25.0,1.99,2.75,,,1.15,,126.0,Moderate,2015-11-18,Moderate,109.85714285714286
Bengaluru,2015-11-19,21.99,39.86,7.08,16.44,19.51,41.96,1.73,2.95,9.98,1.52,2.38,,103.0,Moderate,2015-11-19,Moderate,103.71428571428571
Bengaluru,2015-11-20,13.89,31.44,6.84,12.14,15.35,23.93,1.72,2.5,4.56,0.74,1.48,,74.0,Satisfactory,2015-11-20,Satisfactory,105.57142857142857
Bengaluru,2015-11-21,16.06,24.35,4.57,13.13,16.2,21.28,0.94,3.12,,,1.07,,66.0,Satisfactory,2015-11-21,Satisfactory,96.42857142857143
Bengaluru,2015-11-22,16.97,15.69,3.07,10.57,12.6,13.92,0.83,2.6,,,1.06,,61.0,Satisfactory,2015-11-22,Satisfactory,91.0
Bengaluru,2015-11-23,19.66,36.84,6.47,16.37,20.87,24.04,1.35,2.83,4.09,1.18,2.17,,75.0,Satisfactory,2015-11-23,Satisfactory,88.71428571428571
Bengaluru,2015-11-24,20.35,33.97,7.76,20.64,24.75,26.98,1.36,2.59,7.77,1.02,1.9,,85.0,Satisfactory,2015-11-24,Satisfactory,84.28571428571429
Bengaluru,2015-11-25,34.39,36.29,8.38,28.8,32.28,32.75,2.48,3.76,14.63,1.32,3.17,,141.0,Moderate,2015-11-25,Moderate,86.42857142857143
Bengaluru,2015-11-26,43.91,43.65,11.74,29.33,32.78,55.4,1.52,3.44,14.8,1.53,3.59,,90.0,Satisfactory,2015-11-26,Satisfactory,84.57142857142857
Bengaluru,2015-11-27,44.14,112.78,7.05,26.64,27.06,32.33,2.18,4.3,25.57,1.69,3.36,,126.0,Moderate,2015-11-27,Moderate,92.0
Bengaluru,2015-11-28,44.94,114.34,8.47,28.1,29.37,32.75,2.3,4.7,29.1,1.56,2.38,,147.0,Moderate,2015-11-28,Moderate,103.57142857142857
Bengaluru,2015-11-29,29.35,75.79,5.72,21.21,21.4,19.08,1.55,4.55,29.03,1.01,1.15,,87.0,Satisfactory,2015-11-29,Satisfactory,107.28571428571429
Bengaluru,2015-11-30,15.34,53.7,8.46,22.22,24.6,21.4,1.13,4.45,8.84,1.11,2.53,,56.0,Satisfactory,2015-11-30,Satisfactory,104.57142857142857
Bengaluru,2015-12-01,14.18,55.71,12.9,25.86,27.06,21.81,1.63,5.14,9.89,0.97,2.15,,88.0,Satisfactory,2015-12-01,Satisfactory,105.0
Bengaluru,2015-12-02,13.36,33.82,8.24,24.04,17.46,22.0,1.7,11.07,8.15,0.73,1.66,,67.0,Satisfactory,2015-12-02,Satisfactory,94.42857142857143
Bengaluru,2015-12-03,19.86,72.72,11.73,33.56,26.85,37.08,1.47,8.32,9.51,0.98,2.6,,74.0,Satisfactory,2015-12-03,Satisfactory,92.14285714285714
Bengaluru,2015-12-04,28.35,102.15,13.06,32.95,24.78,52.45,2.03,6.08,21.38,1.0,3.46,,105.0,Moderate,2015-12-04,Moderate,89.14285714285714
Bengaluru,2015-12-05,25.04,89.26,9.79,33.02,22.96,51.77,1.72,5.43,26.44,0.77,1.47,,103.0,Moderate,2015-12-05,Moderate,82.85714285714286
Bengaluru,2015-12-06,29.12,87.255,2.8,25.17,13.66,41.62,,3.1,43.98,0.71,1.17,,54.0,Satisfactory,2015-12-06,Satisfactory,78.14285714285714
Bengaluru,2015-12-07,41.16,85.25,10.04,34.42,23.91,46.07,1.88,5.24,27.26,0.88,1.7,,65.0,Satisfactory,2015-12-07,Satisfactory,79.42857142857143
Bengaluru,2015-12-08,46.33,82.86,17.24,44.41,34.36,45.43,1.81,5.81,19.1,1.01,1.92,,102.0,Moderate,2015-12-08,Moderate,81.42857142857143
Bengaluru,2015-12-09,48.01,78.58,16.65,39.78,31.61,46.15,1.84,4.86,6.32,1.16,1.49,,94.0,Satisfactory,2015-12-09,Satisfactory,85.28571428571429
Bengaluru,2015-12-10,35.48,58.04,25.04,35.58,35.53,51.46,1.92,5.27,3.36,0.99,1.46,,86.0,Satisfactory,2015-12-10,Satisfactory,87.0
Bengaluru,2015-12-11,32.95,79.07,23.41,41.05,36.25,26.38,2.07,5.94,2.3,1.43,1.63,,89.0,Satisfactory,2015-12-11,Satisfactory,84.71428571428571
Bengaluru,2015-12-12,50.19,73.43,18.73,57.62,31.41,20.93,1.78,5.34,2.33,1.29,1.39,,99.0,Satisfactory,2015-12-12,Satisfactory,84.14285714285714
Bengaluru,2015-12-13,34.57,64.09,15.68,42.88,37.39,12.64,1.68,4.79,2.16,0.91,1.07,,92.0,Satisfactory,2015-12-13,Satisfactory,89.57142857142857
Bengaluru,2015-12-14,52.06,56.71,13.51,27.66,21.45,11.98,1.33,4.38,1.87,1.29,1.6,,85.0,Satisfactory,2015-12-14,Satisfactory,92.42857142857143
Bengaluru,2015-12-15,39.67,100.76,5.93,22.28,13.92,14.1,1.44,2.72,1.83,1.18,1.46,,83.0,Satisfactory,2015-12-15,Satisfactory,89.71428571428571
Bengaluru,2015-12-16,50.47,56.41,4.71,37.1,20.85,20.54,1.93,3.65,6.68,1.22,1.47,,92.0,Satisfactory,2015-12-16,Satisfactory,89.42857142857143
Bengaluru,2015-12-17,41.04,62.41,10.15,40.72,26.28,22.39,1.55,5.21,17.03,0.97,1.28,,95.0,Satisfactory,2015-12-17,Satisfactory,90.71428571428571
Bengaluru,2015-12-18,56.62,85.88,24.29,57.36,45.46,29.2,2.67,6.99,17.28,1.61,1.55,,103.0,Moderate,2015-12-18,Moderate,92.71428571428571
Bengaluru,2015-12-19,42.57,78.99,20.49,49.4,39.15,21.95,2.08,5.34,17.37,1.43,1.29,,105.0,Moderate,2015-12-19,Moderate,93.57142857142857
Bengaluru,2015-12-20,60.44,65.74,17.24,43.97,33.82,26.04,1.44,5.29,20.05,1.17,1.19,,97.0,Satisfactory,2015-12-20,Satisfactory,94.28571428571429
Bengaluru,2015-12-21,48.4,72.52,18.51,53.53,39.72,30.54,1.18,5.5,21.95,1.33,1.35,,102.0,Moderate,2015-12-21,Moderate,96.71428571428571
Bengaluru,2015-12-22,49.54,84.48,22.95,65.66,49.45,34.27,1.32,5.61,20.0,1.96,1.69,,104.0,Moderate,2015-12-22,Moderate,99.71428571428571
Bengaluru,2015-12-23,49.42,74.68,20.35,55.38,42.2,36.34,1.62,5.47,24.06,1.58,1.24,,96.0,Satisfactory,2015-12-23,Satisfactory,100.28571428571429
Bengaluru,2015-12-24,61.58,81.49,20.86,56.16,42.26,44.44,1.29,5.38,36.04,1.41,1.22,,114.0,Moderate,2015-12-24,Moderate,103.0
Bengaluru,2015-12-25,68.48,81.97,17.96,51.22,37.33,24.77,1.25,5.66,40.78,1.12,2.26,,110.0,Moderate,2015-12-25,Moderate,104.0
Bengaluru,2015-12-26,57.15,63.84,15.88,42.79,31.61,18.88,1.2,5.44,41.39,1.12,1.16,,109.0,Moderate,2015-12-26,Moderate,104.57142857142857
Bengaluru,2015-12-27,76.35,76.37,16.45,42.69,31.61,14.76,1.54,5.71,59.62,1.15,0.94,,115.0,Moderate,2015-12-27,Moderate,107.14285714285714
Bengaluru,2015-12-28,85.66,83.91,22.68,56.3,42.44,41.98,1.77,6.01,59.5,1.21,1.05,,149.0,Moderate,2015-12-28,Moderate,113.85714285714286
Bengaluru,2015-12-29,49.06,73.13,20.76,54.12,40.51,24.83,1.58,6.39,31.55,1.43,1.12,,122.0,Moderate,2015-12-29,Moderate,116.42857142857143
Bengaluru,2015-12-30,48.16,74.0,22.45,59.75,44.59,21.42,0.85,6.94,31.0,1.59,1.44,,91.0,Satisfactory,2015-12-30,Satisfactory,115.71428571428571
Bengaluru,2015-12-31,71.06,74.39,20.87,61.97,44.85,26.49,1.49,7.22,36.94,1.53,1.18,,131.0,Moderate,2015-12-31,Moderate,118.14285714285714
Bengaluru,2016-01-01,56.4,95.08,13.8,51.73,34.31,14.68,0.69,7.44,55.96,0.91,0.78,,101.0,Moderate,2016-01-01,Moderate,116.85714285714286
Bengaluru,2016-01-02,53.69,93.92,26.49,73.09,54.77,16.05,0.76,8.67,34.06,1.88,1.18,,92.0,Satisfactory,2016-01-02,Satisfactory,114.42857142857143
Bengaluru,2016-01-03,62.35,99.34,24.56,77.77,55.6,16.37,0.96,9.1,47.62,2.36,1.14,,108.0,Moderate,2016-01-03,Moderate,113.42857142857143
Bengaluru,2016-01-04,64.96,104.62,18.56,77.07,50.81,14.18,0.89,8.87,50.62,1.95,1.33,,109.0,Moderate,2016-01-04,Moderate,107.71428571428571
Bengaluru,2016-01-05,70.15,105.12,23.56,79.43,56.05,16.97,0.85,9.41,36.94,1.92,1.26,,114.0,Moderate,2016-01-05,Moderate,106.57142857142857
Bengaluru,2016-01-06,68.22,91.74,29.68,68.5,55.38,16.71,0.93,14.23,45.98,1.25,1.11,,121.0,Moderate,2016-01-06,Moderate,110.85714285714286
Bengaluru,2016-01-07,68.74,74.3,42.37,53.25,58.6,26.13,0.79,23.65,23.19,27.62,16.12,,116.0,Moderate,2016-01-07,Moderate,108.71428571428571
Bengaluru,2016-01-08,67.9,62.77,46.57,51.09,60.65,22.84,0.66,14.17,8.59,1.01,0.5,,117.0,Moderate,2016-01-08,Moderate,111.0
Bengaluru,2016-01-09,79.8,74.11,57.18,64.04,86.73,21.32,0.79,14.65,10.66,2.62,0.55,,143.0,Moderate,2016-01-09,Moderate,118.28571428571429
Bengaluru,2016-01-10,76.18,63.19,38.5,46.46,52.1,11.01,0.8,15.02,14.39,2.29,0.55,,168.0,Moderate,2016-01-10,Moderate,126.85714285714286
Bengaluru,2016-01-11,61.48,53.24,23.76,39.43,62.48,10.72,0.78,11.53,19.51,1.67,1.35,,122.0,Moderate,2016-01-11,Moderate,128.71428571428572
Bengaluru,2016-01-12,73.5,106.62,9.37,39.55,27.55,12.27,1.3,4.65,21.45,1.76,0.74,,122.0,Moderate,2016-01-12,Moderate,129.85714285714286
Bengaluru,2016-01-13,70.78,160.0,11.43,55.91,37.72,12.06,1.02,10.59,24.48,1.56,0.94,,146.0,Moderate,2016-01-13,Moderate,133.42857142857142
Bengaluru,2016-01-14,75.01,172.02,16.92,70.58,49.75,19.63,0.84,13.99,22.94,1.56,0.5,,152.0,Moderate,2016-01-14,Moderate,138.57142857142858
Bengaluru,2016-01-15,42.84,160.87,11.69,50.76,34.73,,0.78,17.8,25.71,1.14,0.28,,119.0,Moderate,2016-01-15,Moderate,138.85714285714286
Bengaluru,2016-01-16,77.23,235.32,35.73,83.2,94.37,16.11,1.02,15.22,22.72,1.36,0.69,,130.0,Moderate,2016-01-16,Moderate,137.0
Bengaluru,2016-01-17,68.98,149.82,86.51,110.24,147.06,10.83,0.78,14.5,17.73,0.97,0.37,,253.0,Poor,2016-01-17,Poor,149.14285714285714
Bengaluru,2016-01-18,73.89,133.08,95.19,77.38,110.35,16.09,0.97,18.94,20.92,1.05,0.51,,219.0,Poor,2016-01-18,Poor,163.0
Bengaluru,2016-01-19,75.45,113.92,44.25,72.62,71.08,20.9,0.98,24.0,23.09,0.67,0.54,,146.0,Moderate,2016-01-19,Moderate,166.42857142857142
Bengaluru,2016-01-20,78.07,122.54,43.53,45.06,55.6,28.94,0.97,24.02,17.64,0.95,0.68,,170.0,Moderate,2016-01-20,Moderate,169.85714285714286
Bengaluru,2016-01-21,53.45,62.27,44.68,34.63,50.76,43.57,0.93,18.54,20.57,0.62,0.52,,117.0,Moderate,2016-01-21,Moderate,164.85714285714286
Bengaluru,2016-01-22,63.58,150.78,48.29,41.69,57.18,26.58,1.15,13.94,22.0,0.84,0.42,,113.0,Moderate,2016-01-22,Moderate,164.0
Bengaluru,2016-01-23,57.91,133.63,33.73,29.72,40.25,16.27,1.08,11.77,11.02,0.81,0.34,,146.0,Moderate,2016-01-23,Moderate,166.28571428571428
Bengaluru,2016-01-24,41.36,92.58,24.11,35.97,35.05,14.08,0.99,5.66,15.4,0.76,0.31,,102.0,Moderate,2016-01-24,Moderate,144.71428571428572
Bengaluru,2016-01-25,51.7,121.42,15.35,51.13,35.03,19.55,1.23,7.78,18.12,0.64,0.84,,98.0,Satisfactory,2016-01-25,Satisfactory,127.42857142857143
Bengaluru,2016-01-26,54.34,108.47,7.72,45.69,28.2,17.79,1.04,8.68,26.95,0.63,0.59,,104.0,Moderate,2016-01-26,Moderate,121.42857142857143
Bengaluru,2016-01-27,54.33,76.37,14.67,41.42,32.76,20.6,1.05,8.73,17.6,0.89,0.7,,91.0,Satisfactory,2016-01-27,Satisfactory,110.14285714285714
Bengaluru,2016-01-28,84.84,50.03,20.32,36.42,34.42,53.81,1.16,2.96,17.21,1.38,0.81,,118.0,Moderate,2016-01-28,Moderate,110.28571428571429
Bengaluru,2016-01-29,87.02,83.23,7.3,36.39,23.82,22.43,1.12,3.02,26.32,1.45,0.76,,175.0,Moderate,2016-01-29,Moderate,119.14285714285714
Bengaluru,2016-01-30,71.42,130.22,8.62,37.09,25.13,20.22,1.21,4.28,23.31,1.02,0.64,,149.0,Moderate,2016-01-30,Moderate,119.57142857142857
Bengaluru,2016-01-31,119.16,218.27,15.82,48.59,36.49,33.27,1.32,6.07,23.3,2.02,0.94,,183.0,Moderate,2016-01-31,Moderate,131.14285714285714
Bengaluru,2016-02-01,84.45,158.01,15.81,55.88,40.35,30.23,1.85,6.34,17.17,1.16,1.26,,184.0,Moderate,2016-02-01,Moderate,143.42857142857142
Bengaluru,2016-02-02,76.8,159.14,17.4,55.92,41.2,27.39,1.39,5.9,15.86,1.84,0.73,,156.0,Moderate,2016-02-02,Moderate,150.85714285714286
Bengaluru,2016-02-03,75.57,193.59,13.74,62.78,41.28,23.28,1.9,5.54,25.77,1.72,0.68,,153.0,Moderate,2016-02-03,Moderate,159.71428571428572
Bengaluru,2016-02-04,74.6,152.36,10.79,49.76,32.57,22.79,1.6,5.13,28.21,1.67,0.75,,141.0,Moderate,2016-02-04,Moderate,163.0
Bengaluru,2016-02-05,72.11,121.86,9.3,49.34,31.63,21.72,1.37,4.07,31.13,1.4,0.56,,139.0,Moderate,2016-02-05,Moderate,157.85714285714286
Bengaluru,2016-02-06,63.42,169.11,5.2,45.84,25.16,19.25,1.81,3.74,32.4,0.8,0.56,,154.0,Moderate,2016-02-06,Moderate,158.57142857142858
Bengaluru,2016-02-07,82.78,351.51,4.31,84.52,35.82,19.97,3.28,2.76,37.66,0.89,0.66,,199.0,Moderate,2016-02-07,Moderate,160.85714285714286
Bengaluru,2016-02-08,75.98,154.26,3.23,46.99,21.56,18.87,1.59,3.49,31.18,0.6,0.59,,182.0,Moderate,2016-02-08,Moderate,160.57142857142858
Bengaluru,2016-02-09,85.33,223.57,6.7,59.41,30.85,20.89,2.19,9.71,35.63,0.88,0.7,,175.0,Moderate,2016-02-09,Moderate,163.28571428571428
Bengaluru,2016-02-10,84.32,256.75,5.88,46.66,26.54,20.63,2.2,14.25,49.77,1.36,0.54,,191.0,Moderate,2016-02-10,Moderate,168.71428571428572
Bengaluru,2016-02-11,91.95,190.47,5.85,45.44,25.01,17.12,2.06,23.66,58.94,2.4,0.9,,203.0,Poor,2016-02-11,Poor,177.57142857142858
Bengaluru,2016-02-12,83.66,164.48,6.15,49.77,26.13,19.85,1.7,5.25,67.3,1.67,0.76,,154.0,Moderate,2016-02-12,Moderate,179.71428571428572
Bengaluru,2016-02-13,85.96,146.45,8.34,56.54,33.17,17.34,1.69,4.73,63.27,1.21,0.56,,160.0,Moderate,2016-02-13,Moderate,180.57142857142858
Bengaluru,2016-02-14,62.08,113.87,20.4,43.41,39.5,15.09,1.46,3.14,57.1,1.47,0.34,,136.0,Moderate,2016-02-14,Moderate,171.57142857142858
Bengaluru,2016-02-15,56.57,100.3,10.84,35.08,33.68,40.86,1.73,4.27,37.83,1.19,0.41,,107.0,Moderate,2016-02-15,Moderate,160.85714285714286
Bengaluru,2016-02-16,42.58,108.68,9.51,23.5,19.24,27.19,1.51,3.45,31.32,0.68,0.37,,88.0,Satisfactory,2016-02-16,Satisfactory,148.42857142857142
Bengaluru,2016-02-17,49.6,145.32,9.96,24.34,19.72,24.05,1.66,4.46,25.02,0.94,0.34,,105.0,Moderate,2016-02-17,Moderate,136.14285714285714
Bengaluru,2016-02-18,54.56,138.17,10.56,19.86,17.74,,1.51,4.12,29.33,0.74,0.26,,111.0,Moderate,2016-02-18,Moderate,123.0
Bengaluru,2016-02-19,44.26,146.23,10.47,26.16,20.93,25.75,1.51,3.9,42.53,1.22,0.35,,117.0,Moderate,2016-02-19,Moderate,117.71428571428571
Bengaluru,2016-02-20,53.12,116.89,9.46,30.94,22.89,29.92,1.47,3.2,36.37,0.98,0.46,,113.0,Moderate,2016-02-20,Moderate,111.0
Bengaluru,2016-02-21,57.32,107.54,10.18,34.98,25.44,29.87,1.45,2.88,49.63,1.16,0.5,,115.0,Moderate,2016-02-21,Moderate,108.0
Bengaluru,2016-02-22,90.07,127.67,7.72,32.23,22.31,29.34,1.57,3.26,38.32,1.01,0.45,,145.0,Moderate,2016-02-22,Moderate,113.42857142857143
Bengaluru,2016-02-23,134.69,142.12,4.88,32.14,20.48,30.6,1.12,2.99,42.23,1.08,0.47,,177.0,Moderate,2016-02-23,Moderate,126.14285714285714
Bengaluru,2016-02-24,110.05,100.07,11.92,38.67,25.42,28.79,0.94,4.85,59.43,0.89,0.58,,198.0,Moderate,2016-02-24,Moderate,139.42857142857142
Bengaluru,2016-02-25,66.98,100.6,9.08,37.3,25.34,27.07,0.73,6.91,64.9,0.89,0.54,,165.0,Moderate,2016-02-25,Moderate,147.14285714285714
Bengaluru,2016-02-26,51.96,102.39,10.53,28.51,22.43,24.1,0.94,5.29,37.26,0.51,0.48,,124.0,Moderate,2016-02-26,Moderate,148.14285714285714
Bengaluru,2016-02-27,36.28,98.29,12.77,41.88,27.18,5.47,0.81,3.09,30.33,0.45,0.2,,88.0,Satisfactory,2016-02-27,Satisfactory,144.57142857142858
Bengaluru,2016-02-28,35.63,115.9,12.59,47.36,24.09,4.09,0.79,3.52,29.08,0.67,0.27,,88.0,Satisfactory,2016-02-28,Satisfactory,140.71428571428572
Bengaluru,2016-02-29,41.64,144.04,11.73,30.64,23.56,3.83,1.01,3.16,39.28,0.74,0.3,,105.0,Moderate,2016-02-29,Moderate,135.0
Bengaluru,2016-03-01,39.21,154.64,42.33,42.55,51.48,13.53,0.84,3.5,37.68,0.81,0.28,,118.0,Moderate,2016-03-01,Moderate,126.57142857142857
Bengaluru,2016-03-02,42.17,134.78,19.36,33.44,29.43,22.47,0.56,2.24,31.99,0.87,0.32,,132.0,Moderate,2016-03-02,Moderate,117.14285714285714
Bengaluru,2016-03-03,54.91,148.57,6.3,31.09,18.25,22.73,0.58,1.91,49.42,0.87,0.47,,121.0,Moderate,2016-03-03,Moderate,110.85714285714286
Bengaluru,2016-03-04,54.04,137.04,9.52,38.09,25.03,21.95,0.62,2.45,42.21,1.02,0.49,,136.0,Moderate,2016-03-04,Moderate,112.57142857142857
Bengaluru,2016-03-05,55.72,132.73,5.47,31.96,18.66,23.49,1.68,2.36,38.54,0.94,0.37,,153.0,Moderate,2016-03-05,Moderate,121.85714285714286
Bengaluru,2016-03-06,45.98,120.86,3.63,22.73,12.1,23.84,0.77,2.12,49.65,0.62,0.32,,135.0,Moderate,2016-03-06,Moderate,128.57142857142858
Bengaluru,2016-03-07,43.69,120.32,4.16,24.23,13.82,23.77,0.58,2.05,45.07,0.63,0.35,,111.0,Moderate,2016-03-07,Moderate,129.42857142857142
Bengaluru,2016-03-08,44.74,122.4,10.23,41.83,24.9,23.93,1.41,2.82,49.67,0.92,0.43,,135.0,Moderate,2016-03-08,Moderate,131.85714285714286
Bengaluru,2016-03-09,51.06,150.19,10.44,47.14,30.04,33.25,0.97,4.02,38.62,0.94,0.46,,123.0,Moderate,2016-03-09,Moderate,130.57142857142858
Bengaluru,2016-03-10,53.1,161.1,13.13,43.2,34.09,31.23,1.51,3.14,35.52,0.96,0.55,,146.0,Moderate,2016-03-10,Moderate,134.14285714285714
Bengaluru,2016-03-11,60.7,173.24,13.82,36.11,33.16,33.7,1.03,3.61,40.0,4.06,1.47,,155.0,Moderate,2016-03-11,Moderate,136.85714285714286
Bengaluru,2016-03-12,59.53,163.88,7.19,26.64,19.89,26.04,0.86,3.0,58.17,2.83,1.59,,144.0,Moderate,2016-03-12,Moderate,135.57142857142858
Bengaluru,2016-03-13,64.29,144.67,5.68,21.86,14.6,21.27,0.57,2.75,68.09,1.8,1.2,,149.0,Moderate,2016-03-13,Moderate,137.57142857142858
Bengaluru,2016-03-14,67.65,148.74,6.95,33.09,20.19,23.37,0.79,2.95,77.42,1.67,1.76,,158.0,Moderate,2016-03-14,Moderate,144.28571428571428
Bengaluru,2016-03-15,68.48,144.33,15.88,36.46,25.68,24.7,1.28,2.93,47.78,1.68,1.25,,175.0,Moderate,2016-03-15,Moderate,150.0
Bengaluru,2016-03-16,76.33,144.2,11.08,39.12,26.5,36.52,1.19,2.85,98.66,3.0,2.51,,139.0,Moderate,2016-03-16,Moderate,152.28571428571428
Bengaluru,2016-03-17,72.22,151.36,11.89,25.76,18.7,29.15,0.89,3.24,39.82,1.41,1.65,,145.0,Moderate,2016-03-17,Moderate,152.14285714285714
Bengaluru,2016-03-18,60.58,194.0,7.91,18.32,15.69,26.55,0.96,2.89,35.81,1.49,1.3,,151.0,Moderate,2016-03-18,Moderate,151.57142857142858
Bengaluru,2016-03-19,98.29,206.35,10.49,32.29,24.48,29.65,1.22,2.53,33.32,2.42,1.62,,158.0,Moderate,2016-03-19,Moderate,153.57142857142858
Bengaluru,2016-03-20,239.54,189.8,3.12,14.6,9.98,27.35,1.2,1.57,,,1.28,,253.0,Poor,2016-03-20,Poor,168.42857142857142
Bengaluru,2016-03-21,121.43,164.52,8.95,59.53,35.01,32.86,0.91,2.47,56.77,1.91,3.13,,264.0,Poor,2016-03-21,Poor,183.57142857142858
Bengaluru,2016-03-22,66.36,190.04,9.51,62.46,37.08,32.7,0.98,3.93,43.14,1.74,2.25,,155.0,Moderate,2016-03-22,Moderate,180.71428571428572
Bengaluru,2016-03-23,29.73,186.28,10.09,46.26,35.81,29.53,0.52,2.38,49.68,1.11,1.05,,137.0,Moderate,2016-03-23,Moderate,180.42857142857142
Bengaluru,2016-03-24,34.49,180.42,7.52,34.43,22.68,24.5,0.92,3.92,46.87,1.19,1.06,,119.0,Moderate,2016-03-24,Moderate,176.71428571428572
Bengaluru,2016-03-25,32.59,183.03,4.59,28.33,14.13,22.9,0.9,3.22,55.02,1.85,1.27,,137.0,Moderate,2016-03-25,Moderate,174.71428571428572
Bengaluru,2016-03-26,56.05,165.97,6.3,29.32,19.1,32.86,2.11,5.56,57.03,2.72,3.04,,149.0,Moderate,2016-03-26,Moderate,173.42857142857142
Bengaluru,2016-03-27,63.5,175.45,4.97,30.19,18.63,42.56,0.82,5.39,89.88,2.36,2.12,,156.0,Moderate,2016-03-27,Moderate,159.57142857142858
Bengaluru,2016-03-28,57.92,157.8,6.37,35.15,22.21,50.0,0.86,6.06,48.81,1.95,1.18,,123.0,Moderate,2016-03-28,Moderate,139.42857142857142
Bengaluru,2016-03-29,48.28,162.1,5.17,23.54,15.33,24.05,0.87,3.42,40.43,1.49,1.17,,118.0,Moderate,2016-03-29,Moderate,134.14285714285714
Bengaluru,2016-03-30,42.65,142.17,5.45,25.51,16.91,22.67,0.86,4.7,35.06,1.53,1.93,,107.0,Moderate,2016-03-30,Moderate,129.85714285714286
Bengaluru,2016-03-31,50.78,156.52,5.35,32.46,21.42,23.75,0.82,3.72,44.42,1.85,1.42,,111.0,Moderate,2016-03-31,Moderate,128.71428571428572
Bengaluru,2016-04-01,49.33,150.05,7.72,35.55,24.09,23.19,0.87,4.51,38.74,2.17,1.61,,106.0,Moderate,2016-04-01,Moderate,124.28571428571429
Bengaluru,2016-04-02,51.78,159.41,10.62,36.29,25.48,29.64,0.62,2.51,34.73,3.16,2.03,,112.0,Moderate,2016-04-02,Moderate,119.0
Bengaluru,2016-04-03,53.54,157.92,8.11,26.49,18.69,19.18,1.0,2.97,34.38,3.58,1.85,,110.0,Moderate,2016-04-03,Moderate,112.42857142857143
Bengaluru,2016-04-04,54.8,165.25,12.49,39.97,28.58,45.69,0.85,4.65,26.66,4.25,2.3,,114.0,Moderate,2016-04-04,Moderate,111.14285714285714
Bengaluru,2016-04-05,49.84,215.52,19.66,50.15,45.68,22.62,1.11,4.27,29.98,3.43,2.08,,118.0,Moderate,2016-04-05,Moderate,111.14285714285714
Bengaluru,2016-04-06,63.16,254.77,7.65,52.29,24.61,28.88,1.18,3.67,43.57,2.12,1.84,,154.0,Moderate,2016-04-06,Moderate,117.85714285714286
Bengaluru,2016-04-07,46.24,208.97,3.14,17.79,10.68,23.17,1.19,3.17,67.46,3.08,1.81,,179.0,Moderate,2016-04-07,Moderate,127.57142857142857
Bengaluru,2016-04-08,34.18,318.02,3.97,17.37,11.52,19.5,1.03,2.2,58.76,1.56,0.9,,102.0,Moderate,2016-04-08,Moderate,127.0
Bengaluru,2016-04-09,33.01,152.78,27.61,38.54,32.63,18.87,1.13,3.61,53.57,1.42,0.94,,170.0,Moderate,2016-04-09,Moderate,135.28571428571428
Bengaluru,2016-04-10,31.3,144.68,4.2,19.45,13.01,16.4,1.03,2.75,62.4,1.34,0.99,,112.0,Moderate,2016-04-10,Moderate,135.57142857142858
Bengaluru,2016-04-11,31.68,159.23,4.37,19.05,12.52,20.63,1.86,2.87,58.82,1.78,1.32,,138.0,Moderate,2016-04-11,Moderate,139.0
Bengaluru,2016-04-12,36.98,177.82,3.86,14.71,9.61,17.27,1.25,3.1,74.34,2.44,1.9,,121.0,Moderate,2016-04-12,Moderate,139.42857142857142
Bengaluru,2016-04-13,36.88,159.45,16.58,30.43,26.02,30.91,0.81,5.44,60.73,1.39,1.14,,118.0,Moderate,2016-04-13,Moderate,134.28571428571428
Bengaluru,2016-04-14,35.46,224.24,9.73,31.64,23.58,25.67,1.08,3.19,109.97,0.98,1.14,,171.0,Moderate,2016-04-14,Moderate,133.14285714285714
Bengaluru,2016-04-15,35.31,196.65,6.29,18.99,14.15,26.03,1.07,3.9,76.46,1.74,1.19,,156.0,Moderate,2016-04-15,Moderate,140.85714285714286
Bengaluru,2016-04-16,34.85,171.26,4.84,10.08,8.09,26.81,1.02,3.06,67.25,1.09,1.14,,140.0,Moderate,2016-04-16,Moderate,136.57142857142858
Bengaluru,2016-04-17,36.9,145.98,3.37,9.89,7.11,24.31,0.78,2.36,77.75,2.29,1.41,,114.0,Moderate,2016-04-17,Moderate,136.85714285714286
Bengaluru,2016-04-18,38.81,158.75,5.65,16.09,11.74,25.84,1.37,2.74,49.33,3.09,2.52,,138.0,Moderate,2016-04-18,Moderate,136.85714285714286
Bengaluru,2016-04-19,34.65,134.47,4.35,12.86,9.5,25.01,1.87,2.71,50.77,2.86,2.91,,137.0,Moderate,2016-04-19,Moderate,139.14285714285714
Bengaluru,2016-04-20,31.89,160.06,4.69,19.53,10.82,25.6,1.65,3.82,62.54,6.46,4.3,,134.0,Moderate,2016-04-20,Moderate,141.42857142857142
Bengaluru,2016-04-21,33.61,168.98,5.82,13.97,11.33,22.65,0.64,6.92,65.97,9.52,6.04,,119.0,Moderate,2016-04-21,Moderate,134.0
Bengaluru,2016-04-22,34.83,130.54,6.28,10.21,9.96,26.41,0.94,4.09,48.47,9.6,5.93,,98.0,Satisfactory,2016-04-22,Satisfactory,125.71428571428571
Bengaluru,2016-04-23,39.01,107.52,9.13,19.84,18.09,27.43,0.98,3.9,49.78,14.91,7.88,,107.0,Moderate,2016-04-23,Moderate,121.0
Bengaluru,2016-04-24,39.53,92.73,7.26,19.55,15.68,20.86,2.09,4.16,47.44,16.39,8.95,,150.0,Moderate,2016-04-24,Moderate,126.14285714285714
Bengaluru,2016-04-25,37.17,103.22,6.77,16.25,13.99,25.49,0.71,3.39,47.77,5.19,4.95,,94.0,Satisfactory,2016-04-25,Satisfactory,119.85714285714286
Bengaluru,2016-04-26,39.88,68.46,7.67,21.35,16.08,24.94,0.72,3.74,56.94,11.29,6.26,,85.0,Satisfactory,2016-04-26,Satisfactory,112.42857142857143
Bengaluru,2016-04-27,32.59,56.09,5.91,22.96,15.81,19.65,1.53,5.23,43.48,3.72,3.43,,115.0,Moderate,2016-04-27,Moderate,109.71428571428571
Bengaluru,2016-04-28,47.42,54.05,20.84,22.55,33.44,18.06,0.6,5.65,39.29,7.21,11.94,,74.0,Satisfactory,2016-04-28,Satisfactory,103.28571428571429
Bengaluru,2016-04-29,48.78,58.28,5.64,23.05,16.42,17.12,0.67,4.34,47.83,8.11,5.52,,88.0,Satisfactory,2016-04-29,Satisfactory,101.85714285714286
Bengaluru,2016-04-30,46.6,59.08,9.97,20.19,21.66,17.48,0.82,4.12,53.75,5.29,3.32,,86.0,Satisfactory,2016-04-30,Satisfactory,98.85714285714286
Bengaluru,2016-05-01,35.86,63.4,4.47,23.12,15.99,16.11,0.49,4.17,74.38,5.35,4.4,,87.0,Satisfactory,2016-05-01,Satisfactory,89.85714285714286
Bengaluru,2016-05-02,39.87,63.61,8.72,28.17,18.17,19.71,0.62,5.62,68.49,5.57,4.86,,99.0,Satisfactory,2016-05-02,Satisfactory,90.57142857142857
Bengaluru,2016-05-03,40.79,63.42,6.61,43.48,25.98,20.1,0.6,4.37,46.14,4.44,7.41,,80.0,Satisfactory,2016-05-03,Satisfactory,89.85714285714286
Bengaluru,2016-05-04,57.96,56.57,4.08,32.02,18.21,16.71,0.55,4.58,45.77,3.68,5.24,,102.0,Moderate,2016-05-04,Moderate,88.0
Bengaluru,2016-05-05,46.0,58.14,13.5,34.28,24.08,17.66,0.66,7.17,40.96,6.79,6.71,,76.0,Satisfactory,2016-05-05,Satisfactory,88.28571428571429
Bengaluru,2016-05-06,23.99,35.12,2.85,19.03,11.43,16.79,1.15,4.1,95.21,1.74,2.88,,59.0,Satisfactory,2016-05-06,Satisfactory,84.14285714285714
Bengaluru,2016-05-07,27.21,44.02,26.89,34.02,34.92,17.82,0.69,3.15,53.32,2.45,5.18,,67.0,Satisfactory,2016-05-07,Satisfactory,81.42857142857143
Bengaluru,2016-05-08,26.43,42.02,69.97,75.84,64.74,16.68,0.6,2.89,52.09,1.77,4.01,,107.0,Moderate,2016-05-08,Moderate,84.28571428571429
Bengaluru,2016-05-09,20.46,34.82,6.44,26.1,15.86,16.5,0.6,3.66,58.13,3.77,5.69,,95.0,Satisfactory,2016-05-09,Satisfactory,83.71428571428571
Bengaluru,2016-05-10,32.5,230.2,5.74,20.91,14.43,16.75,0.99,4.01,50.62,2.74,6.69,,72.0,Satisfactory,2016-05-10,Satisfactory,82.57142857142857
Bengaluru,2016-05-11,57.81,50.58,4.39,12.56,8.77,16.13,0.88,3.11,45.59,2.98,6.78,,91.0,Satisfactory,2016-05-11,Satisfactory,81.0
Bengaluru,2016-05-12,31.19,54.8,7.37,14.44,13.47,19.08,0.67,3.77,54.95,2.79,7.96,,88.0,Satisfactory,2016-05-12,Satisfactory,82.71428571428571
Bengaluru,2016-05-13,34.06,45.82,5.54,10.89,8.46,23.06,0.72,4.08,70.86,3.24,5.73,,86.0,Satisfactory,2016-05-13,Satisfactory,86.57142857142857
Bengaluru,2016-05-14,33.05,52.87,22.08,31.46,28.58,,0.61,2.78,53.86,3.5,5.65,,78.0,Satisfactory,2016-05-14,Satisfactory,88.14285714285714
Bengaluru,2016-05-15,28.39,46.27,4.27,11.86,9.25,,0.46,2.94,41.46,2.06,3.53,,65.0,Satisfactory,2016-05-15,Satisfactory,82.14285714285714
Bengaluru,2016-05-16,27.01,39.39,6.67,18.35,15.54,19.96,0.91,4.16,22.93,3.3,3.76,,50.0,Good,2016-05-16,Good,75.71428571428571
Bengaluru,2016-05-17,36.67,42.55,5.28,21.65,15.22,11.28,0.61,3.71,20.18,2.48,4.97,,74.0,Satisfactory,2016-05-17,Satisfactory,76.0
Bengaluru,2016-05-18,27.51,41.15,11.01,23.46,20.58,36.19,0.47,5.04,20.14,2.43,7.06,,47.0,Good,2016-05-18,Good,69.71428571428571
Bengaluru,2016-05-19,28.47,29.97,2.66,5.53,4.62,7.22,0.56,4.42,32.59,1.54,2.92,,46.0,Good,2016-05-19,Good,63.714285714285715
Bengaluru,2016-05-20,22.27,33.48,2.09,10.54,6.35,7.84,0.52,3.81,30.79,1.32,3.34,,48.0,Good,2016-05-20,Good,58.285714285714285
Bengaluru,2016-05-21,42.52,41.96,1.96,8.91,5.78,8.66,0.42,4.46,29.76,1.35,3.81,,35.0,Good,2016-05-21,Good,52.142857142857146
Bengaluru,2016-05-22,152.94,43.16,1.41,9.86,5.87,9.56,1.08,3.36,27.96,1.99,12.03,,83.0,Satisfactory,2016-05-22,Satisfactory,54.714285714285715
Bengaluru,2016-05-23,28.65,52.72,1.84,11.01,6.74,9.71,0.78,3.91,32.6,2.03,5.53,,173.0,Moderate,2016-05-23,Moderate,72.28571428571429
Bengaluru,2016-05-24,25.75,40.98,1.55,6.83,4.57,10.37,0.42,4.91,31.86,1.28,3.75,,50.0,Good,2016-05-24,Good,68.85714285714286
Bengaluru,2016-05-25,27.455,32.45,2.12,8.52,5.85,24.05,0.43,5.53,,,1.29,,37.0,Good,2016-05-25,Good,67.42857142857143
Bengaluru,2016-05-26,29.16,34.84,1.87,8.02,5.43,21.54,0.49,7.0,,,1.23,,33.0,Good,2016-05-26,Good,65.57142857142857
Bengaluru,2016-05-27,30.865,39.88,1.78,7.12,4.86,21.52,0.43,5.81,,,1.14,,38.0,Good,2016-05-27,Good,64.14285714285714
Bengaluru,2016-05-28,32.57,36.26,1.82,7.81,5.28,21.36,0.43,4.2,,,1.15,,38.0,Good,2016-05-28,Good,64.57142857142857
Bengaluru,2016-05-29,34.275,19.21,1.69,7.3,4.9,17.98,0.49,2.55,,,1.19,,27.0,Good,2016-05-29,Good,56.57142857142857
Bengaluru,2016-05-30,35.98,29.59,3.03,14.57,9.75,30.8,0.76,4.5,,,1.93,,26.0,Good,2016-05-30,Good,35.57142857142857
Bengaluru,2016-05-31,27.6,32.09,5.0,25.1,16.73,56.94,0.65,4.83,,,1.64,,47.0,Good,2016-05-31,Good,35.142857142857146
Bengaluru,2016-06-01,17.15,26.07,4.41,31.6,19.55,75.14,0.4,4.74,,,1.58,,49.0,Good,2016-06-01,Good,36.857142857142854
Bengaluru,2016-06-02,17.71,21.58,3.79,18.64,12.31,29.71,0.43,2.68,,,1.14,,43.0,Good,2016-06-02,Good,38.285714285714285
Bengaluru,2016-06-03,18.86642857142857,33.69,2.59,10.15,6.67,,0.39,1.9,,,,,29.0,Good,2016-06-03,Good,37.0
Bengaluru,2016-06-04,20.022857142857145,28.67,2.41,10.81,6.86,,0.41,2.15,,,,,30.0,Good,2016-06-04,Good,35.857142857142854
Bengaluru,2016-06-05,21.179285714285715,32.38,2.18,9.08,5.85,,0.36,2.18,,,,,33.0,Good,2016-06-05,Good,36.714285714285715
Bengaluru,2016-06-06,22.335714285714285,21.86,2.14,8.56,5.56,,0.33,1.82,,,,,26.0,Good,2016-06-06,Good,36.714285714285715
Bengaluru,2016-06-07,23.49214285714286,20.31,2.6,11.68,7.43,,0.36,1.69,,,,,23.0,Good,2016-06-07,Good,33.285714285714285
Bengaluru,2016-06-08,24.64857142857143,19.38,2.25,9.28,5.99,,0.34,2.24,,,,,20.0,Good,2016-06-08,Good,29.142857142857142
Bengaluru,2016-06-10,25.805,19.97,2.3,10.05,6.41,,0.37,2.28,,,,,20.0,Good,2016-06-10,Good,25.857142857142858
Bengaluru,2016-06-17,33.9,48.51,5.99,18.94,14.16,38.77,0.97,3.39,14.93,1.75,9.06,,28.0,Good,2016-06-17,Good,25.714285714285715
Bengaluru,2016-06-18,31.98,80.7,7.93,20.46,17.06,34.41,3.8,4.05,9.69,1.59,4.16,,156.0,Moderate,2016-06-18,Moderate,43.714285714285715
Bengaluru,2016-06-19,26.77,105.43,6.42,15.29,10.44,31.78,4.02,4.64,11.99,1.01,2.51,,195.0,Moderate,2016-06-19,Moderate,66.85714285714286
Bengaluru,2016-06-20,27.61,72.63,9.28,21.69,16.62,37.12,2.12,4.5,10.92,1.16,1.58,,137.0,Moderate,2016-06-20,Moderate,82.71428571428571
Bengaluru,2016-06-21,28.24,194.62,6.57,15.81,14.49,36.79,0.47,7.48,,,0.4,,71.0,Satisfactory,2016-06-21,Satisfactory,89.57142857142857
Bengaluru,2016-06-22,29.83,23.86,5.48,17.61,12.97,32.55,0.33,1.79,31.87,1.57,2.94,,77.0,Satisfactory,2016-06-22,Satisfactory,97.71428571428571
Bengaluru,2016-06-23,19.0,15.46,3.39,16.91,9.84,32.35,1.61,1.9,53.33,1.11,2.73,,143.0,Moderate,2016-06-23,Moderate,115.28571428571429
Bengaluru,2016-06-24,15.04,23.51,3.91,17.15,9.58,30.59,5.43,1.73,65.62,0.95,1.96,,181.0,Moderate,2016-06-24,Moderate,137.14285714285714
Bengaluru,2016-06-25,15.79,36.215,,21.65,,,,,,,,,31.0,Good,2016-06-25,Good,119.28571428571429
Bengaluru,2016-06-27,16.54,48.92,9.12,26.15,19.61,43.21,3.02,2.1,45.27,1.27,2.65,,33.0,Good,2016-06-27,Good,96.14285714285714
Bengaluru,2016-06-28,27.23,34.13,8.54,23.71,21.32,45.56,3.63,1.87,38.45,1.08,2.2,,151.0,Moderate,2016-06-28,Moderate,98.14285714285714
Bengaluru,2016-06-29,115.98,17.1,8.59,24.19,19.33,44.18,2.48,1.58,39.09,0.97,2.58,,174.0,Moderate,2016-06-29,Moderate,112.85714285714286
Bengaluru,2016-06-30,13.95,48.92,7.33,20.42,16.49,37.66,3.55,1.86,39.53,0.95,1.91,,154.0,Moderate,2016-06-30,Moderate,123.85714285714286
Bengaluru,2016-07-01,25.0,35.36,5.42,19.59,17.99,41.94,5.62,1.26,44.86,0.87,1.8,,208.0,Poor,2016-07-01,Poor,133.14285714285714
Bengaluru,2016-07-02,31.8,9.93,3.27,15.96,10.19,35.09,6.28,1.1,51.84,0.79,2.05,,192.0,Moderate,2016-07-02,Moderate,134.71428571428572
Bengaluru,2016-07-03,17.36,30.52,10.96,20.82,16.04,29.15,7.87,1.54,42.29,0.77,2.03,,238.0,Poor,2016-07-03,Poor,164.28571428571428
Bengaluru,2016-07-04,19.4,112.27,12.8,23.11,19.0,32.37,4.04,1.86,33.37,1.07,2.26,,160.0,Moderate,2016-07-04,Moderate,182.42857142857142
Bengaluru,2016-07-05,18.36,57.25,10.01,19.9,17.76,31.94,2.27,2.18,35.67,0.53,0.53,,83.0,Satisfactory,2016-07-05,Satisfactory,172.71428571428572
Bengaluru,2016-07-06,17.26,42.66,6.0,13.18,13.25,32.42,0.42,1.77,,,0.31,,56.0,Satisfactory,2016-07-06,Satisfactory,155.85714285714286
Bengaluru,2016-07-07,15.02,33.56,3.18,13.05,11.82,35.53,1.28,2.96,,,2.09,,141.0,Moderate,2016-07-07,Moderate,154.0
Bengaluru,2016-07-08,13.006666666666666,49.66,8.12,18.6,16.82,28.85,0.57,5.22,,,0.32,,43.0,Good,2016-07-08,Good,130.42857142857142
Bengaluru,2016-07-09,10.993333333333332,51.22,7.27,15.69,14.37,28.08,0.46,4.04,,,0.31,,65.0,Satisfactory,2016-07-09,Satisfactory,112.28571428571429
Bengaluru,2016-07-10,8.98,27.9,3.12,8.98,9.0,25.57,0.38,2.23,,,0.34,,30.0,Good,2016-07-10,Good,82.57142857142857
Bengaluru,2016-07-11,35.12875,51.32,3.64,13.36,10.15,24.14,0.53,3.13,,,0.27,,40.0,Good,2016-07-11,Good,65.42857142857143
Bengaluru,2016-07-12,61.2775,41.88,3.17,11.15,8.45,17.58,1.51,3.46,,,9.14,,54.0,Satisfactory,2016-07-12,Satisfactory,61.285714285714285
Bengaluru,2016-07-13,87.42625,40.21,3.27,7.84,5.83,14.47,0.55,1.94,,,,,41.0,Good,2016-07-13,Good,59.142857142857146
Bengaluru,2016-07-14,113.575,52.13,6.23,14.43,11.43,18.34,0.61,2.89,,,,,42.0,Good,2016-07-14,Good,45.0
Bengaluru,2016-07-15,139.72375,39.43,9.54,23.36,17.74,15.33,1.48,2.96,,,38.52,,54.0,Satisfactory,2016-07-15,Satisfactory,46.57142857142857
Bengaluru,2016-07-16,165.87249999999997,33.87,13.06,33.33,25.12,,0.69,2.8,,,,,61.0,Satisfactory,2016-07-16,Satisfactory,46.0
Bengaluru,2016-07-17,192.02124999999998,42.24,10.92,20.74,17.38,12.73,0.74,1.84,,,0.0,,70.0,Satisfactory,2016-07-17,Satisfactory,51.714285714285715
Bengaluru,2016-07-18,218.17,30.53,5.39,10.49,8.64,15.8,2.63,3.62,,,15.69,,62.0,Satisfactory,2016-07-18,Satisfactory,54.857142857142854
Bengaluru,2016-07-19,55.51,25.62,4.49,10.06,10.14,18.58,5.8,2.87,,,19.31,,308.0,Very Poor,2016-07-19,Very Poor,91.14285714285714
Bengaluru,2016-07-23,39.15,56.61,11.65,20.88,17.82,,0.51,2.31,,,,,82.0,Satisfactory,2016-07-23,Satisfactory,97.0
Bengaluru,2016-07-27,22.79,77.1,6.29,3.0,7.66,15.69,,4.7,,,,,36.0,Good,2016-07-27,Good,96.14285714285714
Bengaluru,2016-07-28,17.0,97.59,10.12,10.29,12.98,15.8,0.91,1.58,,,,,36.0,Good,2016-07-28,Good,93.57142857142857
Bengaluru,2016-07-29,22.19,46.72,11.37,16.14,15.42,10.82,0.53,1.06,,,,,55.0,Satisfactory,2016-07-29,Satisfactory,92.71428571428571
Bengaluru,2016-07-30,8.74,62.96,9.58,10.3,11.75,13.48,0.47,1.28,,,,,58.0,Satisfactory,2016-07-30,Satisfactory,91.0
Bengaluru,2016-07-31,18.9,138.45,24.37,30.71,28.43,21.24,0.83,1.86,,,,,37.0,Good,2016-07-31,Good,87.42857142857143
Bengaluru,2016-08-01,17.54,69.17,39.37,30.36,20.54,2.09,0.58,2.44,,,,,72.0,Satisfactory,2016-08-01,Satisfactory,53.714285714285715
Bengaluru,2016-08-02,20.06,95.02,6.15,9.27,10.25,0.15,0.69,1.53,,,,,33.0,Good,2016-08-02,Good,46.714285714285715
Bengaluru,2016-08-03,19.91,77.41,8.17,18.42,14.77,0.68,0.63,1.63,,,,,53.0,Satisfactory,2016-08-03,Satisfactory,49.142857142857146
Bengaluru,2016-08-04,14.66,51.42,6.68,17.36,13.59,0.33,0.45,1.52,,,,,64.0,Satisfactory,2016-08-04,Satisfactory,53.142857142857146
Bengaluru,2016-08-12,25.09,66.62666666666667,5.21,8.97,6.48,40.88,45.96,1.24,16.55,1.44,4.18,,46.0,Good,2016-08-12,Good,51.857142857142854
Bengaluru,2016-08-13,21.94,81.83333333333334,5.07,8.83,7.15,40.67,47.93,1.37,18.87,1.29,1.75,,37.0,Good,2016-08-13,Good,48.857142857142854
Bengaluru,2016-08-14,21.57,97.04,5.63,14.87,7.1,40.59,3.59,1.75,19.82,4.29,2.84,,38.0,Good,2016-08-14,Good,49.0
Bengaluru,2016-08-15,14.38,61.19,4.9,12.56,6.76,40.86,3.34,2.31,21.54,,1.08,,49.0,Good,2016-08-15,Good,45.714285714285715
Bengaluru,2016-08-16,101.09,55.19,5.23,12.41,7.33,40.69,0.56,3.03,20.49,,,,71.0,Satisfactory,2016-08-16,Satisfactory,51.142857142857146
Bengaluru,2016-08-17,33.05,83.6,6.58,16.2,5.75,40.91,1.59,2.63,20.28,,,,229.0,Poor,2016-08-17,Poor,76.28571428571429
Bengaluru,2016-08-18,39.14,63.13,4.93,15.46,4.7,40.66,0.52,2.72,21.74,,,,68.0,Satisfactory,2016-08-18,Satisfactory,76.85714285714286
Bengaluru,2016-08-19,41.43,18.46,5.95,18.34,1.75,40.69,0.47,2.87,26.26,,4.08,,64.0,Satisfactory,2016-08-19,Satisfactory,79.42857142857143
Bengaluru,2016-08-20,100.39,13.98,5.88,21.01,1.98,40.31,0.49,3.66,26.14,,,,62.0,Satisfactory,2016-08-20,Satisfactory,83.0
Bengaluru,2016-08-21,56.45,11.73,4.82,17.24,3.35,40.82,0.41,2.72,28.1,,,,66.0,Satisfactory,2016-08-21,Satisfactory,87.0
Bengaluru,2016-08-22,35.4,29.35,4.85,15.82,2.91,40.19,0.22,2.88,22.79,,,,45.0,Good,2016-08-22,Good,86.42857142857143
Bengaluru,2016-08-23,43.43,77.31,4.74,16.31,3.97,40.51,0.38,3.06,25.25,,,,66.0,Satisfactory,2016-08-23,Satisfactory,85.71428571428571
Bengaluru,2016-08-24,34.99,73.18,4.35,17.43,2.31,40.31,0.41,3.13,23.74,,,,71.0,Satisfactory,2016-08-24,Satisfactory,63.142857142857146
Bengaluru,2016-08-25,15.02,62.79,3.54,18.74,0.59,41.23,0.59,4.94,26.6,,,,75.0,Satisfactory,2016-08-25,Satisfactory,64.14285714285714
Bengaluru,2016-08-26,29.31,51.59,4.63,23.2,0.47,40.74,0.39,3.39,25.06,,,,62.0,Satisfactory,2016-08-26,Satisfactory,63.857142857142854
Bengaluru,2016-08-27,19.65,66.91,4.85,22.46,2.32,40.27,0.55,3.66,25.17,,4.16,,77.0,Satisfactory,2016-08-27,Satisfactory,66.0
Bengaluru,2016-08-28,6.82,58.75,49.24,42.15,2.75,39.99,0.31,4.72,34.16,,,,48.0,Good,2016-08-28,Good,63.42857142857143
Bengaluru,2016-08-29,27.16,59.6,4.61,20.93,4.15,40.64,0.77,4.62,28.48,1.94,26.35,,47.0,Good,2016-08-29,Good,63.714285714285715
Bengaluru,2016-08-30,27.9,33.7,5.05,20.47,5.14,40.42,0.38,3.08,21.22,,,,57.0,Satisfactory,2016-08-30,Satisfactory,62.42857142857143
Bengaluru,2016-08-31,35.17,51.69,3.61,19.08,2.06,40.41,0.42,3.7,20.34,10.7,68.02,,49.0,Good,2016-08-31,Good,59.285714285714285
Bengaluru,2016-09-01,37.57,46.28,4.82,22.32,2.61,40.49,0.48,3.72,21.4,,4.53,,57.0,Satisfactory,2016-09-01,Satisfactory,56.714285714285715
Bengaluru,2016-09-02,23.25,72.41,4.13,21.96,0.67,40.36,0.48,4.45,22.36,,,,74.0,Satisfactory,2016-09-02,Satisfactory,58.42857142857143
Bengaluru,2016-09-03,31.08,74.7,4.38,19.42,4.38,40.4,0.51,2.9,24.83,,,,68.0,Satisfactory,2016-09-03,Satisfactory,57.142857142857146
Bengaluru,2016-09-04,37.35,59.38,3.16,20.08,1.91,40.42,0.38,2.33,22.29,,,,71.0,Satisfactory,2016-09-04,Satisfactory,60.42857142857143
Bengaluru,2016-09-05,22.49,51.96,2.72,25.1,1.07,40.48,0.3,2.78,23.62,,,,55.0,Satisfactory,2016-09-05,Satisfactory,61.57142857142857
Bengaluru,2016-09-06,37.14,64.32,4.29,32.8,2.76,40.36,0.43,2.93,22.96,,1.3,,59.0,Satisfactory,2016-09-06,Satisfactory,61.857142857142854
Bengaluru,2016-09-07,28.89,53.47,3.55,40.9,4.13,40.83,0.53,2.85,24.81,,,,60.0,Satisfactory,2016-09-07,Satisfactory,63.42857142857143
Bengaluru,2016-09-08,28.25,65.4,12.9,59.8,2.51,40.73,0.5,2.61,29.82,,,,55.0,Satisfactory,2016-09-08,Satisfactory,63.142857142857146
Bengaluru,2016-09-09,36.1,55.92,8.49,40.18,0.0,,0.4,3.09,22.77,0.9,0.57,,68.0,Satisfactory,2016-09-09,Satisfactory,62.285714285714285
Bengaluru,2016-09-10,43.95,68.24,4.78,19.99,1.38,104.81,0.57,3.55,28.99,0.95,2.47,,84.0,Satisfactory,2016-09-10,Satisfactory,64.57142857142857
Bengaluru,2016-09-11,24.72,57.37,4.12,21.18,0.0,43.84,0.36,3.77,22.02,0.47,0.26,,64.0,Satisfactory,2016-09-11,Satisfactory,63.57142857142857
Bengaluru,2016-09-12,23.88,62.86,5.69,16.07,0.0,,0.36,5.42,31.99,0.99,0.36,,60.0,Satisfactory,2016-09-12,Satisfactory,64.28571428571429
Bengaluru,2016-09-13,23.04,48.92,5.23,12.98,1.43,43.25,0.41,9.3,44.94,0.77,0.17,,60.0,Satisfactory,2016-09-13,Satisfactory,64.42857142857143
Bengaluru,2016-09-14,13.59,45.66,3.62,21.47,2.35,43.42,0.52,2.96,36.66,0.59,0.26,,60.0,Satisfactory,2016-09-14,Satisfactory,64.42857142857143
Bengaluru,2016-09-15,11.1,41.09,8.1,29.29,18.5,39.83,0.97,3.76,39.12,0.56,6.38,,74.0,Satisfactory,2016-09-15,Satisfactory,67.14285714285714
Bengaluru,2016-09-16,32.23,57.94,10.28,32.53,65.31,13.14,0.89,7.68,22.05,0.34,2.14,,66.0,Satisfactory,2016-09-16,Satisfactory,66.85714285714286
Bengaluru,2016-09-17,41.01,79.93,8.32,25.42,5.5,5.14,0.8,4.59,36.26,0.67,0.27,,70.0,Satisfactory,2016-09-17,Satisfactory,64.85714285714286
Bengaluru,2016-09-18,30.9,80.19,7.57,33.55,0.0,,0.51,4.13,16.27,0.81,0.35,,78.0,Satisfactory,2016-09-18,Satisfactory,66.85714285714286
Bengaluru,2016-09-19,26.31,49.89,4.44,30.0,12.86,24.8,0.25,3.38,19.1,0.82,0.36,,58.0,Satisfactory,2016-09-19,Satisfactory,66.57142857142857
Bengaluru,2016-09-20,32.98,44.55,4.23,26.31,12.71,30.77,0.2,4.3,16.09,0.81,0.35,,47.0,Good,2016-09-20,Good,64.71428571428571
Bengaluru,2016-09-21,43.4,33.79,4.89,26.08,8.49,55.78,0.38,5.07,17.18,1.0,0.39,,40.0,Good,2016-09-21,Good,61.857142857142854
Bengaluru,2016-09-22,32.46,52.66,4.99,23.58,11.01,35.92,0.52,4.53,22.04,1.96,4.97,,58.0,Satisfactory,2016-09-22,Satisfactory,59.57142857142857
Bengaluru,2016-09-23,26.6,103.69,6.32,21.48,8.74,120.07,0.46,5.37,16.37,5.2,1.46,,76.0,Satisfactory,2016-09-23,Satisfactory,61.0
Bengaluru,2016-09-24,39.41,102.24,7.88,29.0,10.48,84.68,0.52,3.87,10.98,0.5,2.27,,102.0,Moderate,2016-09-24,Moderate,65.57142857142857
Bengaluru,2016-09-25,10.22,131.33,5.23,33.14,0.0,,0.43,4.44,10.45,0.44,1.5,,84.0,Satisfactory,2016-09-25,Satisfactory,66.42857142857143
Bengaluru,2016-09-26,16.88,116.82,4.73,33.42,2.93,49.59,0.71,4.02,13.28,0.66,3.4,,90.0,Satisfactory,2016-09-26,Satisfactory,71.0
Bengaluru,2016-09-27,17.1,105.03,4.98,30.5,0.0,,0.64,4.07,14.12,0.68,2.88,,85.0,Satisfactory,2016-09-27,Satisfactory,76.42857142857143
Bengaluru,2016-09-28,46.14,95.12,5.1,26.83,18.81,28.28,1.08,5.66,14.51,0.89,4.03,,83.0,Satisfactory,2016-09-28,Satisfactory,82.57142857142857
Bengaluru,2016-09-29,55.24,71.0,5.51,26.2,25.54,36.38,1.13,4.08,15.05,0.66,2.89,,114.0,Moderate,2016-09-29,Moderate,90.57142857142857
Bengaluru,2016-09-30,75.42,121.03,3.75,17.34,6.51,55.12,0.46,4.5,31.09,0.4,1.68,,150.0,Moderate,2016-09-30,Moderate,101.14285714285714
Bengaluru,2016-10-01,65.16,100.91,8.31,22.49,4.41,55.14,0.51,4.53,,,,,124.0,Moderate,2016-10-01,Moderate,104.28571428571429
Bengaluru,2016-10-02,66.96333333333332,102.73,14.91,30.02,0.0,,0.61,4.77,,,,,104.0,Moderate,2016-10-02,Moderate,107.14285714285714
Bengaluru,2016-10-03,68.76666666666667,122.73,12.34,29.19,0.0,,0.51,4.42,,,,,114.0,Moderate,2016-10-03,Moderate,110.57142857142857
Bengaluru,2016-10-04,70.57,112.72,7.54,24.24,6.39,55.41,0.49,4.57,,,,,111.0,Moderate,2016-10-04,Moderate,114.28571428571429
Bengaluru,2016-10-05,69.14,94.23,10.26,20.54,4.73,56.1,1.45,8.5,,,8.39,,101.0,Moderate,2016-10-05,Moderate,116.85714285714286
Bengaluru,2016-10-06,54.75,81.36,8.6,20.33,7.29,55.42,0.55,10.84,,,,,89.0,Satisfactory,2016-10-06,Satisfactory,113.28571428571429
Bengaluru,2016-10-07,41.7,139.73,11.37,24.67,5.86,55.17,0.73,4.57,,,,,103.0,Moderate,2016-10-07,Moderate,106.57142857142857
Bengaluru,2016-10-08,27.31,91.1,10.57,25.65,5.49,38.9,0.56,4.59,23.0,0.33,1.18,,91.0,Satisfactory,2016-10-08,Satisfactory,101.85714285714286
Bengaluru,2016-10-09,13.51,85.18,7.51,27.68,3.9,15.05,1.11,4.26,15.26,0.33,0.93,,83.0,Satisfactory,2016-10-09,Satisfactory,98.85714285714286
Bengaluru,2016-10-10,18.96,72.83,6.87,26.66,4.02,15.09,0.85,4.12,14.68,0.32,0.97,,129.0,Moderate,2016-10-10,Moderate,101.0
Bengaluru,2016-10-11,14.61,70.21,6.43,24.16,5.29,15.11,0.73,3.97,15.67,0.36,1.42,,78.0,Satisfactory,2016-10-11,Satisfactory,96.28571428571429
Bengaluru,2016-10-12,21.3,74.85,9.64,28.0,4.89,15.12,1.08,4.5,15.17,0.6,2.55,,75.0,Satisfactory,2016-10-12,Satisfactory,92.57142857142857
Bengaluru,2016-10-13,25.15,66.38,14.37,31.42,4.02,15.12,1.97,3.65,12.04,0.38,1.37,,141.0,Moderate,2016-10-13,Moderate,100.0
Bengaluru,2016-10-14,24.23,110.24,9.0,25.35,6.19,15.13,0.51,4.65,13.14,,1.12,,69.0,Satisfactory,2016-10-14,Satisfactory,95.14285714285714
Bengaluru,2016-10-15,35.18,154.1,18.71,39.16,3.44,15.02,0.2,4.22,21.95,,1.05,,58.0,Satisfactory,2016-10-15,Satisfactory,90.42857142857143
Bengaluru,2016-10-16,32.41,155.04,20.35,47.09,0.0,,0.0,7.07,23.11,,,,73.0,Satisfactory,2016-10-16,Satisfactory,89.0
Bengaluru,2016-10-17,56.36,182.16,16.27,38.07,6.79,14.45,0.52,6.24,4.68,,1.07,,85.0,Satisfactory,2016-10-17,Satisfactory,82.71428571428571
Bengaluru,2016-10-18,53.43,180.64,15.26,33.94,7.55,14.91,0.73,7.21,,,1.16,,183.0,Moderate,2016-10-18,Moderate,97.71428571428571
Bengaluru,2016-10-19,44.05,191.47,17.12,35.85,0.0,,0.0,6.02,41.74,1.57,4.94,,85.0,Satisfactory,2016-10-19,Satisfactory,99.14285714285714
Bengaluru,2016-10-20,62.36,181.92,16.5,38.24,3.31,15.14,0.37,6.46,23.58,2.63,3.25,,75.0,Satisfactory,2016-10-20,Satisfactory,89.71428571428571
Bengaluru,2016-10-21,62.74,191.9,16.25,35.42,9.55,19.99,1.12,8.07,23.86,2.87,0.91,,132.0,Moderate,2016-10-21,Moderate,98.71428571428571
Bengaluru,2016-10-22,97.17,195.61,15.42,33.75,9.13,39.56,0.75,10.52,10.54,3.28,0.54,,176.0,Moderate,2016-10-22,Moderate,115.57142857142857
Bengaluru,2016-10-23,67.85,184.81,17.7,38.05,8.52,24.4,1.2,7.36,31.08,3.12,1.78,,184.0,Moderate,2016-10-23,Moderate,131.42857142857142
Bengaluru,2016-10-24,58.78,179.79,17.97,41.96,6.73,23.24,1.18,9.87,22.16,1.38,2.0,,127.0,Moderate,2016-10-24,Moderate,137.42857142857142
Bengaluru,2016-10-25,80.99,224.1,14.17,36.1,11.88,33.13,1.64,8.46,22.28,1.25,2.84,,163.0,Moderate,2016-10-25,Moderate,134.57142857142858
Bengaluru,2016-10-26,68.17,116.92,8.27,44.78,18.86,40.67,1.16,4.9,25.13,1.07,1.84,,164.0,Moderate,2016-10-26,Moderate,145.85714285714286
Bengaluru,2016-10-27,59.61,137.68,8.04,46.57,16.72,37.52,0.83,4.28,29.54,1.01,1.44,,132.0,Moderate,2016-10-27,Moderate,154.0
Bengaluru,2016-10-28,62.38,123.91,12.29,46.43,15.06,34.9,0.8,9.04,44.86,0.65,1.39,,116.0,Moderate,2016-10-28,Moderate,151.71428571428572
Bengaluru,2016-10-29,78.74,130.99,10.07,44.4,13.2,35.3,3.1,4.31,45.04,1.07,1.94,,174.0,Moderate,2016-10-29,Moderate,151.42857142857142
Bengaluru,2016-10-30,60.79,130.15,9.82,38.53,10.08,41.04,2.97,3.75,23.8,1.77,4.15,,188.0,Moderate,2016-10-30,Moderate,152.0
Bengaluru,2016-10-31,36.92,95.71,13.39,34.8,6.17,38.42,0.55,4.92,21.69,0.47,1.31,,88.0,Satisfactory,2016-10-31,Satisfactory,146.42857142857142
Bengaluru,2016-11-01,21.2,118.95499999999998,3.94,30.89,4.5,37.58,0.28,5.34,16.2,0.47,1.38,,51.0,Satisfactory,2016-11-01,Satisfactory,130.42857142857142
Bengaluru,2016-11-02,31.26,142.2,16.42,39.54,3.64,36.28,0.42,3.29,26.39,0.93,2.07,,57.0,Satisfactory,2016-11-02,Satisfactory,115.14285714285714
Bengaluru,2016-11-03,34.79,111.6,22.62,41.17,7.45,37.76,1.37,2.49,25.26,0.69,3.73,,82.0,Satisfactory,2016-11-03,Satisfactory,108.0
Bengaluru,2016-11-04,55.92,118.8,12.26,37.52,14.38,36.05,0.85,4.84,30.68,1.81,3.24,,88.0,Satisfactory,2016-11-04,Satisfactory,104.0
Bengaluru,2016-11-05,55.03,117.02,8.25,29.98,0.0,28.78,1.16,4.69,34.67,2.3,3.01,,111.0,Moderate,2016-11-05,Moderate,95.0
Bengaluru,2016-11-06,41.23,69.46,2.8,27.4,0.0,27.28,0.7,3.85,37.6,1.9,2.37,,90.0,Satisfactory,2016-11-06,Satisfactory,81.0
Bengaluru,2016-11-07,43.91,100.27,3.56,31.23,0.0,29.92,0.83,2.83,36.94,1.63,2.44,,78.0,Satisfactory,2016-11-07,Satisfactory,79.57142857142857
Bengaluru,2016-11-08,52.08,109.02,8.9,32.63,6.48,29.57,0.83,6.29,37.14,1.28,2.0,,94.0,Satisfactory,2016-11-08,Satisfactory,85.71428571428571
Bengaluru,2016-11-09,46.94,120.41,7.62,28.38,0.0,28.86,0.62,5.16,46.92,1.16,2.21,,95.0,Satisfactory,2016-11-09,Satisfactory,91.14285714285714
Bengaluru,2016-11-10,49.03,130.54,8.22,30.8,0.0,27.67,0.76,6.34,62.56,1.44,2.65,,112.0,Moderate,2016-11-10,Moderate,95.42857142857143
Bengaluru,2016-11-11,57.78,150.94,10.46,41.03,0.0,29.6,0.73,7.64,71.14,1.39,2.11,,124.0,Moderate,2016-11-11,Moderate,100.57142857142857
Bengaluru,2016-11-12,52.72,127.44,7.61,37.57,0.0,30.49,0.72,8.28,77.53,1.02,1.64,,122.0,Moderate,2016-11-12,Moderate,102.14285714285714
Bengaluru,2016-11-13,38.42,121.18,10.83,38.81,0.0,39.82,0.63,4.93,57.77,0.75,1.49,,99.0,Satisfactory,2016-11-13,Satisfactory,103.42857142857143
Bengaluru,2016-11-14,29.96,82.83,10.55,36.67,0.0,31.52,0.37,5.26,14.2,0.62,1.54,,44.0,Good,2016-11-14,Good,98.57142857142857
Bengaluru,2016-11-15,27.64,56.85,7.72,25.66,0.0,14.03,0.91,5.02,15.65,0.79,1.91,,38.0,Good,2016-11-15,Good,90.57142857142857
Bengaluru,2016-11-16,35.8,130.25,10.26,25.46,0.0,24.15,1.9,5.08,22.33,0.78,4.12,,102.0,Moderate,2016-11-16,Moderate,91.57142857142857
Bengaluru,2016-11-17,40.13,133.97,11.92,34.52,0.0,34.63,0.99,2.97,48.83,0.67,1.26,,189.0,Moderate,2016-11-17,Moderate,102.57142857142857
Bengaluru,2016-11-18,43.6,135.71,8.35,30.86,0.0,24.55,0.57,2.5,56.67,0.8,1.74,,101.0,Moderate,2016-11-18,Moderate,99.28571428571429
Bengaluru,2016-11-19,48.93,151.40333333333334,3.22,26.23,0.0,24.89,0.62,2.78,45.24,1.11,2.47,,86.0,Satisfactory,2016-11-19,Satisfactory,94.14285714285714
Bengaluru,2016-11-20,42.21,167.09666666666666,4.16,38.1,0.0,,0.46,2.34,49.29,1.09,2.2,,95.0,Satisfactory,2016-11-20,Satisfactory,93.57142857142857
Bengaluru,2016-11-21,102.01,182.79,14.76,44.31,0.0,31.02,0.69,3.9,44.48,1.09,1.9,,120.0,Moderate,2016-11-21,Moderate,104.42857142857143
Bengaluru,2016-11-22,91.6,141.03,9.41,31.76,0.0,39.39,3.0,7.56,16.37,1.97,2.56,,101.0,Moderate,2016-11-22,Moderate,113.42857142857143
Bengaluru,2016-11-23,47.76,173.09,10.82,39.92,0.0,39.88,2.6,6.66,33.28,3.07,7.77,,335.0,Very Poor,2016-11-23,Very Poor,146.71428571428572
Bengaluru,2016-11-24,86.62,152.15,9.06,32.55,0.0,19.16,1.05,4.88,46.95,6.35,6.71,,140.0,Moderate,2016-11-24,Moderate,139.71428571428572
Bengaluru,2016-11-25,46.12,158.04,12.75,33.94,0.0,17.7,1.22,4.01,43.76,5.39,2.86,,133.0,Moderate,2016-11-25,Moderate,144.28571428571428
Bengaluru,2016-11-26,46.87,164.12,14.9,36.46,0.0,17.32,0.89,3.63,38.04,7.38,3.73,,113.0,Moderate,2016-11-26,Moderate,148.14285714285714
Bengaluru,2016-11-27,53.71,171.52,17.18,37.49,0.0,17.2,0.85,3.52,35.33,8.44,3.73,,117.0,Moderate,2016-11-27,Moderate,151.28571428571428
Bengaluru,2016-11-28,49.9,176.99,15.78,38.97,0.0,27.25,0.67,6.79,26.27,8.92,5.41,,124.0,Moderate,2016-11-28,Moderate,151.85714285714286
Bengaluru,2016-11-29,59.3,194.37,11.64,37.55,0.0,27.55,0.81,11.63,31.34,11.69,4.73,,120.0,Moderate,2016-11-29,Moderate,154.57142857142858
Bengaluru,2016-11-30,49.69,170.26,9.74,31.49,0.0,26.58,1.88,5.34,28.52,8.45,4.38,,160.0,Moderate,2016-11-30,Moderate,129.57142857142858
Bengaluru,2016-12-01,45.84,137.86,12.77,26.72,0.0,27.97,0.87,4.93,39.83,6.72,3.94,,114.0,Moderate,2016-12-01,Moderate,125.85714285714286
Bengaluru,2016-12-02,22.14,78.55,10.95,26.06,0.0,30.0,0.72,3.55,20.83,3.61,9.26,,103.0,Moderate,2016-12-02,Moderate,121.57142857142857
Bengaluru,2016-12-03,18.3,102.86,14.52,30.35,0.0,37.49,0.82,4.06,11.42,2.54,2.86,,67.0,Satisfactory,2016-12-03,Satisfactory,115.0
Bengaluru,2016-12-04,24.44,136.05,10.4,23.2,0.0,28.44,1.66,3.15,8.61,2.4,3.85,,125.0,Moderate,2016-12-04,Moderate,116.14285714285714
Bengaluru,2016-12-05,23.63,124.78,14.4,30.2,0.0,29.23,2.95,4.43,9.8,2.5,7.48,,209.0,Poor,2016-12-05,Poor,128.28571428571428
Bengaluru,2016-12-06,36.97,155.51,14.79,44.45,0.0,27.6,1.7,3.0,15.37,3.56,5.03,,200.0,Moderate,2016-12-06,Moderate,139.71428571428572
Bengaluru,2016-12-07,40.72,132.73,14.55,44.74,0.0,26.04,0.65,3.63,20.32,4.71,2.45,,101.0,Moderate,2016-12-07,Moderate,131.28571428571428
Bengaluru,2016-12-08,32.59,128.54,15.8,43.67,0.0,26.6,0.69,5.58,16.42,3.78,2.55,,85.0,Satisfactory,2016-12-08,Satisfactory,127.14285714285714
Bengaluru,2016-12-09,44.96,135.0,10.65,40.56,0.0,24.42,1.19,6.68,13.5,3.79,4.98,,163.0,Moderate,2016-12-09,Moderate,135.71428571428572
Bengaluru,2016-12-10,30.37,124.8,7.35,37.24,0.0,24.0,0.46,3.47,6.73,5.57,5.58,,75.0,Satisfactory,2016-12-10,Satisfactory,136.85714285714286
Bengaluru,2016-12-11,24.98,138.06,10.07,42.15,0.0,32.37,1.76,8.15,8.43,4.45,4.65,,132.0,Moderate,2016-12-11,Moderate,137.85714285714286
Bengaluru,2016-12-12,42.19,131.75,4.07,25.22,0.0,28.36,1.46,6.85,22.58,1.85,1.74,,119.0,Moderate,2016-12-12,Moderate,125.0
Bengaluru,2016-12-13,204.25,156.315,1.55,22.25,0.0,37.1,0.97,7.88,18.31,1.23,2.05,,342.0,Very Poor,2016-12-13,Very Poor,145.28571428571428
Bengaluru,2016-12-14,30.72,180.88,8.36,23.41,0.0,25.14,0.54,2.62,22.5,1.8,2.04,,104.0,Moderate,2016-12-14,Moderate,145.71428571428572
Bengaluru,2016-12-15,28.47,142.64,14.16,37.05,0.0,27.42,1.15,3.72,12.13,1.86,3.39,,93.0,Satisfactory,2016-12-15,Satisfactory,146.85714285714286
Bengaluru,2016-12-16,34.57,137.45,14.64,37.38,0.0,36.2,1.39,4.25,7.08,2.58,3.04,,134.0,Moderate,2016-12-16,Moderate,142.71428571428572
Bengaluru,2016-12-17,36.97,143.58,8.67,38.93,0.0,23.44,1.63,4.35,13.37,2.78,5.85,,103.0,Moderate,2016-12-17,Moderate,146.71428571428572
Bengaluru,2016-12-18,35.21,130.91,7.48,40.15,0.0,28.81,0.79,4.81,26.23,2.87,5.5,,90.0,Satisfactory,2016-12-18,Satisfactory,140.71428571428572
Bengaluru,2016-12-19,37.8,144.73,8.19,40.9,0.0,20.01,0.73,4.27,25.9,2.82,5.5,,97.0,Satisfactory,2016-12-19,Satisfactory,137.57142857142858
Bengaluru,2016-12-20,19.09,121.19,6.35,35.67,0.0,18.42,0.71,3.75,18.88,2.96,4.76,,93.0,Satisfactory,2016-12-20,Satisfactory,102.0
Bengaluru,2016-12-21,19.68,99.9,6.17,24.18,0.0,16.41,0.46,4.19,16.53,3.26,4.52,,74.0,Satisfactory,2016-12-21,Satisfactory,97.71428571428571
Bengaluru,2016-12-22,39.64,176.96,7.26,30.67,0.0,17.54,0.28,4.74,28.61,4.78,7.43,,75.0,Satisfactory,2016-12-22,Satisfactory,95.14285714285714
Bengaluru,2016-12-23,43.67,150.64,15.23,72.51,0.0,17.39,0.74,7.81,37.75,9.07,13.98,,100.0,Satisfactory,2016-12-23,Satisfactory,90.28571428571429
Bengaluru,2016-12-24,57.79,141.76,14.19,79.24,0.0,18.3,0.62,7.79,11.26,7.52,5.94,,112.0,Moderate,2016-12-24,Moderate,91.57142857142857
Bengaluru,2016-12-25,39.11,145.35,5.4,46.39,0.0,17.31,0.71,4.93,52.62,3.93,3.64,,114.0,Moderate,2016-12-25,Moderate,95.0
Bengaluru,2016-12-26,34.02,121.66,7.15,49.47,0.0,17.08,0.84,5.17,34.44,3.63,4.39,,104.0,Moderate,2016-12-26,Moderate,96.0
Bengaluru,2016-12-27,53.5,111.09,5.22,41.33,0.0,16.9,0.7,7.04,23.74,3.94,3.79,,90.0,Satisfactory,2016-12-27,Satisfactory,95.57142857142857
Bengaluru,2016-12-28,38.53,80.87,2.34,20.7,0.0,17.07,0.2,4.32,17.27,3.16,2.63,,84.0,Satisfactory,2016-12-28,Satisfactory,97.0
Bengaluru,2016-12-29,44.9,112.78,7.43,30.07,0.0,16.91,0.46,5.6,,,,,76.0,Satisfactory,2016-12-29,Satisfactory,97.14285714285714
Bengaluru,2016-12-30,54.65,134.46,9.58,44.47,0.0,17.46,0.57,5.58,,,,,93.0,Satisfactory,2016-12-30,Satisfactory,96.14285714285714
Bengaluru,2016-12-31,40.96,128.38,9.9,47.25,0.0,17.59,0.74,4.92,41.16,2.76,2.06,,106.0,Moderate,2016-12-31,Moderate,95.28571428571429
Bengaluru,2017-01-01,20.13,105.61,7.33,42.34,0.0,,0.77,4.8,25.9,3.65,2.04,,88.0,Satisfactory,2017-01-01,Satisfactory,91.57142857142857
Bengaluru,2017-01-02,19.61,105.34,8.81,40.94,0.0,17.62,0.68,4.93,29.95,2.35,2.36,,83.0,Satisfactory,2017-01-02,Satisfactory,88.57142857142857
Bengaluru,2017-01-03,26.66,106.4,9.8,49.02,0.0,19.41,0.74,4.95,31.55,4.07,4.61,,87.0,Satisfactory,2017-01-03,Satisfactory,88.14285714285714
Bengaluru,2017-01-04,36.93,118.86,6.9,38.48,0.0,24.85,0.76,4.58,39.09,4.02,3.48,,91.0,Satisfactory,2017-01-04,Satisfactory,89.14285714285714
Bengaluru,2017-01-05,36.09,114.62,7.03,36.01,0.0,25.09,0.63,4.57,35.78,3.12,3.3,,85.0,Satisfactory,2017-01-05,Satisfactory,90.42857142857143
Bengaluru,2017-01-06,41.53,131.53,7.88,39.13,0.0,24.47,0.59,4.32,39.95,3.62,3.19,,88.0,Satisfactory,2017-01-06,Satisfactory,89.71428571428571
Bengaluru,2017-01-07,47.48,140.54,7.12,40.87,0.0,25.17,0.79,5.57,43.82,3.83,2.83,,106.0,Moderate,2017-01-07,Moderate,89.71428571428571
Bengaluru,2017-01-08,37.61,124.94,4.72,33.21,0.0,25.52,0.67,4.83,39.25,2.71,2.18,,95.0,Satisfactory,2017-01-08,Satisfactory,90.71428571428571
Bengaluru,2017-01-09,43.11,136.23,8.29,44.61,0.0,24.41,0.86,8.12,38.14,6.53,3.66,,87.0,Satisfactory,2017-01-09,Satisfactory,91.28571428571429
Bengaluru,2017-01-10,74.1,125.23,4.58,37.38,0.0,24.92,0.61,5.51,59.48,4.82,4.63,,130.0,Moderate,2017-01-10,Moderate,97.42857142857143
Bengaluru,2017-01-11,42.42,142.13,6.56,47.35,0.0,25.29,1.02,5.96,56.92,4.81,3.79,,132.0,Moderate,2017-01-11,Moderate,103.28571428571429
Bengaluru,2017-01-12,24.26,140.88,7.53,44.12,0.0,26.47,0.68,3.72,52.42,3.02,3.19,,110.0,Moderate,2017-01-12,Moderate,106.85714285714286
Bengaluru,2017-01-13,31.22,108.09,4.05,26.86,0.0,26.04,0.55,3.67,50.8,2.17,2.0,,91.0,Satisfactory,2017-01-13,Satisfactory,107.28571428571429
Bengaluru,2017-01-14,29.21,114.92,2.03,13.26,0.0,24.76,0.0,3.29,63.14,1.76,1.48,,78.0,Satisfactory,2017-01-14,Satisfactory,103.28571428571429
Bengaluru,2017-01-15,26.3,121.75000000000001,1.37,11.83,0.0,23.31,0.0,3.07,58.37,1.86,1.21,,71.0,Satisfactory,2017-01-15,Satisfactory,99.85714285714286
Bengaluru,2017-01-16,31.65,128.58,7.04,34.1,0.0,23.82,0.53,5.25,53.3,2.18,1.69,,66.0,Satisfactory,2017-01-16,Satisfactory,96.85714285714286
Bengaluru,2017-01-17,37.02,130.28,9.83,52.33,0.0,23.88,1.3,7.6,,,,,94.0,Satisfactory,2017-01-17,Satisfactory,91.71428571428571
Bengaluru,2017-01-18,39.68,111.56,7.37,47.26,0.0,22.76,0.67,6.18,,,,,117.0,Moderate,2017-01-18,Moderate,89.57142857142857
Bengaluru,2017-01-19,31.59,104.2,10.26,42.72,0.0,23.03,1.03,5.81,,,,,87.0,Satisfactory,2017-01-19,Satisfactory,86.28571428571429
Bengaluru,2017-01-20,39.92,116.54,11.78,47.16,0.0,24.05,0.6,5.54,,,,,85.0,Satisfactory,2017-01-20,Satisfactory,85.42857142857143
Bengaluru,2017-01-21,40.34,103.46,16.09,67.51,0.0,23.84,0.61,6.9,,,,,98.0,Satisfactory,2017-01-21,Satisfactory,88.28571428571429
Bengaluru,2017-01-22,44.895,102.7,17.23,76.4,0.0,,0.58,7.09,,,,,98.0,Satisfactory,2017-01-22,Satisfactory,92.14285714285714
Bengaluru,2017-01-23,49.45,125.79,16.15,67.63,0.0,22.23,0.71,6.9,,,0.0,,111.0,Moderate,2017-01-23,Moderate,98.57142857142857
Bengaluru,2017-01-24,41.55,121.2,8.58,45.39,0.0,23.95,5.28,6.23,51.39,2.05,1.58,,100.0,Satisfactory,2017-01-24,Satisfactory,99.42857142857143
Bengaluru,2017-01-25,34.96,114.94,7.97,41.5,0.0,23.3,6.42,4.81,49.67,2.57,1.42,,168.0,Moderate,2017-01-25,Moderate,106.71428571428571
Bengaluru,2017-01-26,27.04,109.75,5.55,28.01,0.0,24.99,7.32,3.67,47.81,1.7,1.05,,182.0,Moderate,2017-01-26,Moderate,120.28571428571429
Bengaluru,2017-01-27,23.36,87.39,12.36,46.38,0.0,27.95,8.19,5.81,19.01,2.07,1.46,,174.0,Moderate,2017-01-27,Moderate,133.0
Bengaluru,2017-01-28,10.26,65.08,12.63,63.82,0.0,,7.67,5.34,20.22,1.66,1.08,,210.0,Poor,2017-01-28,Poor,149.0
Bengaluru,2017-01-29,6.8,59.96,8.71,39.99,0.0,,6.65,4.24,17.63,1.27,0.87,,214.0,Poor,2017-01-29,Poor,165.57142857142858
Bengaluru,2017-01-30,31.79,83.98,10.38,40.89,0.0,24.82,7.54,4.51,34.35,1.73,1.85,,230.0,Poor,2017-01-30,Poor,182.57142857142858
Bengaluru,2017-01-31,37.81,81.51,6.94,40.55,0.0,24.8,1.55,7.85,47.14,1.45,2.19,,97.0,Satisfactory,2017-01-31,Satisfactory,182.14285714285714
Bengaluru,2017-02-01,27.42,81.76,8.06,43.93,0.0,23.83,1.87,8.57,39.53,1.53,1.85,,101.0,Moderate,2017-02-01,Moderate,172.57142857142858
Bengaluru,2017-02-02,49.35,82.75,8.73,58.2,0.0,22.26,6.34,5.18,72.53,1.27,1.7,,94.0,Satisfactory,2017-02-02,Satisfactory,160.0
Bengaluru,2017-02-03,32.16,93.4,5.83,43.39,0.0,22.29,15.93,3.37,50.44,2.59,1.84,,207.0,Poor,2017-02-03,Poor,164.71428571428572
Bengaluru,2017-02-04,32.08,101.56666666666668,1.54,19.23,0.0,22.38,14.89,3.34,60.82,2.04,1.4,,270.0,Poor,2017-02-04,Poor,173.28571428571428
Bengaluru,2017-02-05,29.93,109.73333333333333,1.63,19.93,0.0,20.54,11.68,2.93,58.61,2.48,1.55,,269.0,Poor,2017-02-05,Poor,181.14285714285714
Bengaluru,2017-02-06,32.73,117.9,7.98,45.2,0.0,21.39,15.22,4.71,60.34,3.02,2.18,,273.0,Poor,2017-02-06,Poor,187.28571428571428
Bengaluru,2017-02-07,43.1,102.65,10.78,64.19,0.0,20.74,12.47,6.59,65.58,4.88,2.15,,238.0,Poor,2017-02-07,Poor,207.42857142857142
Bengaluru,2017-02-08,41.94,91.18,6.83,45.34,0.0,20.2,9.04,7.24,64.64,4.01,5.09,,200.0,Moderate,2017-02-08,Moderate,221.57142857142858
Bengaluru,2017-02-09,38.04,103.85,6.81,45.51,0.0,21.68,0.58,6.22,12.28,3.56,5.01,,69.0,Satisfactory,2017-02-09,Satisfactory,218.0
Bengaluru,2017-02-10,36.09,102.51,6.31,41.63,0.0,20.99,0.66,7.38,13.96,3.61,3.64,,77.0,Satisfactory,2017-02-10,Satisfactory,199.42857142857142
Bengaluru,2017-02-11,29.54,93.69,8.73,51.47,0.0,21.44,1.01,5.61,41.88,2.29,2.63,,109.0,Moderate,2017-02-11,Moderate,176.42857142857142
Bengaluru,2017-02-12,27.65,81.87,10.35,57.48,0.0,22.83,0.68,5.79,43.53,3.81,4.09,,80.0,Satisfactory,2017-02-12,Satisfactory,149.42857142857142
Bengaluru,2017-02-13,30.98,71.6,9.51,44.34,0.0,23.08,0.5,5.43,,,,,59.0,Satisfactory,2017-02-13,Satisfactory,118.85714285714286
Bengaluru,2017-02-14,34.94,71.16,8.05,49.0,0.0,28.08,0.87,5.9,,,,,71.0,Satisfactory,2017-02-14,Satisfactory,95.0
Bengaluru,2017-02-15,40.41,78.71,11.32,64.96,0.0,24.68,1.08,8.65,,,,,83.0,Satisfactory,2017-02-15,Satisfactory,78.28571428571429
Bengaluru,2017-02-16,34.8,86.61,11.7,70.5,0.0,23.65,1.25,7.73,,,,,83.0,Satisfactory,2017-02-16,Satisfactory,80.28571428571429
Bengaluru,2017-02-17,47.98,114.34,9.36,70.87,0.0,22.85,1.4,10.26,,,,,95.0,Satisfactory,2017-02-17,Satisfactory,82.85714285714286
Bengaluru,2017-02-18,47.56,99.64,12.85,80.24,0.0,22.95,1.08,9.22,,,,,96.0,Satisfactory,2017-02-18,Satisfactory,81.0
Bengaluru,2017-02-19,41.4,108.35,17.34,102.78,0.0,22.5,1.13,8.57,,,,,92.0,Satisfactory,2017-02-19,Satisfactory,82.71428571428571
Bengaluru,2017-02-20,53.85,115.91,21.36,95.12,0.0,22.25,1.14,10.75,,,0.0,,90.0,Satisfactory,2017-02-20,Satisfactory,87.14285714285714
Bengaluru,2017-02-21,52.93,122.79,17.53,75.14,0.0,21.94,0.86,9.32,,,1.0,,104.0,Moderate,2017-02-21,Moderate,91.85714285714286
Bengaluru,2017-02-22,42.13,116.85,9.87,51.89,0.0,21.67,1.11,17.04,66.01,4.17,4.38,,106.0,Moderate,2017-02-22,Moderate,95.14285714285714
Bengaluru,2017-02-23,44.09,107.48,13.23,49.76,0.0,22.22,0.38,9.22,45.32,5.63,4.01,,99.0,Satisfactory,2017-02-23,Satisfactory,97.42857142857143
Bengaluru,2017-02-24,42.73,92.91,10.08,47.21,0.0,21.92,0.4,9.04,21.94,3.49,3.12,,83.0,Satisfactory,2017-02-24,Satisfactory,95.71428571428571
Bengaluru,2017-02-25,40.96,86.08,8.08,35.46,0.0,22.93,0.34,7.42,19.64,3.33,2.81,,75.0,Satisfactory,2017-02-25,Satisfactory,92.71428571428571
Bengaluru,2017-02-26,35.66,90.69,7.38,32.39,0.0,24.05,0.39,7.69,34.75,1.69,1.88,,73.0,Satisfactory,2017-02-26,Satisfactory,90.0
Bengaluru,2017-02-27,37.55,85.57,8.72,38.99,0.0,22.87,0.46,7.0,25.64,1.71,1.67,,70.0,Satisfactory,2017-02-27,Satisfactory,87.14285714285714
Bengaluru,2017-02-28,31.19,87.32,8.91,43.09,0.0,22.97,0.46,6.84,27.08,2.18,1.88,,71.0,Satisfactory,2017-02-28,Satisfactory,82.42857142857143
Bengaluru,2017-03-01,39.98,98.33,28.97,72.79,0.0,107.53,0.36,6.83,32.88,2.42,1.66,,71.0,Satisfactory,2017-03-01,Satisfactory,77.42857142857143
Bengaluru,2017-03-02,36.36,85.55,14.27,51.16,0.0,24.18,0.38,6.54,22.95,4.52,1.77,,75.0,Satisfactory,2017-03-02,Satisfactory,74.0
Bengaluru,2017-03-03,29.87,89.98,8.12,40.71,0.0,26.25,1.01,6.43,22.65,2.34,2.09,,104.0,Moderate,2017-03-03,Moderate,77.0
Bengaluru,2017-03-04,28.41,75.22,11.64,41.35,0.0,26.53,0.53,8.16,13.85,1.39,1.55,,57.0,Satisfactory,2017-03-04,Satisfactory,74.42857142857143
Bengaluru,2017-03-05,23.15,78.15,5.99,25.6,0.0,27.95,0.39,7.12,20.8,1.67,1.71,,59.0,Satisfactory,2017-03-05,Satisfactory,72.42857142857143
Bengaluru,2017-03-06,26.67,74.17,6.52,29.12,0.0,31.01,0.35,6.61,19.79,1.52,1.67,,54.0,Satisfactory,2017-03-06,Satisfactory,70.14285714285714
Bengaluru,2017-03-07,27.87,81.97,9.75,38.6,0.0,34.12,0.35,5.4,25.64,1.43,1.53,,59.0,Satisfactory,2017-03-07,Satisfactory,68.42857142857143
Bengaluru,2017-03-08,31.78,84.76,9.48,41.89,0.0,30.12,0.79,8.94,29.59,2.27,2.41,,102.0,Moderate,2017-03-08,Moderate,72.85714285714286
Bengaluru,2017-03-09,32.53,98.45,7.46,38.79,0.0,35.13,0.35,6.8,16.07,2.28,2.54,,72.0,Satisfactory,2017-03-09,Satisfactory,72.42857142857143
Bengaluru,2017-03-10,29.4,71.8,5.62,22.5,0.0,42.48,0.21,5.47,29.37,1.71,1.42,,66.0,Satisfactory,2017-03-10,Satisfactory,67.0
Bengaluru,2017-03-11,28.94,76.71,6.79,25.81,0.0,28.2,0.22,5.57,26.56,2.13,1.74,,56.0,Satisfactory,2017-03-11,Satisfactory,66.85714285714286
Bengaluru,2017-03-12,27.07,65.19,7.54,28.21,0.0,26.09,0.13,5.54,30.11,2.31,2.27,,66.0,Satisfactory,2017-03-12,Satisfactory,67.85714285714286
Bengaluru,2017-03-13,42.64,98.52,6.48,26.88,0.0,30.64,0.26,6.36,19.9,2.08,1.72,,55.0,Satisfactory,2017-03-13,Satisfactory,68.0
Bengaluru,2017-03-14,21.93,70.51,7.72,25.17,0.0,34.32,0.46,3.91,11.13,1.02,1.18,,69.0,Satisfactory,2017-03-14,Satisfactory,69.42857142857143
Bengaluru,2017-03-15,17.99,66.24,7.98,23.84,0.0,33.53,0.28,4.61,8.93,0.86,0.94,,44.0,Good,2017-03-15,Good,61.142857142857146
Bengaluru,2017-03-16,27.59,63.81,11.33,23.73,0.0,26.96,0.21,4.77,28.92,0.97,1.39,,54.0,Satisfactory,2017-03-16,Satisfactory,58.57142857142857
Bengaluru,2017-03-17,39.28,107.17,6.33,30.51,0.0,27.37,0.16,4.14,47.72,2.98,3.49,,98.0,Satisfactory,2017-03-17,Satisfactory,63.142857142857146
Bengaluru,2017-03-18,32.33,87.57,6.96,30.75,0.0,25.99,0.78,7.59,66.57,1.96,2.19,,99.0,Satisfactory,2017-03-18,Satisfactory,69.28571428571429
Bengaluru,2017-03-19,32.31,81.68,4.96,21.08,0.0,25.66,0.2,5.33,57.26,2.21,2.61,,95.0,Satisfactory,2017-03-19,Satisfactory,73.42857142857143
Bengaluru,2017-03-20,38.73,105.25,6.29,29.11,0.0,26.78,0.3,4.51,60.19,2.19,2.05,,87.0,Satisfactory,2017-03-20,Satisfactory,78.0
Bengaluru,2017-03-21,36.42,95.55,6.75,30.76,0.0,26.49,0.48,5.53,42.51,1.96,1.83,,83.0,Satisfactory,2017-03-21,Satisfactory,80.0
Bengaluru,2017-03-22,43.96,105.81,6.52,32.28,0.0,23.98,0.55,6.87,36.22,2.42,4.92,,74.0,Satisfactory,2017-03-22,Satisfactory,84.28571428571429
Bengaluru,2017-03-23,44.26,102.04,8.71,41.3,0.0,24.06,0.68,8.28,42.18,2.38,2.57,,89.0,Satisfactory,2017-03-23,Satisfactory,89.28571428571429
Bengaluru,2017-03-24,67.75,107.42,7.38,39.52,0.0,20.33,0.48,7.14,43.89,2.85,2.18,,140.0,Moderate,2017-03-24,Moderate,95.28571428571429
Bengaluru,2017-03-25,47.51,114.14,11.76,40.07,0.0,20.79,0.56,9.41,52.37,4.72,2.82,,104.0,Moderate,2017-03-25,Moderate,96.0
Bengaluru,2017-03-26,53.63,116.45,7.44,35.29,0.0,22.33,0.3,12.82,68.34,1.62,1.72,,99.0,Satisfactory,2017-03-26,Satisfactory,96.57142857142857
Bengaluru,2017-03-27,40.42,114.11,5.59,27.16,0.0,22.04,0.13,3.65,45.77,2.63,2.06,,90.0,Satisfactory,2017-03-27,Satisfactory,97.0
Bengaluru,2017-03-28,55.94,105.81,4.71,30.4,0.0,25.2,0.25,4.77,40.7,3.39,2.75,,82.0,Satisfactory,2017-03-28,Satisfactory,96.85714285714286
Bengaluru,2017-03-29,41.83,89.06,2.7,23.82,0.0,28.76,0.32,3.28,52.94,2.47,2.03,,112.0,Moderate,2017-03-29,Moderate,102.28571428571429
Bengaluru,2017-03-30,46.83,69.68,3.32,27.69,0.0,25.74,0.14,2.48,47.33,2.25,2.44,,90.0,Satisfactory,2017-03-30,Satisfactory,102.42857142857143
Bengaluru,2017-03-31,55.9,94.22,5.13,37.77,0.0,22.44,0.26,2.53,53.42,2.96,2.9,,112.0,Moderate,2017-03-31,Moderate,98.42857142857143
Bengaluru,2017-04-01,51.65,108.37,5.59,37.78,0.0,24.02,0.51,2.79,61.72,3.85,2.95,,124.0,Moderate,2017-04-01,Moderate,101.28571428571429
Bengaluru,2017-04-02,32.61,104.58,5.32,30.53,0.0,28.54,0.48,2.59,66.27,1.93,1.65,,113.0,Moderate,2017-04-02,Moderate,103.28571428571429
Bengaluru,2017-04-03,39.37,106.07,9.79,41.21,0.0,26.81,0.68,2.79,68.42,2.01,1.43,,117.0,Moderate,2017-04-03,Moderate,107.14285714285714
Bengaluru,2017-04-04,36.85,99.33,3.61,25.76,0.0,25.66,0.54,2.3,72.54,2.55,2.12,,120.0,Moderate,2017-04-04,Moderate,112.57142857142857
Bengaluru,2017-04-05,29.5,78.34,3.71,20.83,0.0,27.27,0.44,2.0,69.06,1.78,1.55,,94.0,Satisfactory,2017-04-05,Satisfactory,110.0
Bengaluru,2017-04-06,29.52,92.48,6.17,19.83,0.0,27.92,0.33,2.28,66.84,2.09,1.9,,110.0,Moderate,2017-04-06,Moderate,112.85714285714286
Bengaluru,2017-04-07,31.08,79.87,5.33,24.61,0.0,28.02,0.46,2.65,68.4,2.98,2.25,,94.0,Satisfactory,2017-04-07,Satisfactory,110.28571428571429
Bengaluru,2017-04-08,36.66,103.5,7.3,34.42,0.0,26.68,0.68,2.8,45.04,3.19,2.75,,82.0,Satisfactory,2017-04-08,Satisfactory,104.28571428571429
Bengaluru,2017-04-09,29.29,89.11,7.08,28.32,0.0,25.78,0.48,2.54,37.96,1.78,1.69,,75.0,Satisfactory,2017-04-09,Satisfactory,98.85714285714286
Bengaluru,2017-04-10,43.0,90.64,8.28,34.64,0.0,29.59,0.74,3.03,60.0,1.93,1.41,,99.0,Satisfactory,2017-04-10,Satisfactory,96.28571428571429
Bengaluru,2017-04-11,31.18,92.2,7.17,34.13,0.0,28.14,0.44,2.39,60.0,2.44,1.74,,99.0,Satisfactory,2017-04-11,Satisfactory,93.28571428571429
Bengaluru,2017-04-12,50.84,84.95,6.35,27.24,0.0,,0.61,9.91,17.79,4.11,2.39,,78.0,Satisfactory,2017-04-12,Satisfactory,91.0
Bengaluru,2017-04-13,50.54,105.34,7.07,37.62,0.0,24.73,0.56,4.26,75.93,2.92,2.3,,108.0,Moderate,2017-04-13,Moderate,90.71428571428571
Bengaluru,2017-04-14,51.33,104.38,6.96,39.64,0.0,24.12,0.55,5.03,63.27,3.62,1.96,,107.0,Moderate,2017-04-14,Moderate,92.57142857142857
Bengaluru,2017-04-15,35.01,101.83,9.78,45.01,0.0,24.52,0.69,6.77,60.39,2.4,1.76,,106.0,Moderate,2017-04-15,Moderate,96.0
Bengaluru,2017-04-16,29.02,102.67,5.34,32.75,0.0,,0.44,8.21,66.23,2.64,1.48,,105.0,Moderate,2017-04-16,Moderate,100.28571428571429
Bengaluru,2017-04-17,34.86,79.44,5.28,27.93,0.0,31.55,0.44,5.81,83.69,1.32,0.64,,86.0,Satisfactory,2017-04-17,Satisfactory,98.42857142857143
Bengaluru,2017-04-18,38.46,66.4,4.73,24.41,0.0,28.01,0.44,5.07,91.3,2.24,2.3,,77.0,Satisfactory,2017-04-18,Satisfactory,95.28571428571429
Bengaluru,2017-04-19,38.13,84.63,6.11,25.49,0.0,31.93,0.52,4.74,81.46,1.38,1.07,,92.0,Satisfactory,2017-04-19,Satisfactory,97.28571428571429
Bengaluru,2017-04-20,29.75,56.29,5.45,24.78,0.0,28.87,0.43,4.71,47.22,2.53,1.39,,81.0,Satisfactory,2017-04-20,Satisfactory,93.42857142857143
Bengaluru,2017-04-21,21.53,80.41,4.21,24.41,0.0,35.77,0.47,4.71,54.16,1.38,1.14,,75.0,Satisfactory,2017-04-21,Satisfactory,88.85714285714286
Bengaluru,2017-04-22,25.46,62.1,4.85,22.79,0.0,30.19,0.45,4.83,24.41,1.19,1.02,,64.0,Satisfactory,2017-04-22,Satisfactory,82.85714285714286
Bengaluru,2017-04-23,28.49,74.8,2.67,23.6,0.0,27.92,0.08,3.68,7.03,1.51,1.41,,50.0,Good,2017-04-23,Good,75.0
Bengaluru,2017-04-24,34.85,91.71000000000001,2.65,32.57,0.0,27.52,0.0,3.49,21.33,1.86,1.44,,59.0,Satisfactory,2017-04-24,Satisfactory,71.14285714285714
Bengaluru,2017-04-25,29.88,108.62,3.54,31.4,0.0,28.23,0.19,3.52,27.0,1.53,1.12,,66.0,Satisfactory,2017-04-25,Satisfactory,69.57142857142857
Bengaluru,2017-04-26,33.95,110.88,4.52,42.65,0.0,27.58,0.7,3.86,48.16,1.87,1.7,,92.0,Satisfactory,2017-04-26,Satisfactory,69.57142857142857
Bengaluru,2017-04-27,40.01,100.72,7.39,38.94,0.0,28.45,0.67,5.61,27.84,3.71,2.69,,87.0,Satisfactory,2017-04-27,Satisfactory,70.42857142857143
Bengaluru,2017-04-28,62.07,84.02,4.72,32.77,0.0,27.29,0.49,4.4,61.69,1.52,1.44,,96.0,Satisfactory,2017-04-28,Satisfactory,73.42857142857143
Bengaluru,2017-04-29,38.44,76.53,8.49,39.84,0.0,28.89,0.44,5.15,43.66,1.44,1.64,,139.0,Moderate,2017-04-29,Moderate,84.14285714285714
Bengaluru,2017-04-30,13.3,111.3,9.57,45.34,0.0,,0.46,5.04,22.75,1.62,1.42,,65.0,Satisfactory,2017-04-30,Satisfactory,86.28571428571429
Bengaluru,2017-05-01,20.32,80.58,6.21,31.84,0.0,25.82,0.39,4.82,39.36,0.96,0.75,,77.0,Satisfactory,2017-05-01,Satisfactory,88.85714285714286
Bengaluru,2017-05-02,24.2,78.44,8.2,41.08,0.0,26.1,0.35,4.88,24.89,0.92,0.85,,60.0,Satisfactory,2017-05-02,Satisfactory,88.0
Bengaluru,2017-05-03,66.24,87.15,10.17,35.96,0.0,28.37,0.48,6.26,,,0.0,,84.0,Satisfactory,2017-05-03,Satisfactory,86.85714285714286
Bengaluru,2017-05-04,42.2,90.14,12.03,43.35,0.0,22.96,0.47,5.54,17.45,1.59,1.55,,94.0,Satisfactory,2017-05-04,Satisfactory,87.85714285714286
Bengaluru,2017-05-05,28.27,85.96,8.55,42.47,0.0,31.0,0.62,5.76,6.19,2.33,1.76,,80.0,Satisfactory,2017-05-05,Satisfactory,85.57142857142857
Bengaluru,2017-05-06,40.02,92.31,7.67,37.46,0.0,31.4,0.49,5.88,,1.54,1.17,,89.0,Satisfactory,2017-05-06,Satisfactory,78.42857142857143
Bengaluru,2017-05-07,30.26,76.29,6.46,29.37,0.0,22.61,0.4,5.31,29.52,2.69,1.0,,98.0,Satisfactory,2017-05-07,Satisfactory,83.14285714285714
Bengaluru,2017-05-08,27.66,57.56,6.67,31.17,0.0,29.12,0.43,4.16,52.55,2.34,1.14,,82.0,Satisfactory,2017-05-08,Satisfactory,83.85714285714286
Bengaluru,2017-05-09,32.01,57.82,4.81,31.86,0.0,30.32,0.23,3.67,33.71,1.6,1.22,,69.0,Satisfactory,2017-05-09,Satisfactory,85.14285714285714
Bengaluru,2017-05-10,23.19,74.07,4.28,32.79,0.0,31.83,0.18,2.54,25.26,0.75,0.73,,41.0,Good,2017-05-10,Good,79.0
Bengaluru,2017-05-11,28.52,35.51,5.81,39.12,0.0,22.39,0.42,8.55,36.74,1.06,1.26,,53.0,Satisfactory,2017-05-11,Satisfactory,73.14285714285714
Bengaluru,2017-05-12,50.58,62.09,5.9,23.23,0.0,11.61,0.52,15.38,10.9,0.98,1.49,,68.0,Satisfactory,2017-05-12,Satisfactory,71.42857142857143
Bengaluru,2017-05-13,120.56,73.92,6.92,26.63,0.0,11.24,0.49,8.45,18.96,1.66,1.58,,156.0,Moderate,2017-05-13,Moderate,81.0
Bengaluru,2017-05-14,25.22,73.47,6.26,30.63,0.0,18.05,0.54,3.65,16.82,1.37,1.28,,101.0,Moderate,2017-05-14,Moderate,81.42857142857143
Bengaluru,2017-05-15,14.94,50.05,5.02,26.57,0.0,18.34,0.52,3.52,38.46,0.84,0.82,,52.0,Satisfactory,2017-05-15,Satisfactory,77.14285714285714
Bengaluru,2017-05-16,19.1,65.84,3.8,29.5,0.0,17.72,0.36,3.83,34.53,1.46,1.27,,56.0,Satisfactory,2017-05-16,Satisfactory,75.28571428571429
Bengaluru,2017-05-17,22.93,65.3,3.62,26.74,0.0,18.17,0.38,3.73,45.09,1.03,0.91,,67.0,Satisfactory,2017-05-17,Satisfactory,79.0
Bengaluru,2017-05-18,36.58,59.73,4.78,27.92,0.0,15.07,0.66,3.32,13.13,1.06,0.98,,70.0,Satisfactory,2017-05-18,Satisfactory,81.42857142857143
Bengaluru,2017-05-19,20.87,45.38,5.6,32.01,0.0,18.85,0.56,3.49,21.6,1.15,1.25,,64.0,Satisfactory,2017-05-19,Satisfactory,80.85714285714286
Bengaluru,2017-05-20,17.43,68.76,9.54,37.75,0.0,23.79,0.37,3.49,21.87,1.43,1.17,,50.0,Good,2017-05-20,Good,65.71428571428571
Bengaluru,2017-05-21,12.53,50.36,8.01,34.15,0.0,23.65,0.37,3.51,23.31,0.9,0.79,,59.0,Satisfactory,2017-05-21,Satisfactory,59.714285714285715
Bengaluru,2017-05-22,16.58,69.24,8.33,33.06,0.0,23.78,0.33,2.99,13.76,1.32,1.25,,44.0,Good,2017-05-22,Good,58.57142857142857
Bengaluru,2017-05-23,25.83,63.33,8.79,37.11,0.0,24.31,0.41,3.57,20.05,1.28,1.23,,58.0,Satisfactory,2017-05-23,Satisfactory,58.857142857142854
Bengaluru,2017-05-24,19.58,58.26,5.7,30.27,0.0,23.85,0.33,3.77,26.67,1.32,1.43,,62.0,Satisfactory,2017-05-24,Satisfactory,58.142857142857146
Bengaluru,2017-05-25,21.39,59.53,6.42,29.53,0.0,23.75,0.38,3.75,16.72,1.21,1.16,,57.0,Satisfactory,2017-05-25,Satisfactory,56.285714285714285
Bengaluru,2017-05-26,24.85,69.0,6.67,26.78,0.0,23.65,0.41,3.65,11.46,0.68,0.58,,66.0,Satisfactory,2017-05-26,Satisfactory,56.57142857142857
Bengaluru,2017-05-27,18.21,44.46,7.45,29.32,0.0,23.57,0.42,3.6,18.34,0.93,1.14,,47.0,Good,2017-05-27,Good,56.142857142857146
Bengaluru,2017-05-28,19.75,52.33,6.48,25.4,0.0,23.46,0.28,3.66,12.12,0.62,0.59,,41.0,Good,2017-05-28,Good,53.57142857142857
Bengaluru,2017-05-29,21.08,60.65,6.93,26.89,0.0,23.67,0.34,3.32,9.02,0.56,0.39,,43.0,Good,2017-05-29,Good,53.42857142857143
Bengaluru,2017-05-30,23.2,56.28,4.93,25.22,0.0,23.64,0.26,3.33,9.85,0.59,0.44,,46.0,Good,2017-05-30,Good,51.714285714285715
Bengaluru,2017-05-31,22.87,77.5,4.43,27.67,0.0,23.73,0.17,3.09,9.92,0.65,0.42,,42.0,Good,2017-05-31,Good,48.857142857142854
Bengaluru,2017-06-01,22.79,59.56,5.31,31.62,0.0,23.75,0.68,4.57,10.13,0.68,0.58,,54.0,Satisfactory,2017-06-01,Satisfactory,48.42857142857143
Bengaluru,2017-06-02,20.19,60.05,5.35,32.25,0.0,23.66,0.35,3.89,8.69,0.67,0.42,,52.0,Satisfactory,2017-06-02,Satisfactory,46.42857142857143
Bengaluru,2017-06-03,20.98,56.9,7.0,33.91,0.0,23.86,0.3,3.08,8.19,0.57,0.25,,42.0,Good,2017-06-03,Good,45.714285714285715
Bengaluru,2017-06-04,13.39,69.89,4.09,24.89,,,,1.33,7.55,0.75,0.56,,28.0,Good,2017-06-04,Good,43.857142857142854
Bengaluru,2017-06-05,21.81,82.88,4.91,31.17,0.0,23.75,0.98,4.21,8.38,0.9,0.78,,29.0,Good,2017-06-05,Good,41.857142857142854
Bengaluru,2017-06-06,22.93,49.92,4.85,30.17,0.0,23.64,0.85,3.86,7.92,0.93,0.94,,54.0,Satisfactory,2017-06-06,Satisfactory,43.0
Bengaluru,2017-06-07,22.94,32.85,7.4,27.88,0.0,23.83,0.53,4.37,10.29,0.82,0.88,,47.0,Good,2017-06-07,Good,43.714285714285715
Bengaluru,2017-06-08,20.75,75.64,3.35,25.47,0.0,23.61,0.59,4.56,14.64,0.84,1.07,,51.0,Satisfactory,2017-06-08,Satisfactory,43.285714285714285
Bengaluru,2017-06-09,23.65,82.24,5.32,27.84,0.0,23.79,0.65,4.59,19.12,0.87,0.95,,55.0,Satisfactory,2017-06-09,Satisfactory,43.714285714285715
Bengaluru,2017-06-10,19.78,91.96,7.02,31.35,0.0,23.65,0.61,4.87,19.88,0.6,0.57,,54.0,Satisfactory,2017-06-10,Satisfactory,45.42857142857143
Bengaluru,2017-06-11,16.51,77.75,7.41,30.97,0.0,23.52,0.54,4.72,19.08,0.46,0.39,,51.0,Satisfactory,2017-06-11,Satisfactory,48.714285714285715
Bengaluru,2017-06-12,19.12,65.59,7.04,28.24,0.0,23.68,0.58,4.79,19.47,0.68,0.57,,45.0,Good,2017-06-12,Good,51.0
Bengaluru,2017-06-13,21.6,100.65,6.02,28.56,0.0,23.7,0.8,4.33,19.68,0.71,0.61,,44.0,Good,2017-06-13,Good,49.57142857142857
Bengaluru,2017-06-14,19.77,95.84,6.27,29.47,0.0,23.66,0.63,4.24,21.06,0.63,0.57,,59.0,Satisfactory,2017-06-14,Satisfactory,51.285714285714285
Bengaluru,2017-06-15,24.56,112.8,7.97,31.52,0.0,23.69,0.87,4.74,20.85,0.7,0.9,,76.0,Satisfactory,2017-06-15,Satisfactory,54.857142857142854
Bengaluru,2017-06-16,24.66,89.59,9.56,31.25,0.0,23.91,0.62,5.71,18.43,1.0,1.93,,65.0,Satisfactory,2017-06-16,Satisfactory,56.285714285714285
Bengaluru,2017-06-17,24.18,87.23,7.17,30.54,0.0,23.92,0.56,4.36,20.06,0.94,1.87,,60.0,Satisfactory,2017-06-17,Satisfactory,57.142857142857146
Bengaluru,2017-06-18,17.82,92.85,3.68,26.38,0.0,23.74,0.63,5.21,9.1,0.72,0.78,,57.0,Satisfactory,2017-06-18,Satisfactory,58.0
Bengaluru,2017-06-19,16.61,85.76,4.02,25.73,0.0,23.76,0.58,4.74,10.17,1.03,1.11,,50.0,Good,2017-06-19,Good,58.714285714285715
Bengaluru,2017-06-20,24.03,90.54,3.55,25.75,0.0,23.87,0.61,6.85,7.75,1.0,0.85,,53.0,Satisfactory,2017-06-20,Satisfactory,60.0
Bengaluru,2017-06-21,19.58,110.37,3.13,30.5,0.0,23.87,0.6,7.44,13.04,0.79,0.78,,70.0,Satisfactory,2017-06-21,Satisfactory,61.57142857142857
Bengaluru,2017-06-22,21.05,71.41,3.57,26.66,0.0,23.97,0.62,5.8,8.43,0.92,0.81,,60.0,Satisfactory,2017-06-22,Satisfactory,59.285714285714285
Bengaluru,2017-06-23,24.53,38.64,9.1,30.26,0.0,23.86,0.58,7.02,13.82,0.68,0.54,,54.0,Satisfactory,2017-06-23,Satisfactory,57.714285714285715
Bengaluru,2017-06-24,25.35,123.16,19.79,45.04,0.0,35.99,0.55,6.42,10.04,0.6,0.46,,60.0,Satisfactory,2017-06-24,Satisfactory,57.714285714285715
Bengaluru,2017-06-25,25.16,89.68,17.58,39.31,0.0,31.68,0.56,5.68,7.84,0.58,0.49,,71.0,Satisfactory,2017-06-25,Satisfactory,59.714285714285715
Bengaluru,2017-06-26,31.13,96.37,12.54,37.52,0.0,31.96,1.16,7.96,8.44,1.73,1.44,,138.0,Moderate,2017-06-26,Moderate,72.28571428571429
Bengaluru,2017-06-27,37.61,111.77,13.6,38.89,0.0,31.97,0.83,6.63,8.39,0.52,0.43,,78.0,Satisfactory,2017-06-27,Satisfactory,75.85714285714286
Bengaluru,2017-06-28,37.34,97.49,10.09,34.73,0.0,32.02,0.6,6.63,8.99,0.51,0.4,,82.0,Satisfactory,2017-06-28,Satisfactory,77.57142857142857
Bengaluru,2017-06-29,36.44,78.38,12.12,31.89,0.0,32.05,0.42,6.62,9.92,0.54,0.41,,76.0,Satisfactory,2017-06-29,Satisfactory,79.85714285714286
Bengaluru,2017-06-30,35.4,107.39,15.16,33.89,0.0,31.99,0.69,6.63,10.32,0.59,0.44,,76.0,Satisfactory,2017-06-30,Satisfactory,83.0
Bengaluru,2017-07-01,25.33,129.55,24.27,39.99,0.0,31.77,0.67,7.11,11.34,0.67,0.4,,92.0,Satisfactory,2017-07-01,Satisfactory,87.57142857142857
Bengaluru,2017-07-02,30.07,110.45,54.79,68.84,0.0,90.01,1.64,6.55,10.47,0.67,1.96,,160.0,Moderate,2017-07-02,Moderate,100.28571428571429
Bengaluru,2017-07-03,25.82,93.48,43.48,68.34,0.0,104.87,0.69,6.23,10.21,0.76,0.49,,92.0,Satisfactory,2017-07-03,Satisfactory,93.71428571428571
Bengaluru,2017-07-04,97.76249999999999,82.18,20.75,32.27,0.0,,0.59,5.81,9.67,0.51,0.42,,85.0,Satisfactory,2017-07-04,Satisfactory,94.71428571428571
Bengaluru,2017-07-05,169.70499999999998,87.64,17.99,30.38,0.0,,0.62,4.7,8.98,0.86,0.75,,93.0,Satisfactory,2017-07-05,Satisfactory,96.28571428571429
Bengaluru,2017-07-06,241.64749999999998,79.21,13.97,27.42,0.0,,0.52,3.82,9.26,0.9,0.81,,87.0,Satisfactory,2017-07-06,Satisfactory,97.85714285714286
Bengaluru,2017-07-08,313.59,120.31,24.05,32.94,0.0,29.43,0.69,4.97,9.39,1.09,0.73,,108.0,Moderate,2017-07-08,Moderate,102.42857142857143
Bengaluru,2017-07-09,35.29,109.11,17.04,31.08,0.0,32.09,0.6,5.16,9.34,0.78,0.5,,112.0,Moderate,2017-07-09,Moderate,105.28571428571429
Bengaluru,2017-07-10,33.44,102.45,13.86,29.55,0.0,32.39,0.63,5.33,10.61,0.8,0.56,,102.0,Moderate,2017-07-10,Moderate,97.0
Bengaluru,2017-07-11,29.38,88.16,17.23,29.5,0.0,30.96,0.64,4.09,12.44,0.74,0.63,,78.0,Satisfactory,2017-07-11,Satisfactory,95.0
Bengaluru,2017-07-12,27.64,76.48,12.48,26.82,0.0,27.05,0.68,5.16,18.42,1.0,1.04,,67.0,Satisfactory,2017-07-12,Satisfactory,92.42857142857143
Bengaluru,2017-07-13,28.97,95.74,16.61,30.58,0.0,27.1,1.53,4.45,24.82,0.81,0.69,,74.0,Satisfactory,2017-07-13,Satisfactory,89.71428571428571
Bengaluru,2017-07-14,22.68,96.47,13.31,30.3,0.0,26.36,0.67,5.41,47.62,0.69,0.54,,72.0,Satisfactory,2017-07-14,Satisfactory,87.57142857142857
Bengaluru,2017-07-15,22.43,112.32,16.15,32.43,0.0,26.88,0.6,7.9,47.14,0.73,0.57,,82.0,Satisfactory,2017-07-15,Satisfactory,83.85714285714286
Bengaluru,2017-07-16,17.2,98.67,13.34,31.1,0.0,26.78,0.52,6.3,23.82,0.59,0.41,,61.0,Satisfactory,2017-07-16,Satisfactory,76.57142857142857
Bengaluru,2017-07-17,21.05,110.36,11.56,30.06,0.0,26.87,0.58,4.72,44.94,0.66,0.42,,68.0,Satisfactory,2017-07-17,Satisfactory,71.71428571428571
Bengaluru,2017-07-18,18.45,82.75,12.68,29.79,0.0,26.88,0.62,4.58,27.09,0.59,0.49,,68.0,Satisfactory,2017-07-18,Satisfactory,70.28571428571429
Bengaluru,2017-07-19,16.44,66.58,18.77,31.75,0.0,27.04,0.68,4.71,30.16,0.59,0.51,,60.0,Satisfactory,2017-07-19,Satisfactory,69.28571428571429
Bengaluru,2017-07-20,31.68,87.62,16.76,31.34,0.0,26.84,0.65,5.1,54.5,0.41,0.38,,61.0,Satisfactory,2017-07-20,Satisfactory,67.42857142857143
Bengaluru,2017-07-21,21.53,104.24,15.46,31.7,0.0,26.79,1.12,5.3,41.97,0.61,1.18,,111.0,Moderate,2017-07-21,Moderate,73.0
Bengaluru,2017-07-22,20.15,120.48,17.16,33.19,0.0,27.12,1.35,4.29,53.85,0.57,1.38,,132.0,Moderate,2017-07-22,Moderate,80.14285714285714
Bengaluru,2017-07-23,17.34,117.82,15.55,32.36,0.0,26.75,1.08,5.61,24.37,0.54,1.07,,107.0,Moderate,2017-07-23,Moderate,86.71428571428571
Bengaluru,2017-07-24,24.23,111.03,10.47,31.45,0.0,26.97,1.08,5.68,42.69,0.76,1.14,,109.0,Moderate,2017-07-24,Moderate,92.57142857142857
Bengaluru,2017-07-25,28.54,99.2,11.09,30.72,0.0,27.22,1.4,5.2,50.04,0.55,3.18,,164.0,Moderate,2017-07-25,Moderate,106.28571428571429
Bengaluru,2017-07-26,23.68,105.63,9.88,30.53,0.0,26.72,0.59,4.73,51.12,0.53,0.36,,85.0,Satisfactory,2017-07-26,Satisfactory,109.85714285714286
Bengaluru,2017-07-27,24.49,95.5,10.99,31.02,0.0,27.03,0.59,5.17,55.9,0.76,0.59,,83.0,Satisfactory,2017-07-27,Satisfactory,113.0
Bengaluru,2017-07-28,21.77,77.97,9.59,28.74,0.0,26.46,1.17,4.57,51.05,0.88,0.79,,122.0,Moderate,2017-07-28,Moderate,114.57142857142857
Bengaluru,2017-07-29,27.91,88.52,9.68,29.8,0.0,26.99,1.07,4.72,56.82,0.8,1.34,,119.0,Moderate,2017-07-29,Moderate,112.71428571428571
Bengaluru,2017-07-30,22.36,91.72,11.51,29.57,0.0,26.87,1.07,4.67,23.6,0.62,1.27,,94.0,Satisfactory,2017-07-30,Satisfactory,110.85714285714286
Bengaluru,2017-07-31,27.27,90.24,8.0,28.65,0.0,26.22,0.48,5.23,45.36,0.8,0.82,,89.0,Satisfactory,2017-07-31,Satisfactory,108.0
Bengaluru,2017-08-01,26.57,91.01,7.35,26.22,0.0,24.62,1.5,5.34,54.93,1.07,2.03,,136.0,Moderate,2017-08-01,Moderate,104.0
Bengaluru,2017-08-02,20.74,91.07,12.96,26.36,0.0,24.78,1.77,5.6,41.25,0.74,0.63,,130.0,Moderate,2017-08-02,Moderate,110.42857142857143
Bengaluru,2017-08-03,17.67,74.63,16.81,25.46,0.0,24.54,2.95,5.31,39.16,0.74,2.39,,160.0,Moderate,2017-08-03,Moderate,121.42857142857143
Bengaluru,2017-08-04,13.74,62.14,10.46,25.64,0.0,24.15,0.63,5.89,25.85,0.8,0.98,,55.0,Satisfactory,2017-08-04,Satisfactory,111.85714285714286
Bengaluru,2017-08-05,17.69,78.23,9.01,27.5,0.0,24.57,1.27,5.13,30.04,0.78,1.64,,106.0,Moderate,2017-08-05,Moderate,110.0
Bengaluru,2017-08-06,15.21,81.72,8.53,27.33,0.0,24.46,2.44,5.32,6.06,0.64,3.42,,127.0,Moderate,2017-08-06,Moderate,114.71428571428571
Bengaluru,2017-08-07,22.82,88.33,8.83,27.76,0.0,24.53,2.91,5.27,54.59,0.71,3.19,,176.0,Moderate,2017-08-07,Moderate,127.14285714285714
Bengaluru,2017-08-08,21.07,99.54,8.48,27.75,0.0,24.43,2.01,5.79,48.17,0.74,1.98,,143.0,Moderate,2017-08-08,Moderate,128.14285714285714
Bengaluru,2017-08-09,22.31,92.2,14.25,29.38,0.0,24.68,0.95,5.12,33.6,1.17,1.19,,74.0,Satisfactory,2017-08-09,Satisfactory,120.14285714285714
Bengaluru,2017-08-10,14.14,77.12,10.87,27.85,0.0,24.56,0.61,4.46,9.71,1.01,1.06,,50.0,Good,2017-08-10,Good,104.42857142857143
Bengaluru,2017-08-11,10.11,71.85,14.03,32.5,0.0,24.42,0.68,4.06,16.65,1.22,1.39,,56.0,Satisfactory,2017-08-11,Satisfactory,104.57142857142857
Bengaluru,2017-08-12,3.91,61.7,12.54,32.46,0.0,,0.86,5.24,18.87,1.02,1.34,,50.0,Good,2017-08-12,Good,96.57142857142857
Bengaluru,2017-08-13,4.69,116.59,16.42,32.78,,,1.14,4.6,23.74,1.21,1.11,,67.0,Satisfactory,2017-08-13,Satisfactory,88.0
Bengaluru,2017-08-14,19.41,115.3,12.81,32.52,0.0,22.95,0.96,4.92,26.54,1.33,1.47,,82.0,Satisfactory,2017-08-14,Satisfactory,74.57142857142857
Bengaluru,2017-08-15,20.88,68.12,14.75,29.7,0.0,24.17,0.64,5.4,7.35,0.84,0.84,,70.0,Satisfactory,2017-08-15,Satisfactory,64.14285714285714
Bengaluru,2017-08-16,17.91,60.6,7.34,24.95,0.0,24.61,1.01,5.43,20.51,1.09,1.18,,65.0,Satisfactory,2017-08-16,Satisfactory,62.857142857142854
Bengaluru,2017-08-17,18.42,78.23,5.51,29.56,0.0,24.71,1.25,4.51,21.86,1.03,0.76,,70.0,Satisfactory,2017-08-17,Satisfactory,65.71428571428571
Bengaluru,2017-08-18,14.92,57.1,7.89,30.9,0.0,24.69,0.61,4.3,21.39,0.91,0.88,,64.0,Satisfactory,2017-08-18,Satisfactory,66.85714285714286
Bengaluru,2017-08-19,18.66,53.12,9.13,27.62,0.0,24.52,0.68,4.7,20.13,0.77,0.66,,57.0,Satisfactory,2017-08-19,Satisfactory,67.85714285714286
Bengaluru,2017-08-20,10.89,61.8,16.11,29.64,0.0,24.3,1.02,4.93,11.17,1.04,0.54,,63.0,Satisfactory,2017-08-20,Satisfactory,67.28571428571429
Bengaluru,2017-08-21,14.53,88.86,11.74,28.09,0.0,24.48,0.95,4.92,16.04,0.71,0.56,,48.0,Good,2017-08-21,Good,62.42857142857143
Bengaluru,2017-08-22,18.87,89.66,11.4,26.93,0.0,24.4,0.89,5.08,20.89,0.68,0.67,,63.0,Satisfactory,2017-08-22,Satisfactory,61.42857142857143
Bengaluru,2017-08-23,18.18,75.76,9.12,26.59,0.0,24.3,0.85,4.21,27.15,0.95,1.01,,62.0,Satisfactory,2017-08-23,Satisfactory,61.0
Bengaluru,2017-08-24,59.05,66.25,11.58,27.01,0.0,24.49,0.71,4.66,21.84,1.03,1.31,,68.0,Satisfactory,2017-08-24,Satisfactory,60.714285714285715
Bengaluru,2017-08-25,97.97,49.59,8.83,25.15,0.0,24.22,0.57,4.71,19.86,0.85,0.82,,172.0,Moderate,2017-08-25,Moderate,76.14285714285714
Bengaluru,2017-08-26,14.19,72.62,9.51,26.25,0.0,25.06,0.97,4.61,19.83,0.61,0.54,,91.0,Satisfactory,2017-08-26,Satisfactory,81.0
Bengaluru,2017-08-27,11.71,48.41,11.76,26.08,0.0,24.2,0.67,4.85,7.65,0.58,0.64,,39.0,Good,2017-08-27,Good,77.57142857142857
Bengaluru,2017-08-28,17.58,89.92,15.21,28.01,0.0,24.36,0.86,5.52,13.12,0.55,0.62,,47.0,Good,2017-08-28,Good,77.42857142857143
Bengaluru,2017-08-29,16.33,100.74,15.67,28.51,0.0,24.61,1.01,4.79,14.98,0.5,0.57,,57.0,Satisfactory,2017-08-29,Satisfactory,76.57142857142857
Bengaluru,2017-08-30,20.42,90.87,10.24,26.31,0.0,24.58,0.85,4.85,16.33,0.69,0.69,,56.0,Satisfactory,2017-08-30,Satisfactory,75.71428571428571
Bengaluru,2017-08-31,24.96,111.68,7.86,26.74,0.0,24.78,0.77,5.48,24.66,0.92,1.05,,69.0,Satisfactory,2017-08-31,Satisfactory,75.85714285714286
Bengaluru,2017-09-01,158.67,86.06,12.57,26.66,0.0,24.45,1.25,4.92,13.48,1.37,1.78,,200.0,Moderate,2017-09-01,Moderate,79.85714285714286
Bengaluru,2017-09-02,114.92,87.12,24.01,31.99,0.0,24.44,0.82,4.8,15.86,1.44,2.18,,135.0,Moderate,2017-09-02,Moderate,86.14285714285714
Bengaluru,2017-09-03,14.2,59.94,16.73,30.59,0.0,24.2,0.68,4.77,29.74,0.9,1.2,,107.0,Moderate,2017-09-03,Moderate,95.85714285714286
Bengaluru,2017-09-04,39.74,85.24,15.95,30.16,0.0,24.42,0.77,4.65,23.83,1.18,1.56,,74.0,Satisfactory,2017-09-04,Satisfactory,99.71428571428571
Bengaluru,2017-09-05,14.2,98.1,13.44,28.6,0.0,24.44,1.34,5.28,23.99,1.59,1.86,,79.0,Satisfactory,2017-09-05,Satisfactory,102.85714285714286
Bengaluru,2017-09-06,21.2,49.13,14.2,28.55,0.0,24.13,0.63,5.28,27.63,1.11,1.57,,101.0,Moderate,2017-09-06,Moderate,109.28571428571429
Bengaluru,2017-09-07,9.57,100.44,14.26,30.93,0.0,24.37,0.7,5.62,12.5,1.37,1.83,,60.0,Satisfactory,2017-09-07,Satisfactory,108.0
Bengaluru,2017-09-08,32.86,72.73,11.97,30.75,0.0,24.37,0.91,4.7,34.54,1.41,1.81,,75.0,Satisfactory,2017-09-08,Satisfactory,90.14285714285714
Bengaluru,2017-09-09,22.63,83.19,17.49,36.31,0.0,24.34,0.69,4.83,15.06,1.44,2.21,,114.0,Moderate,2017-09-09,Moderate,87.14285714285714
Bengaluru,2017-09-10,14.52,93.49,31.66,39.24,0.0,,0.68,5.96,9.66,0.94,1.27,,57.0,Satisfactory,2017-09-10,Satisfactory,80.0
Bengaluru,2017-09-11,15.27,115.56,24.71,42.37,0.0,,0.73,6.18,9.5,1.11,1.03,,68.0,Satisfactory,2017-09-11,Satisfactory,79.14285714285714
Bengaluru,2017-09-12,17.48,104.51,16.21,39.09,0.0,25.28,0.73,5.45,11.3,1.04,1.01,,68.0,Satisfactory,2017-09-12,Satisfactory,77.57142857142857
Bengaluru,2017-09-13,16.5,108.42,12.07,34.8,0.0,24.62,0.67,4.68,12.87,0.96,1.11,,59.0,Satisfactory,2017-09-13,Satisfactory,71.57142857142857
Bengaluru,2017-09-14,14.05,90.68,9.17,29.42,0.0,24.2,0.94,4.4,28.38,0.81,1.22,,63.0,Satisfactory,2017-09-14,Satisfactory,72.0
Bengaluru,2017-09-15,8.58,71.81,11.34,31.38,0.0,25.08,0.58,4.68,18.53,0.93,1.01,,52.0,Satisfactory,2017-09-15,Satisfactory,68.71428571428571
Bengaluru,2017-09-16,8.49,92.8,11.49,31.42,0.0,24.21,0.37,5.42,14.39,0.63,0.67,,49.0,Good,2017-09-16,Good,59.42857142857143
Bengaluru,2017-09-17,7.02,52.78,12.3,31.84,0.0,23.37,0.42,5.52,5.9,0.55,0.64,,40.0,Good,2017-09-17,Good,57.0
Bengaluru,2017-09-18,8.57,66.31,8.79,28.46,0.0,23.92,0.42,5.12,6.18,0.5,0.54,,43.0,Good,2017-09-18,Good,53.42857142857143
Bengaluru,2017-09-19,7.68,87.05,8.76,29.35,0.0,23.97,0.42,5.56,19.64,0.55,0.55,,44.0,Good,2017-09-19,Good,50.0
Bengaluru,2017-09-20,10.21,81.53,6.9,28.47,0.0,24.05,0.47,5.14,25.61,0.5,0.51,,52.0,Satisfactory,2017-09-20,Satisfactory,49.0
Bengaluru,2017-09-21,12.64,80.51,7.32,28.19,0.0,24.04,0.38,5.16,24.16,0.57,0.6,,51.0,Satisfactory,2017-09-21,Satisfactory,47.285714285714285
Bengaluru,2017-09-22,17.93,80.49,6.28,27.46,0.0,24.05,0.35,4.89,28.96,0.9,0.91,,51.0,Satisfactory,2017-09-22,Satisfactory,47.142857142857146
Bengaluru,2017-09-23,21.62,91.14,10.16,30.95,0.0,24.15,0.4,5.3,41.31,1.65,2.24,,76.0,Satisfactory,2017-09-23,Satisfactory,51.0
Bengaluru,2017-09-24,23.7,112.5,15.23,35.09,0.0,24.18,0.49,6.04,29.38,1.7,1.99,,76.0,Satisfactory,2017-09-24,Satisfactory,56.142857142857146
Bengaluru,2017-09-25,19.26,53.18,8.88,29.23,0.0,23.77,0.4,5.49,24.14,1.31,1.97,,57.0,Satisfactory,2017-09-25,Satisfactory,58.142857142857146
Bengaluru,2017-09-26,22.47,76.88,8.48,29.13,0.0,23.87,0.48,4.76,27.37,1.17,1.75,,65.0,Satisfactory,2017-09-26,Satisfactory,61.142857142857146
Bengaluru,2017-09-27,28.3,50.86,15.29,38.34,0.0,22.64,0.57,6.16,7.85,1.23,2.04,,83.0,Satisfactory,2017-09-27,Satisfactory,65.57142857142857
Bengaluru,2017-09-28,21.59,90.26,4.57,24.81,0.0,21.83,0.32,4.63,21.6,1.08,1.0,,56.0,Satisfactory,2017-09-28,Satisfactory,66.28571428571429
Bengaluru,2017-09-29,22.36,71.25,7.58,29.64,0.0,23.84,0.5,5.13,8.95,0.85,0.69,,58.0,Satisfactory,2017-09-29,Satisfactory,67.28571428571429
Bengaluru,2017-09-30,30.65,68.52,7.05,26.24,0.0,23.87,0.45,5.74,29.89,1.1,1.08,,61.0,Satisfactory,2017-09-30,Satisfactory,65.14285714285714
Bengaluru,2017-10-01,20.01,57.46,5.63,27.01,1.37,23.86,0.38,4.53,21.92,0.96,0.92,,66.0,Satisfactory,2017-10-01,Satisfactory,63.714285714285715
Bengaluru,2017-10-02,20.5,46.54,38.94,25.68,1.8,23.89,0.52,5.64,34.02,0.88,0.75,,69.0,Satisfactory,2017-10-02,Satisfactory,65.42857142857143
Bengaluru,2017-10-03,22.85,63.75,6.46,25.43,1.81,23.95,0.49,4.49,29.93,0.88,0.83,,62.0,Satisfactory,2017-10-03,Satisfactory,65.0
Bengaluru,2017-10-04,121.63,67.04,4.69,24.72,7.5,23.88,0.57,5.36,30.31,1.35,1.16,,125.0,Moderate,2017-10-04,Moderate,71.0
Bengaluru,2017-10-05,21.36,42.33,13.18,32.24,21.6,24.02,0.66,5.07,10.53,0.97,1.11,,126.0,Moderate,2017-10-05,Moderate,81.0
Bengaluru,2017-10-06,24.73,55.39,8.58,28.49,17.21,24.05,0.6,5.66,28.31,1.38,1.78,,80.0,Satisfactory,2017-10-06,Satisfactory,84.14285714285714
Bengaluru,2017-10-07,29.16,70.61,9.98,26.77,17.23,25.33,0.58,4.55,21.99,1.16,1.67,,70.0,Satisfactory,2017-10-07,Satisfactory,85.42857142857143
Bengaluru,2017-10-08,78.14,65.04,7.57,22.5,14.42,26.27,0.58,4.22,35.86,1.1,1.31,,104.0,Moderate,2017-10-08,Moderate,90.85714285714286
Bengaluru,2017-10-09,26.08,71.87,9.19,25.0,15.19,26.53,1.35,5.2,20.43,2.17,2.84,,83.0,Satisfactory,2017-10-09,Satisfactory,92.85714285714286
Bengaluru,2017-10-10,32.21,73.85,9.9,29.03,14.78,26.4,2.02,3.93,45.08,1.3,4.13,,130.0,Moderate,2017-10-10,Moderate,102.57142857142857
Bengaluru,2017-10-11,22.5,62.71,14.24,31.64,17.4,26.24,0.64,4.38,34.99,1.7,2.37,,79.0,Satisfactory,2017-10-11,Satisfactory,96.0
Bengaluru,2017-10-12,27.29,54.56,10.47,30.86,16.24,26.64,0.57,4.2,22.7,1.65,2.39,,71.0,Satisfactory,2017-10-12,Satisfactory,88.14285714285714
Bengaluru,2017-10-13,24.83,52.24,10.69,30.63,16.58,26.23,0.5,4.49,14.59,1.63,2.33,,61.0,Satisfactory,2017-10-13,Satisfactory,85.42857142857143
Bengaluru,2017-10-14,32.61,44.65,10.09,28.07,15.1,26.16,0.48,4.64,9.9,1.41,2.03,,67.0,Satisfactory,2017-10-14,Satisfactory,85.0
Bengaluru,2017-10-15,40.34,50.86,14.0,34.04,18.62,26.03,0.46,4.22,13.39,0.93,1.22,,73.0,Satisfactory,2017-10-15,Satisfactory,80.57142857142857
Bengaluru,2017-10-16,21.63,76.61,9.41,29.07,15.09,26.29,0.43,4.05,15.03,2.11,2.24,,58.0,Satisfactory,2017-10-16,Satisfactory,77.0
Bengaluru,2017-10-17,27.86,118.88,14.4,35.25,21.29,26.83,0.55,4.37,17.23,3.02,3.41,,64.0,Satisfactory,2017-10-17,Satisfactory,67.57142857142857
Bengaluru,2017-10-18,39.39,188.67,18.27,41.73,23.66,26.76,0.62,4.81,27.54,2.92,3.57,,98.0,Satisfactory,2017-10-18,Satisfactory,70.28571428571429
Bengaluru,2017-10-19,44.66,147.94,12.47,32.42,21.72,26.71,0.57,4.39,34.64,1.21,2.2,,98.0,Satisfactory,2017-10-19,Satisfactory,74.14285714285714
Bengaluru,2017-10-20,79.76,264.9,14.24,40.38,22.47,26.81,0.58,5.88,38.72,1.6,2.51,,177.0,Moderate,2017-10-20,Moderate,90.71428571428571
Bengaluru,2017-10-21,39.67,157.62,8.15,32.18,16.86,26.51,0.87,5.69,34.89,1.01,1.49,,129.0,Moderate,2017-10-21,Moderate,99.57142857142857
Bengaluru,2017-10-22,22.44,118.74,8.29,31.05,14.94,26.26,0.79,5.32,28.1,0.81,1.27,,79.0,Satisfactory,2017-10-22,Satisfactory,100.42857142857143
Bengaluru,2017-10-23,26.85,123.41,9.24,33.32,17.72,26.38,1.08,5.39,33.95,1.18,1.86,,80.0,Satisfactory,2017-10-23,Satisfactory,103.57142857142857
Bengaluru,2017-10-24,42.56,176.27,15.76,44.63,25.27,26.59,1.26,5.62,27.3,1.87,2.58,,94.0,Satisfactory,2017-10-24,Satisfactory,107.85714285714286
Bengaluru,2017-10-25,35.29,134.15,16.44,43.04,26.42,26.4,1.59,4.42,20.57,0.91,1.07,,96.0,Satisfactory,2017-10-25,Satisfactory,107.57142857142857
Bengaluru,2017-10-26,25.49,88.04,17.04,39.14,22.64,26.39,1.22,4.26,12.69,0.54,0.85,,75.0,Satisfactory,2017-10-26,Satisfactory,104.28571428571429
Bengaluru,2017-10-27,26.03,87.11,13.99,36.53,19.54,26.4,1.03,4.26,19.69,0.59,0.81,,66.0,Satisfactory,2017-10-27,Satisfactory,88.42857142857143
Bengaluru,2017-10-28,37.38,91.81,15.78,39.18,22.25,26.62,1.55,4.97,32.07,0.53,0.67,,80.0,Satisfactory,2017-10-28,Satisfactory,81.42857142857143
Bengaluru,2017-10-29,47.47,100.35,15.01,39.01,21.46,26.6,1.08,4.3,36.67,0.0,0.06,,98.0,Satisfactory,2017-10-29,Satisfactory,84.14285714285714
Bengaluru,2017-10-30,45.49,82.59,9.57,32.5,16.63,26.61,0.77,3.71,32.74,0.0,0.04,,102.0,Moderate,2017-10-30,Moderate,87.28571428571429
Bengaluru,2017-10-31,122.41,68.08,12.13,33.67,24.36,26.65,0.84,3.6,47.84,0.0,0.19,,120.0,Moderate,2017-10-31,Moderate,91.0
Bengaluru,2017-11-01,39.88,56.91,6.5,24.85,47.53,26.39,0.48,2.66,43.92,0.0,0.06,,141.0,Moderate,2017-11-01,Moderate,97.42857142857143
Bengaluru,2017-11-02,66.54,57.13,7.2,26.81,50.52,26.14,0.44,4.15,44.38,0.0,0.09,,120.0,Moderate,2017-11-02,Moderate,103.85714285714286
Bengaluru,2017-11-03,58.73,73.54,8.53,29.41,62.33,26.64,0.56,5.08,52.18,0.0,0.15,,159.0,Moderate,2017-11-03,Moderate,117.14285714285714
Bengaluru,2017-11-04,41.02,64.65,14.44,34.07,27.96,26.61,0.76,3.3,43.23,0.02,0.11,,125.0,Moderate,2017-11-04,Moderate,123.57142857142857
Bengaluru,2017-11-05,26.7,29.28,14.87,29.05,23.52,26.44,0.69,3.33,17.19,0.0,0.0,,59.0,Satisfactory,2017-11-05,Satisfactory,118.0
Bengaluru,2017-11-06,22.05,27.3,11.58,29.82,22.24,26.93,0.75,3.15,6.75,0.0,0.25,,49.0,Good,2017-11-06,Good,110.42857142857143
Bengaluru,2017-11-07,27.98,42.42,13.12,33.64,25.13,26.82,0.82,3.51,7.02,0.0,0.28,,68.0,Satisfactory,2017-11-07,Satisfactory,103.0
Bengaluru,2017-11-08,26.89,40.08,13.32,33.43,25.46,26.82,0.86,2.98,13.74,0.0,0.2,,54.0,Satisfactory,2017-11-08,Satisfactory,90.57142857142857
Bengaluru,2017-11-09,25.94,66.25,12.3,37.65,26.42,26.77,0.97,3.26,30.46,0.0,0.21,,70.0,Satisfactory,2017-11-09,Satisfactory,83.42857142857143
Bengaluru,2017-11-10,31.21,51.65,9.12,30.19,20.93,25.71,0.9,2.76,24.08,0.0,0.25,,75.0,Satisfactory,2017-11-10,Satisfactory,71.42857142857143
Bengaluru,2017-11-11,32.87,77.14,10.67,36.09,24.53,26.5,0.99,3.99,30.86,0.0,0.18,,77.0,Satisfactory,2017-11-11,Satisfactory,64.57142857142857
Bengaluru,2017-11-12,26.99,72.0,10.11,36.27,24.2,26.38,0.86,3.85,14.76,0.01,0.0,,69.0,Satisfactory,2017-11-12,Satisfactory,66.0
Bengaluru,2017-11-13,30.4,57.77,9.61,32.51,22.14,26.54,0.74,3.68,43.16,0.0,0.12,,65.0,Satisfactory,2017-11-13,Satisfactory,68.28571428571429
Bengaluru,2017-11-14,26.94,65.86,8.67,30.57,20.53,26.59,0.91,4.15,37.68,0.01,0.0,,68.0,Satisfactory,2017-11-14,Satisfactory,68.28571428571429
Bengaluru,2017-11-15,30.7,66.28,5.9,27.55,17.34,26.72,0.93,3.88,39.31,0.05,0.12,,66.0,Satisfactory,2017-11-15,Satisfactory,70.0
Bengaluru,2017-11-16,37.93,78.07,9.59,34.47,23.09,26.88,0.95,4.34,34.31,0.02,0.14,,76.0,Satisfactory,2017-11-16,Satisfactory,70.85714285714286
Bengaluru,2017-11-17,35.72,71.36,5.76,30.34,18.76,26.65,0.89,3.97,37.48,0.0,0.21,,81.0,Satisfactory,2017-11-17,Satisfactory,71.71428571428571
Bengaluru,2017-11-18,34.96,63.17,8.73,36.57,22.57,26.87,0.71,3.59,19.28,0.01,0.09,,64.0,Satisfactory,2017-11-18,Satisfactory,69.85714285714286
Bengaluru,2017-11-19,30.66,59.05,11.02,39.44,25.1,26.56,0.92,3.76,15.11,0.01,0.0,,68.0,Satisfactory,2017-11-19,Satisfactory,69.71428571428571
Bengaluru,2017-11-20,32.21,58.7,10.9,36.61,25.05,26.43,0.91,3.59,17.27,0.01,0.0,,62.0,Satisfactory,2017-11-20,Satisfactory,69.28571428571429
Bengaluru,2017-11-21,25.79,41.37,12.88,34.1,26.66,26.4,0.89,3.83,3.14,0.0,0.0,,60.0,Satisfactory,2017-11-21,Satisfactory,68.14285714285714
Bengaluru,2017-11-22,44.84,46.73,12.04,37.02,28.5,26.84,0.85,3.36,15.6,0.01,0.14,,65.0,Satisfactory,2017-11-22,Satisfactory,68.0
Bengaluru,2017-11-23,38.07,63.39,11.09,42.75,28.13,27.21,0.98,4.05,28.57,0.0,0.07,,87.0,Satisfactory,2017-11-23,Satisfactory,69.57142857142857
Bengaluru,2017-11-24,17.64,80.23,12.17,46.1,30.94,26.78,0.95,3.89,29.13,0.0,0.07,,82.0,Satisfactory,2017-11-24,Satisfactory,69.71428571428571
Bengaluru,2017-11-25,17.81,81.86,15.43,50.65,34.88,,0.94,3.81,38.5,0.02,0.0,,72.0,Satisfactory,2017-11-25,Satisfactory,70.85714285714286
Bengaluru,2017-11-26,15.67,69.67,15.31,48.12,33.72,,0.9,3.75,35.73,0.0,0.0,,69.0,Satisfactory,2017-11-26,Satisfactory,71.0
Bengaluru,2017-11-27,10.7,57.05,16.9,47.51,34.14,,0.92,3.82,24.36,0.01,0.0,,58.0,Satisfactory,2017-11-27,Satisfactory,70.42857142857143
Bengaluru,2017-11-28,11.46,65.13,15.56,50.06,34.51,,0.93,3.95,22.54,0.02,0.0,,58.0,Satisfactory,2017-11-28,Satisfactory,70.14285714285714
Bengaluru,2017-11-29,197.41,64.65,11.01,39.39,26.59,,0.77,3.99,23.71,0.0,0.0,,82.0,Satisfactory,2017-11-29,Satisfactory,72.57142857142857
Bengaluru,2017-11-30,74.5,36.84,10.38,32.3,22.72,,0.97,4.12,19.73,0.0,0.0,,68.0,Satisfactory,2017-11-30,Satisfactory,69.85714285714286
Bengaluru,2017-12-01,1.76,19.23,8.52,31.43,21.32,,0.65,3.23,4.11,0.0,0.0,,53.0,Satisfactory,2017-12-01,Satisfactory,65.71428571428571
Bengaluru,2017-12-02,1.72,53.35,8.64,35.74,23.42,,0.62,2.98,4.61,0.0,0.0,,26.0,Good,2017-12-02,Good,59.142857142857146
Bengaluru,2017-12-03,32.42,69.73,13.43,42.05,29.32,,0.86,2.16,8.9,0.0,0.02,,54.0,Satisfactory,2017-12-03,Satisfactory,57.0
Bengaluru,2017-12-04,18.72,71.86,13.35,42.47,30.26,,0.86,2.58,24.47,0.0,0.0,,68.0,Satisfactory,2017-12-04,Satisfactory,58.42857142857143
Bengaluru,2017-12-05,11.27,63.98,12.38,40.08,25.19,,0.7,3.02,12.45,0.0,0.0,,63.0,Satisfactory,2017-12-05,Satisfactory,59.142857142857146
Bengaluru,2017-12-06,93.7,92.18,12.0,44.52,28.15,25.89,0.89,4.86,,0.0,0.43,,83.0,Satisfactory,2017-12-06,Satisfactory,59.285714285714285
Bengaluru,2017-12-07,70.22,77.97,15.06,47.64,31.84,37.81,1.27,4.42,,,2.92,,96.0,Satisfactory,2017-12-07,Satisfactory,63.285714285714285
Bengaluru,2017-12-08,103.18,93.55,28.0,66.21,50.17,68.36,1.05,4.75,,,1.33,,120.0,Moderate,2017-12-08,Moderate,72.85714285714286
Bengaluru,2017-12-09,90.59,108.41,21.48,62.95,44.62,30.02,1.1,4.86,,,1.38,,148.0,Moderate,2017-12-09,Moderate,90.28571428571429
Bengaluru,2017-12-10,81.28,117.05,17.62,57.89,38.79,42.43,1.06,4.96,,,1.2,,133.0,Moderate,2017-12-10,Moderate,101.57142857142857
Bengaluru,2017-12-11,63.5,85.74,8.19,38.93,41.9,37.61,0.78,4.41,,,1.31,,143.0,Moderate,2017-12-11,Moderate,112.28571428571429
Bengaluru,2017-12-12,96.11666666666667,85.6,7.87,33.87,33.0,54.97,0.57,3.84,,,1.31,,86.0,Satisfactory,2017-12-12,Satisfactory,115.57142857142857
Bengaluru,2017-12-13,128.73333333333335,93.92,10.44,39.02,28.17,87.2,0.79,3.72,,,1.25,,75.0,Satisfactory,2017-12-13,Satisfactory,114.42857142857143
Bengaluru,2017-12-14,161.35,73.5,16.43,43.69,34.18,56.03,0.94,3.71,,,1.18,,86.0,Satisfactory,2017-12-14,Satisfactory,113.0
Bengaluru,2017-12-15,85.57,55.14,42.05,81.78,67.93,28.03,0.96,2.87,,,1.17,,122.0,Moderate,2017-12-15,Moderate,113.28571428571429
Bengaluru,2017-12-16,75.91,63.26,12.88,42.57,29.85,,0.8,3.2,,,1.13,,119.0,Moderate,2017-12-16,Moderate,109.14285714285714
Bengaluru,2017-12-17,79.75,69.56,12.25,48.64,31.65,,0.89,3.56,,,1.07,,100.0,Satisfactory,2017-12-17,Satisfactory,104.42857142857143
Bengaluru,2017-12-18,84.85,81.51,13.94,63.33,39.92,,0.89,3.66,,,1.14,,108.0,Moderate,2017-12-18,Moderate,99.42857142857143
Bengaluru,2017-12-19,76.92,72.71,10.01,50.27,31.68,65.03,0.97,3.71,,,1.19,,112.0,Moderate,2017-12-19,Moderate,103.14285714285714
Bengaluru,2017-12-20,107.9,70.28,11.34,80.93,88.57,57.13,1.0,6.38,,,1.21,,110.0,Moderate,2017-12-20,Moderate,108.14285714285714
Bengaluru,2017-12-21,84.55,62.23,10.59,115.11,69.84,49.98,0.95,5.76,,,1.13,,131.0,Moderate,2017-12-21,Moderate,114.57142857142857
Bengaluru,2017-12-22,71.71,58.04,11.41,142.35,77.93,37.0,0.95,3.32,,,1.17,,93.0,Satisfactory,2017-12-22,Satisfactory,110.42857142857143
Bengaluru,2017-12-23,56.14,60.26,10.11,61.7,37.69,80.1,0.9,3.55,,,1.22,,91.0,Satisfactory,2017-12-23,Satisfactory,106.42857142857143
Bengaluru,2017-12-24,48.78,38.57,3.71,31.49,17.8,84.26,0.69,2.29,,,1.11,,70.0,Satisfactory,2017-12-24,Satisfactory,102.14285714285714
Bengaluru,2017-12-25,159.52,45.31,4.58,29.62,14.41,72.53,0.71,2.78,,,1.22,,91.0,Satisfactory,2017-12-25,Satisfactory,99.71428571428571
Bengaluru,2017-12-26,63.3,60.95,7.62,32.19,20.89,37.01,0.81,2.72,,,1.21,,174.0,Moderate,2017-12-26,Moderate,108.57142857142857
Bengaluru,2017-12-27,73.7,87.05,6.4,44.73,26.75,9.77,0.91,3.4,,0.0,0.97,,99.0,Satisfactory,2017-12-27,Satisfactory,107.0
Bengaluru,2017-12-28,62.76,83.3,7.0,44.56,25.49,10.45,0.96,3.38,52.72,0.0,0.95,,109.0,Moderate,2017-12-28,Moderate,103.85714285714286
Bengaluru,2017-12-29,32.57,74.48,10.82,48.73,27.48,9.6,1.13,3.6,17.18,,1.2,,85.0,Satisfactory,2017-12-29,Satisfactory,102.71428571428571
Bengaluru,2017-12-30,26.74,70.68,10.05,42.6,24.2,8.98,1.06,3.26,33.48,,1.16,,77.0,Satisfactory,2017-12-30,Satisfactory,100.71428571428571
Bengaluru,2017-12-31,18.29,59.11,11.9,41.94,24.62,,1.02,2.95,32.36,,,,72.0,Satisfactory,2017-12-31,Satisfactory,101.0
Bengaluru,2018-01-01,38.06,74.54,9.91,42.23,22.62,,1.04,3.2,25.89,,,,73.0,Satisfactory,2018-01-01,Satisfactory,98.42857142857143
Bengaluru,2018-01-02,35.12,78.63,7.16,41.7,21.46,,1.0,3.37,24.78,,,,86.0,Satisfactory,2018-01-02,Satisfactory,85.85714285714286
Bengaluru,2018-01-03,28.84,69.71,9.57,50.19,25.24,,1.09,2.8,35.27,,,,84.0,Satisfactory,2018-01-03,Satisfactory,83.71428571428571
Bengaluru,2018-01-04,24.57,80.05,6.77,46.14,25.4,,0.96,3.32,46.62,,,,86.0,Satisfactory,2018-01-04,Satisfactory,80.42857142857143
Bengaluru,2018-01-05,24.31,93.29,7.99,52.5,27.28,,1.04,5.34,51.89,,,,95.0,Satisfactory,2018-01-05,Satisfactory,81.85714285714286
Bengaluru,2018-01-06,30.02,94.22,7.64,51.77,26.54,,0.98,4.28,59.57,,,,102.0,Moderate,2018-01-06,Moderate,85.42857142857143
Bengaluru,2018-01-07,40.05,94.39,8.23,49.36,24.43,,0.99,3.37,62.13,,,,104.0,Moderate,2018-01-07,Moderate,90.0
Bengaluru,2018-01-08,34.88,77.23,5.06,46.38,24.61,,0.93,4.26,76.84,,,,93.0,Satisfactory,2018-01-08,Satisfactory,92.85714285714286
Bengaluru,2018-01-09,28.74,76.89,6.83,43.41,22.08,,0.96,16.6,70.18,3.33,23.53,,84.0,Satisfactory,2018-01-09,Satisfactory,92.57142857142857
Bengaluru,2018-01-10,31.37,71.0,6.82,29.81,20.93,45.45,0.89,3.16,54.29,0.0,0.39,,75.0,Satisfactory,2018-01-10,Satisfactory,91.28571428571429
Bengaluru,2018-01-11,54.32,63.45,11.14,45.27,31.34,48.27,0.96,4.91,37.03,0.0,0.32,,76.0,Satisfactory,2018-01-11,Satisfactory,89.85714285714286
Bengaluru,2018-01-12,37.55,76.54,8.15,36.51,24.24,42.34,1.35,5.74,48.6,0.0,0.3,,115.0,Moderate,2018-01-12,Moderate,92.71428571428571
Bengaluru,2018-01-13,36.12,98.69,9.71,43.3,28.98,41.38,0.93,3.51,47.39,0.0,0.25,,101.0,Moderate,2018-01-13,Moderate,92.57142857142857
Bengaluru,2018-01-14,34.43,110.99,10.94,44.87,30.63,36.21,1.29,3.2,53.1,0.0,1.11,,118.0,Moderate,2018-01-14,Moderate,94.57142857142857
Bengaluru,2018-01-15,38.84,100.57,5.56,33.96,20.85,33.68,0.89,3.35,66.4,0.0,0.23,,98.0,Satisfactory,2018-01-15,Satisfactory,95.28571428571429
Bengaluru,2018-01-16,41.35,99.23,7.45,41.68,26.35,36.95,0.92,3.47,59.88,0.0,0.22,,92.0,Satisfactory,2018-01-16,Satisfactory,96.42857142857143
Bengaluru,2018-01-17,46.76,101.11,6.61,37.47,23.5,36.51,0.92,3.58,64.8,0.0,0.29,,98.0,Satisfactory,2018-01-17,Satisfactory,99.71428571428571
Bengaluru,2018-01-18,37.73,103.52,6.75,39.62,24.32,34.11,1.01,3.66,65.34,0.0,0.39,,100.0,Satisfactory,2018-01-18,Satisfactory,103.14285714285714
Bengaluru,2018-01-19,55.0,92.99,5.92,38.68,23.41,36.27,1.21,4.22,71.99,0.0,0.36,,104.0,Moderate,2018-01-19,Moderate,101.57142857142857
Bengaluru,2018-01-20,33.34,114.17,5.78,38.67,23.33,40.27,1.16,4.32,80.04,0.0,0.37,,122.0,Moderate,2018-01-20,Moderate,104.57142857142857
Bengaluru,2018-01-21,33.55,104.31,4.8,33.77,20.26,45.24,1.14,3.97,81.55,0.0,0.26,,103.0,Moderate,2018-01-21,Moderate,102.42857142857143
Bengaluru,2018-01-22,39.03,119.95,3.95,34.14,19.57,50.22,1.14,4.24,77.88,0.0,0.44,,96.0,Satisfactory,2018-01-22,Satisfactory,102.14285714285714
Bengaluru,2018-01-23,48.08,132.27,4.23,35.2,20.22,57.58,1.24,4.59,60.85,0.08,0.39,,102.0,Moderate,2018-01-23,Moderate,103.57142857142857
Bengaluru,2018-01-24,45.88,125.43,8.52,44.92,28.47,68.02,1.19,4.59,43.36,0.2,0.39,,104.0,Moderate,2018-01-24,Moderate,104.42857142857143
Bengaluru,2018-01-25,39.93,129.02,5.5,33.76,20.55,64.75,1.06,4.19,56.22,0.0,0.35,,101.0,Moderate,2018-01-25,Moderate,104.57142857142857
Bengaluru,2018-01-26,39.28,117.17,4.06,32.42,18.82,57.65,0.94,4.24,63.78,0.0,0.39,,98.0,Satisfactory,2018-01-26,Satisfactory,103.71428571428571
Bengaluru,2018-01-27,47.03,143.26,5.03,36.38,21.59,57.83,1.04,4.21,61.21,0.04,0.46,,104.0,Moderate,2018-01-27,Moderate,101.14285714285714
Bengaluru,2018-01-28,39.38,124.79,3.93,30.66,18.06,58.16,0.89,4.28,62.46,0.0,0.29,,109.0,Moderate,2018-01-28,Moderate,102.0
Bengaluru,2018-01-29,33.47,114.19,4.67,36.21,20.86,60.91,1.05,4.17,55.34,0.0,0.29,,94.0,Satisfactory,2018-01-29,Satisfactory,101.71428571428571
Bengaluru,2018-01-30,53.56,115.21,4.15,32.79,18.96,70.16,0.99,3.89,56.31,0.0,0.4,,99.0,Satisfactory,2018-01-30,Satisfactory,101.28571428571429
Bengaluru,2018-01-31,37.93,112.97,4.4,36.09,20.81,73.36,1.06,4.07,52.6,0.0,0.46,,109.0,Moderate,2018-01-31,Moderate,102.0
Bengaluru,2018-02-01,33.99,106.5,9.03,49.14,31.0,81.64,1.08,5.01,41.2,0.0,0.41,,94.0,Satisfactory,2018-02-01,Satisfactory,101.0
Bengaluru,2018-02-02,29.63,103.77,5.9,42.78,25.09,75.97,1.44,4.38,49.36,0.0,1.34,,118.0,Moderate,2018-02-02,Moderate,103.85714285714286
Bengaluru,2018-02-03,28.81,104.97,4.62,33.25,19.43,75.86,1.04,6.48,46.48,0.0,0.24,,88.0,Satisfactory,2018-02-03,Satisfactory,101.57142857142857
Bengaluru,2018-02-04,23.31,99.74,4.32,32.25,17.81,60.26,0.93,12.74,42.53,0.01,0.02,,87.0,Satisfactory,2018-02-04,Satisfactory,98.42857142857143
Bengaluru,2018-02-05,29.23,94.58,5.35,32.53,19.56,74.39,0.95,3.37,40.8,0.0,0.18,,81.0,Satisfactory,2018-02-05,Satisfactory,96.57142857142857
Bengaluru,2018-02-06,32.55,98.75,3.97,29.05,17.18,83.02,0.89,3.52,40.51,0.0,0.26,,85.0,Satisfactory,2018-02-06,Satisfactory,94.57142857142857
Bengaluru,2018-02-07,30.93,95.75,5.67,30.04,18.77,89.31,0.94,3.22,25.11,0.0,0.07,,79.0,Satisfactory,2018-02-07,Satisfactory,90.28571428571429
Bengaluru,2018-02-08,35.48,87.19,13.58,45.34,32.12,94.19,1.1,4.2,27.4,0.0,0.25,,80.0,Satisfactory,2018-02-08,Satisfactory,88.28571428571429
Bengaluru,2018-02-09,37.87,96.52,7.72,43.01,26.93,98.39,1.01,4.36,30.91,2.62,2.58,,95.0,Satisfactory,2018-02-09,Satisfactory,85.0
Bengaluru,2018-02-10,30.34,84.89,8.37,39.51,25.66,90.65,0.99,6.63,25.27,1.74,4.2,,83.0,Satisfactory,2018-02-10,Satisfactory,84.28571428571429
Bengaluru,2018-02-11,28.29,96.63,5.06,23.84,14.77,62.54,0.88,3.42,38.11,0.64,0.92,,76.0,Satisfactory,2018-02-11,Satisfactory,82.71428571428571
Bengaluru,2018-02-12,27.9,88.93,5.34,24.85,15.02,,0.98,2.99,32.61,0.47,0.89,,74.0,Satisfactory,2018-02-12,Satisfactory,81.71428571428571
Bengaluru,2018-02-13,30.53,55.15,3.37,17.2,12.96,,1.01,1.84,44.28,0.4,0.91,,78.0,Satisfactory,2018-02-13,Satisfactory,80.71428571428571
Bengaluru,2018-02-14,32.43,68.55,3.69,17.59,13.54,,0.96,1.61,38.23,0.3,0.8,,71.0,Satisfactory,2018-02-14,Satisfactory,79.57142857142857
Bengaluru,2018-02-15,30.19,59.31,3.96,18.7,15.35,,0.96,1.47,35.76,0.72,0.96,,71.0,Satisfactory,2018-02-15,Satisfactory,78.28571428571429
Bengaluru,2018-02-16,29.62,53.91,6.66,30.03,22.24,,0.98,2.79,36.38,0.88,1.17,,70.0,Satisfactory,2018-02-16,Satisfactory,74.71428571428571
Bengaluru,2018-02-17,32.11,70.68,8.19,37.85,23.18,,1.03,8.54,43.4,1.51,1.91,,77.0,Satisfactory,2018-02-17,Satisfactory,73.85714285714286
Bengaluru,2018-02-18,27.53,64.77,3.13,22.89,15.17,,0.95,5.69,49.17,0.94,0.91,,83.0,Satisfactory,2018-02-18,Satisfactory,74.85714285714286
Bengaluru,2018-02-19,28.6,62.32,3.48,26.23,17.17,,1.05,4.22,51.46,0.71,1.06,,82.0,Satisfactory,2018-02-19,Satisfactory,76.0
Bengaluru,2018-02-20,28.89,66.18,2.78,22.48,16.61,,1.09,3.15,55.88,0.56,1.02,,81.0,Satisfactory,2018-02-20,Satisfactory,76.42857142857143
Bengaluru,2018-02-21,34.62,79.69,5.45,32.97,20.66,,0.98,3.36,52.95,0.9,1.12,,80.0,Satisfactory,2018-02-21,Satisfactory,77.71428571428571
Bengaluru,2018-02-22,37.13,64.91,7.04,39.61,26.13,,0.95,3.19,52.15,0.87,1.19,,82.0,Satisfactory,2018-02-22,Satisfactory,79.28571428571429
Bengaluru,2018-02-23,34.6,71.15,3.84,31.9,19.82,,0.94,2.94,52.09,0.68,1.04,,83.0,Satisfactory,2018-02-23,Satisfactory,81.14285714285714
Bengaluru,2018-02-24,26.41,56.42,3.63,19.98,15.15,,0.96,2.35,35.76,0.18,0.83,,81.0,Satisfactory,2018-02-24,Satisfactory,81.71428571428571
Bengaluru,2018-02-25,21.87,33.81,3.17,14.46,13.05,,0.92,2.34,37.55,0.03,0.69,,69.0,Satisfactory,2018-02-25,Satisfactory,79.71428571428571
Bengaluru,2018-02-26,21.31,25.9,7.96,27.46,23.09,,1.01,2.61,30.2,0.41,0.9,,68.0,Satisfactory,2018-02-26,Satisfactory,77.71428571428571
Bengaluru,2018-02-27,23.35,30.13,7.4,26.31,20.8,,0.94,3.87,32.51,0.29,0.78,,71.0,Satisfactory,2018-02-27,Satisfactory,76.28571428571429
Bengaluru,2018-02-28,29.3,56.03,7.13,32.9,25.1,,1.04,3.4,31.63,0.63,0.99,,81.0,Satisfactory,2018-02-28,Satisfactory,76.42857142857143
Bengaluru,2018-03-01,29.48,99.47,4.8,27.41,20.33,,0.95,3.09,36.47,0.53,0.92,,83.0,Satisfactory,2018-03-01,Satisfactory,76.57142857142857
Bengaluru,2018-03-02,30.38,116.47,4.88,38.24,21.33,,0.98,3.53,45.24,0.63,0.98,,87.0,Satisfactory,2018-03-02,Satisfactory,77.14285714285714
Bengaluru,2018-03-03,38.39,121.49,6.26,36.26,26.83,,1.0,3.14,43.82,0.77,1.17,,92.0,Satisfactory,2018-03-03,Satisfactory,78.71428571428571
Bengaluru,2018-03-04,36.56,128.58,3.02,24.85,31.34,,1.02,4.2,44.8,0.5,0.91,,84.0,Satisfactory,2018-03-04,Satisfactory,80.85714285714286
Bengaluru,2018-03-05,30.79,94.71,7.78,34.44,39.95,,1.02,3.71,36.83,0.47,0.93,,86.0,Satisfactory,2018-03-05,Satisfactory,83.42857142857143
Bengaluru,2018-03-06,32.09,109.19,5.78,32.76,29.06,,0.96,3.85,33.61,0.4,0.93,,87.0,Satisfactory,2018-03-06,Satisfactory,85.71428571428571
Bengaluru,2018-03-07,33.88,114.17,3.4,25.14,19.18,,0.98,3.83,46.63,0.38,0.75,,90.0,Satisfactory,2018-03-07,Satisfactory,87.0
Bengaluru,2018-03-08,41.37,125.36,4.18,27.15,19.49,,1.08,3.66,40.31,0.35,0.7,,99.0,Satisfactory,2018-03-08,Satisfactory,89.28571428571429
Bengaluru,2018-03-09,59.48,133.95,12.31,47.26,31.65,,1.09,4.07,40.87,1.1,1.5,,104.0,Moderate,2018-03-09,Moderate,91.71428571428571
Bengaluru,2018-03-10,59.82,143.26,4.32,37.1,25.26,,1.05,4.18,33.03,0.41,0.94,,109.0,Moderate,2018-03-10,Moderate,94.14285714285714
Bengaluru,2018-03-11,45.19,123.62,2.76,22.32,20.37,,1.03,3.7,45.61,0.2,0.53,,106.0,Moderate,2018-03-11,Moderate,97.28571428571429
Bengaluru,2018-03-12,35.82,105.52,3.16,17.43,16.54,,1.05,4.01,38.92,0.03,0.25,,92.0,Satisfactory,2018-03-12,Satisfactory,98.14285714285714
Bengaluru,2018-03-13,20.49,63.71,4.21,14.01,13.79,,1.14,4.08,20.48,0.05,0.58,,76.0,Satisfactory,2018-03-13,Satisfactory,96.57142857142857
Bengaluru,2018-03-14,29.23,85.74,3.6,16.94,15.38,,1.15,4.17,38.25,0.0,0.77,,75.0,Satisfactory,2018-03-14,Satisfactory,94.42857142857143
Bengaluru,2018-03-15,26.46,54.8,8.41,22.08,17.84,,1.15,3.95,26.5,0.22,1.07,,77.0,Satisfactory,2018-03-15,Satisfactory,91.28571428571429
Bengaluru,2018-03-16,19.13,33.54,7.07,28.79,15.29,,1.03,3.88,23.65,0.03,0.76,,71.0,Satisfactory,2018-03-16,Satisfactory,86.57142857142857
Bengaluru,2018-03-17,23.01,33.85,5.6,27.98,22.16,,1.02,4.27,26.48,0.3,1.22,,74.0,Satisfactory,2018-03-17,Satisfactory,81.57142857142857
Bengaluru,2018-03-18,20.75,33.52,3.76,16.69,25.18,,1.09,3.39,20.61,0.0,0.57,,53.0,Satisfactory,2018-03-18,Satisfactory,74.0
Bengaluru,2018-03-19,31.94,57.31,4.22,24.94,28.1,,0.97,3.33,50.57,0.06,0.53,,61.0,Satisfactory,2018-03-19,Satisfactory,69.57142857142857
Bengaluru,2018-03-20,43.91,70.07,4.42,35.38,34.02,,1.49,3.26,46.5,0.26,0.85,,97.0,Satisfactory,2018-03-20,Satisfactory,72.57142857142857
Bengaluru,2018-03-21,42.72,98.38,3.75,31.97,31.3,,1.55,3.02,53.46,0.25,1.1,,124.0,Moderate,2018-03-21,Moderate,79.57142857142857
Bengaluru,2018-03-22,31.78,176.51,19.92,50.97,38.75,,1.83,3.78,34.26,0.71,1.46,,135.0,Moderate,2018-03-22,Moderate,87.85714285714286
Bengaluru,2018-03-23,40.18,136.77,27.3,62.66,50.12,,1.23,3.89,32.05,1.39,2.08,,127.0,Moderate,2018-03-23,Moderate,95.85714285714286
Bengaluru,2018-03-24,37.72,141.77,4.06,27.94,28.5,,0.82,3.61,58.64,0.23,1.14,,100.0,Satisfactory,2018-03-24,Satisfactory,99.57142857142857
Bengaluru,2018-03-25,38.84,113.42,4.49,27.43,47.05,,1.05,3.59,54.78,0.0,0.77,,98.0,Satisfactory,2018-03-25,Satisfactory,106.0
Bengaluru,2018-03-26,29.345000000000002,94.3,6.77,35.66,31.84,,0.67,5.17,,0.0,0.77,,100.0,Satisfactory,2018-03-26,Satisfactory,111.57142857142857
Bengaluru,2018-03-27,19.85,72.36,7.68,34.2,23.6,,0.78,6.99,73.5,1.58,1.04,,87.0,Satisfactory,2018-03-27,Satisfactory,110.14285714285714
Bengaluru,2018-03-30,20.550769230769234,126.18,3.64,25.98,34.17,,1.05,1.48,,0.0,0.78,,118.0,Moderate,2018-03-30,Moderate,109.28571428571429
Bengaluru,2018-03-31,21.251538461538463,95.37,3.67,24.6,27.21,,1.05,2.58,,0.0,0.82,,104.0,Moderate,2018-03-31,Moderate,104.85714285714286
Bengaluru,2018-04-01,21.952307692307695,112.89,3.56,22.45,17.49,,0.86,2.83,,0.0,0.74,,102.0,Moderate,2018-04-01,Moderate,101.28571428571429
Bengaluru,2018-04-02,22.653076923076924,96.92,5.94,26.81,31.9,,1.0,3.0,,0.0,0.76,,107.0,Moderate,2018-04-02,Moderate,102.28571428571429
Bengaluru,2018-04-03,23.353846153846156,100.63,9.49,40.15,49.37,,1.15,3.91,,0.0,0.86,,98.0,Satisfactory,2018-04-03,Satisfactory,102.28571428571429
Bengaluru,2018-04-04,24.054615384615385,106.41,5.83,35.38,45.2,,0.89,3.42,,0.0,0.76,,108.0,Moderate,2018-04-04,Moderate,103.42857142857143
Bengaluru,2018-04-05,24.755384615384617,114.6,5.13,33.5,51.07,,1.22,3.39,,0.0,0.78,,107.0,Moderate,2018-04-05,Moderate,106.28571428571429
Bengaluru,2018-04-13,28.96,57.17,5.8,25.44,41.42,,0.98,3.56,,0.0,0.69,,65.0,Satisfactory,2018-04-13,Satisfactory,98.71428571428571
Bengaluru,2018-04-14,29.45,60.06,4.67,22.0,35.53,,0.96,3.8,,0.0,0.42,,62.0,Satisfactory,2018-04-14,Satisfactory,92.71428571428571
Bengaluru,2018-04-15,29.94,57.83,3.99,16.94,17.16,,0.67,3.42,,0.0,0.33,,65.0,Satisfactory,2018-04-15,Satisfactory,87.42857142857143
Bengaluru,2018-04-16,30.43,55.0,5.41,19.09,12.56,,0.69,3.01,,0.28,0.42,,61.0,Satisfactory,2018-04-16,Satisfactory,80.85714285714286
Bengaluru,2018-04-17,32.38,61.9,7.83,27.27,32.3,,0.87,2.74,,0.0,0.28,,70.0,Satisfactory,2018-04-17,Satisfactory,76.85714285714286
Bengaluru,2018-04-18,36.4,69.46,6.2,30.93,35.66,,0.96,2.73,,0.0,0.32,,67.0,Satisfactory,2018-04-18,Satisfactory,71.0
Bengaluru,2018-04-19,47.67,79.33,4.34,27.36,18.62,,0.91,6.9,,0.91,1.2,,81.0,Satisfactory,2018-04-19,Satisfactory,67.28571428571429
Bengaluru,2018-04-20,36.52,60.94,8.43,32.2,27.12,,0.85,2.28,66.22,1.5,1.82,,85.0,Satisfactory,2018-04-20,Satisfactory,70.14285714285714
Bengaluru,2018-04-21,33.4,84.17,7.43,37.81,41.59,,0.9,2.7,,1.87,2.19,,79.0,Satisfactory,2018-04-21,Satisfactory,72.57142857142857
Bengaluru,2018-04-22,33.42,75.88,3.64,19.6,23.46,,0.78,3.94,,1.86,2.05,,74.0,Satisfactory,2018-04-22,Satisfactory,73.85714285714286
Bengaluru,2018-04-23,41.19,60.47,4.23,19.98,22.84,,0.8,3.94,90.99,1.72,2.14,,66.0,Satisfactory,2018-04-23,Satisfactory,74.57142857142857
Bengaluru,2018-04-24,42.62,77.31,6.45,29.87,24.4,,0.82,4.05,55.89,1.75,1.94,,82.0,Satisfactory,2018-04-24,Satisfactory,76.28571428571429
Bengaluru,2018-04-25,42.99,58.32,9.48,53.65,29.28,,0.98,4.06,49.01,2.7,2.85,,74.0,Satisfactory,2018-04-25,Satisfactory,77.28571428571429
Bengaluru,2018-04-26,49.93,61.192608695652176,3.29,24.84,21.13,,0.85,5.71,46.4,2.74,2.63,,83.0,Satisfactory,2018-04-26,Satisfactory,77.57142857142857
Bengaluru,2018-04-27,44.12,64.06521739130434,2.79,20.7,30.23,,1.16,5.25,53.72,1.71,1.8,,103.0,Moderate,2018-04-27,Moderate,80.14285714285714
Bengaluru,2018-04-28,39.22,66.93782608695652,3.52,21.73,31.32,,0.91,5.54,40.12,0.76,1.24,,82.0,Satisfactory,2018-04-28,Satisfactory,80.57142857142857
Bengaluru,2018-04-29,44.57,69.8104347826087,3.55,28.96,26.98,,0.69,6.03,45.33,0.85,1.32,,81.0,Satisfactory,2018-04-29,Satisfactory,81.57142857142857
Bengaluru,2018-04-30,187.49,72.68304347826087,3.4,25.4,12.72,,1.14,5.46,46.3,0.81,1.19,,100.0,Satisfactory,2018-04-30,Satisfactory,86.42857142857143
Bengaluru,2018-05-01,59.11,75.55565217391305,3.0,18.64,9.9,,0.59,6.12,48.92,0.12,0.43,,352.0,Very Poor,2018-05-01,Very Poor,125.0
Bengaluru,2018-05-02,65.71,78.42826086956521,3.54,24.39,21.7,,0.9,9.43,41.52,0.22,0.54,,114.0,Moderate,2018-05-02,Moderate,130.71428571428572
Bengaluru,2018-05-18,43.05,124.39,13.78,33.14,27.53,,1.1,4.09,35.22,0.82,1.37,,92.0,Satisfactory,2018-05-18,Satisfactory,132.0
Bengaluru,2018-05-19,45.09,94.78,17.64,42.69,34.28,,0.98,4.82,42.52,0.99,1.6,,98.0,Satisfactory,2018-05-19,Satisfactory,131.28571428571428
Bengaluru,2018-05-20,47.83,66.81,3.31,18.67,10.96,,0.79,4.3,47.98,0.7,1.17,,80.0,Satisfactory,2018-05-20,Satisfactory,131.0
Bengaluru,2018-05-21,52.64,58.23,8.66,33.17,19.8,,0.8,4.51,36.12,0.98,1.28,,71.0,Satisfactory,2018-05-21,Satisfactory,129.57142857142858
Bengaluru,2018-05-22,59.24,71.88,5.24,35.39,20.95,,1.06,3.12,41.2,0.47,1.02,,90.0,Satisfactory,2018-05-22,Satisfactory,128.14285714285714
Bengaluru,2018-05-23,62.6,84.46,7.04,35.36,26.25,,0.93,4.33,30.74,0.52,1.38,,117.0,Moderate,2018-05-23,Moderate,94.57142857142857
Bengaluru,2018-05-24,35.4,65.64,6.35,32.53,21.18,,0.92,4.77,34.78,0.37,1.04,,70.0,Satisfactory,2018-05-24,Satisfactory,88.28571428571429
Bengaluru,2018-05-25,46.14,64.28,7.52,30.05,21.53,,0.95,4.87,27.78,0.28,1.07,,73.0,Satisfactory,2018-05-25,Satisfactory,85.57142857142857
Bengaluru,2018-05-26,33.64,43.62,13.58,30.58,26.53,,1.12,3.78,22.59,0.36,0.76,,76.0,Satisfactory,2018-05-26,Satisfactory,82.42857142857143
Bengaluru,2018-05-27,41.73,52.37,11.87,29.69,27.37,,1.02,3.86,19.04,0.17,0.61,,89.0,Satisfactory,2018-05-27,Satisfactory,83.71428571428571
Bengaluru,2018-05-28,29.29,48.38,6.2,18.87,18.11,,1.19,4.26,30.76,0.09,0.53,,80.0,Satisfactory,2018-05-28,Satisfactory,85.0
Bengaluru,2018-05-29,16.92,27.94,6.37,15.29,17.52,,1.18,3.57,27.82,0.1,1.02,,67.0,Satisfactory,2018-05-29,Satisfactory,81.71428571428571
Bengaluru,2018-05-30,35.67,38.75,6.7,21.27,16.18,,1.01,3.68,23.37,0.2,1.29,,60.0,Satisfactory,2018-05-30,Satisfactory,73.57142857142857
Bengaluru,2018-05-31,33.16,41.38,7.15,22.99,17.21,,1.03,3.55,21.01,0.47,2.92,,73.0,Satisfactory,2018-05-31,Satisfactory,74.0
Bengaluru,2018-06-01,42.07,60.8,8.89,25.48,19.15,,0.99,3.69,24.28,0.28,1.56,,68.0,Satisfactory,2018-06-01,Satisfactory,73.28571428571429
Bengaluru,2018-06-02,44.47,54.34,10.58,35.43,24.13,,1.06,6.55,23.96,0.43,2.13,,86.0,Satisfactory,2018-06-02,Satisfactory,74.71428571428571
Bengaluru,2018-06-03,38.79,29.26,7.51,22.36,15.78,,1.01,4.18,16.46,0.28,1.76,,88.0,Satisfactory,2018-06-03,Satisfactory,74.57142857142857
Bengaluru,2018-06-04,23.35,28.86,8.65,20.58,16.36,,0.96,4.39,15.51,0.11,0.94,,60.0,Satisfactory,2018-06-04,Satisfactory,71.71428571428571
Bengaluru,2018-06-05,25.5,22.18,8.03,16.5,15.62,,0.94,6.31,16.54,0.13,1.09,,61.0,Satisfactory,2018-06-05,Satisfactory,70.85714285714286
Bengaluru,2018-06-06,22.77,27.69,7.8,17.25,15.45,,1.04,7.21,12.58,0.11,1.02,,63.0,Satisfactory,2018-06-06,Satisfactory,71.28571428571429
Bengaluru,2018-06-07,25.27,31.71,9.77,16.84,17.37,,1.0,5.85,13.22,0.07,0.77,,70.0,Satisfactory,2018-06-07,Satisfactory,70.85714285714286
Bengaluru,2018-06-08,19.28,21.36,9.94,15.8,16.94,18.55,0.91,6.23,11.05,0.05,0.64,,50.0,Good,2018-06-08,Good,68.28571428571429
Bengaluru,2018-06-09,19.32,26.98,9.68,16.01,16.88,,0.96,5.35,15.82,0.06,0.56,,52.0,Satisfactory,2018-06-09,Satisfactory,63.42857142857143
Bengaluru,2018-06-10,18.93,28.7,13.55,20.85,20.16,,0.92,5.19,12.71,0.01,0.51,,51.0,Satisfactory,2018-06-10,Satisfactory,58.142857142857146
Bengaluru,2018-06-11,23.76,34.25,10.26,15.51,18.29,,0.99,4.66,10.74,0.28,0.88,,65.0,Satisfactory,2018-06-11,Satisfactory,58.857142857142854
Bengaluru,2018-06-12,23.78,48.19,9.05,13.32,15.48,,0.99,3.37,13.91,1.11,2.42,,50.0,Good,2018-06-12,Good,57.285714285714285
Bengaluru,2018-06-13,27.34,48.59,10.17,15.9,18.48,,0.95,4.0,12.97,1.03,2.41,,49.0,Good,2018-06-13,Good,55.285714285714285
Bengaluru,2018-06-14,31.79,35.64,10.85,19.26,20.84,,1.02,2.91,16.41,0.59,1.4,,61.0,Satisfactory,2018-06-14,Satisfactory,54.0
Bengaluru,2018-06-15,61.43,33.51,9.95,23.54,21.94,54.13,1.01,3.21,18.53,0.85,1.74,,83.0,Satisfactory,2018-06-15,Satisfactory,58.714285714285715
Bengaluru,2018-06-16,22.24,43.59,9.44,18.63,20.74,65.66,1.09,3.24,13.77,1.22,2.42,,106.0,Moderate,2018-06-16,Moderate,66.42857142857143
Bengaluru,2018-06-17,17.38,42.66,9.08,15.39,18.77,65.85,1.06,3.83,8.71,0.88,1.8,,55.0,Satisfactory,2018-06-17,Satisfactory,67.0
Bengaluru,2018-06-18,13.38,100.6,9.51,14.75,19.88,52.88,1.15,4.93,11.02,0.78,1.56,,69.0,Satisfactory,2018-06-18,Satisfactory,67.57142857142857
Bengaluru,2018-06-19,32.62,100.12,8.27,12.51,17.4,39.88,1.06,4.53,14.71,0.64,1.24,,81.0,Satisfactory,2018-06-19,Satisfactory,72.0
Bengaluru,2018-06-20,13.64,73.69,8.31,14.01,18.08,39.82,1.06,4.83,21.95,0.57,1.2,,69.0,Satisfactory,2018-06-20,Satisfactory,74.85714285714286
Bengaluru,2018-06-21,16.71,76.66,7.76,20.26,20.93,39.87,1.02,5.1,25.83,0.53,1.18,,64.0,Satisfactory,2018-06-21,Satisfactory,75.28571428571429
Bengaluru,2018-06-22,18.94,79.08,10.67,31.69,27.45,40.19,1.02,4.68,26.92,0.53,1.22,,64.0,Satisfactory,2018-06-22,Satisfactory,72.57142857142857
Bengaluru,2018-06-23,23.76,55.83,9.93,23.67,22.5,43.21,1.03,4.7,17.71,0.68,1.45,,66.0,Satisfactory,2018-06-23,Satisfactory,66.85714285714286
Bengaluru,2018-06-24,21.84,73.73,7.93,15.51,18.69,43.75,0.98,4.64,15.09,0.3,0.83,,64.0,Satisfactory,2018-06-24,Satisfactory,68.14285714285714
Bengaluru,2018-06-25,51.82,70.62,6.93,14.77,16.14,39.41,1.01,4.79,14.73,0.36,1.09,,87.0,Satisfactory,2018-06-25,Satisfactory,70.71428571428571
Bengaluru,2018-06-26,32.62,56.97,5.69,13.9,13.51,42.98,0.93,4.78,18.29,0.34,0.86,,92.0,Satisfactory,2018-06-26,Satisfactory,72.28571428571429
Bengaluru,2018-06-27,11.68,42.25,4.95,15.17,12.58,42.71,1.02,4.87,16.43,0.36,0.93,,60.0,Satisfactory,2018-06-27,Satisfactory,71.0
Bengaluru,2018-06-28,9.23,34.44,6.3,17.93,14.8,42.01,0.99,5.5,15.6,0.5,1.13,,57.0,Satisfactory,2018-06-28,Satisfactory,70.0
Bengaluru,2018-06-29,11.93,44.86,10.26,17.94,17.54,37.54,0.99,5.95,17.84,0.54,1.32,,51.0,Satisfactory,2018-06-29,Satisfactory,68.14285714285714
Bengaluru,2018-06-30,18.23,65.8,32.78,33.04,38.97,26.36,1.0,6.63,10.67,0.88,2.0,,66.0,Satisfactory,2018-06-30,Satisfactory,68.14285714285714
Bengaluru,2018-07-01,19.15,64.03,24.59,22.68,32.18,26.09,0.89,6.11,11.29,2.3,5.82,,72.0,Satisfactory,2018-07-01,Satisfactory,69.28571428571429
Bengaluru,2018-07-02,16.29,55.13,28.13,27.31,31.9,24.06,0.88,6.9,16.14,0.64,2.13,,63.0,Satisfactory,2018-07-02,Satisfactory,65.85714285714286
Bengaluru,2018-07-03,21.63,62.68,23.02,20.07,28.51,20.48,0.87,7.51,16.04,0.66,3.0,,63.0,Satisfactory,2018-07-03,Satisfactory,61.714285714285715
Bengaluru,2018-07-04,18.55,71.37,17.71,15.35,23.4,22.71,0.79,6.49,14.42,0.58,3.48,,60.0,Satisfactory,2018-07-04,Satisfactory,61.714285714285715
Bengaluru,2018-07-05,20.36,74.52,17.18,17.48,24.0,21.44,0.82,6.47,15.83,0.55,3.5,,61.0,Satisfactory,2018-07-05,Satisfactory,62.285714285714285
Bengaluru,2018-07-06,21.44,58.91,17.06,16.86,23.64,22.71,0.86,6.63,15.59,0.52,3.34,,65.0,Satisfactory,2018-07-06,Satisfactory,64.28571428571429
Bengaluru,2018-07-07,15.56,38.84,13.94,17.49,22.69,22.06,0.76,7.2,18.73,0.5,3.18,,56.0,Satisfactory,2018-07-07,Satisfactory,62.857142857142854
Bengaluru,2018-07-08,22.83,42.49,13.04,14.5,19.14,22.05,0.89,7.09,16.35,0.51,3.42,,62.0,Satisfactory,2018-07-08,Satisfactory,61.42857142857143
Bengaluru,2018-07-09,21.11,56.44,20.04,18.16,27.64,22.46,0.88,7.5,13.71,0.6,3.99,,66.0,Satisfactory,2018-07-09,Satisfactory,61.857142857142854
Bengaluru,2018-07-10,36.65,52.63,19.76,20.32,28.01,20.65,0.87,7.49,14.05,0.51,4.06,,63.0,Satisfactory,2018-07-10,Satisfactory,61.857142857142854
Bengaluru,2018-07-11,20.8,53.13,17.69,16.23,24.79,22.12,0.9,8.27,14.5,0.44,3.75,,78.0,Satisfactory,2018-07-11,Satisfactory,64.42857142857143
Bengaluru,2018-07-12,17.82,51.19,15.33,14.74,20.39,21.33,0.75,8.6,15.79,0.44,3.11,,56.0,Satisfactory,2018-07-12,Satisfactory,63.714285714285715
Bengaluru,2018-07-13,16.63,47.82,12.73,15.78,20.25,23.13,0.78,7.14,18.07,0.42,3.04,,53.0,Satisfactory,2018-07-13,Satisfactory,62.0
Bengaluru,2018-07-14,18.87,60.54,16.04,15.81,22.41,21.52,0.75,7.47,16.19,0.49,2.98,,57.0,Satisfactory,2018-07-14,Satisfactory,62.142857142857146
Bengaluru,2018-07-15,17.08,63.33,12.09,12.25,16.7,20.98,0.71,6.66,17.01,0.33,2.35,,62.0,Satisfactory,2018-07-15,Satisfactory,62.142857142857146
Bengaluru,2018-07-16,19.93,47.19,19.67,16.2,25.39,21.92,0.8,7.32,13.25,0.45,2.77,,59.0,Satisfactory,2018-07-16,Satisfactory,61.142857142857146
Bengaluru,2018-07-17,16.98,53.45,10.93,15.05,16.7,23.5,0.82,7.56,18.52,0.5,3.37,,60.0,Satisfactory,2018-07-17,Satisfactory,60.714285714285715
Bengaluru,2018-07-18,18.83,56.14,6.08,13.81,11.96,21.62,0.8,7.75,17.83,0.58,3.5,,57.0,Satisfactory,2018-07-18,Satisfactory,57.714285714285715
Bengaluru,2018-07-19,16.82,43.02,6.33,16.04,13.91,20.52,0.86,7.58,18.19,0.61,3.1,,59.0,Satisfactory,2018-07-19,Satisfactory,58.142857142857146
Bengaluru,2018-07-20,15.52,41.94,6.5,16.03,13.27,20.52,0.83,7.49,22.36,0.49,2.74,,52.0,Satisfactory,2018-07-20,Satisfactory,58.0
Bengaluru,2018-07-21,17.44,52.67,6.02,17.69,13.99,20.49,0.83,7.68,21.97,0.5,3.07,,59.0,Satisfactory,2018-07-21,Satisfactory,58.285714285714285
Bengaluru,2018-07-22,18.63,67.89,5.71,14.94,11.91,20.14,0.85,8.01,21.53,0.36,2.92,,60.0,Satisfactory,2018-07-22,Satisfactory,58.0
Bengaluru,2018-07-23,19.86,51.56,9.81,18.69,18.1,21.94,0.87,7.9,15.16,0.56,3.55,,65.0,Satisfactory,2018-07-23,Satisfactory,58.857142857142854
Bengaluru,2018-07-24,17.85,50.14,7.46,16.37,15.74,25.82,0.92,7.08,13.77,0.56,3.67,,64.0,Satisfactory,2018-07-24,Satisfactory,59.42857142857143
Bengaluru,2018-07-25,17.62,44.75,8.78,18.57,19.77,23.36,0.94,7.68,12.29,0.73,6.09,,59.0,Satisfactory,2018-07-25,Satisfactory,59.714285714285715
Bengaluru,2018-07-26,20.0,55.87,12.84,28.4,33.72,20.06,0.83,7.55,13.43,0.61,3.7,,65.0,Satisfactory,2018-07-26,Satisfactory,60.57142857142857
Bengaluru,2018-07-27,22.28,64.9,8.27,21.86,22.7,18.75,0.76,7.46,15.22,0.61,3.91,,68.0,Satisfactory,2018-07-27,Satisfactory,62.857142857142854
Bengaluru,2018-07-28,21.05,64.54,6.85,17.94,15.78,18.96,0.77,6.84,16.19,0.38,2.97,,59.0,Satisfactory,2018-07-28,Satisfactory,62.857142857142854
Bengaluru,2018-07-29,20.1,57.53,6.38,15.62,14.34,20.18,0.79,6.51,15.94,0.38,2.79,,66.0,Satisfactory,2018-07-29,Satisfactory,63.714285714285715
Bengaluru,2018-07-30,22.92,65.5,15.82,18.15,23.4,22.04,0.97,7.18,14.61,0.66,3.24,,64.0,Satisfactory,2018-07-30,Satisfactory,63.57142857142857
Bengaluru,2018-07-31,20.96,67.39,16.68,19.01,26.45,22.48,0.75,6.44,15.43,0.48,3.1,,62.0,Satisfactory,2018-07-31,Satisfactory,63.285714285714285
Bengaluru,2018-08-01,20.59,68.6,17.54,22.78,29.88,21.15,0.83,6.0,14.61,0.55,3.09,,66.0,Satisfactory,2018-08-01,Satisfactory,64.28571428571429
Bengaluru,2018-08-02,20.73,68.41,12.55,19.33,24.09,20.75,0.83,6.28,15.23,0.4,2.59,,68.0,Satisfactory,2018-08-02,Satisfactory,64.71428571428571
Bengaluru,2018-08-03,23.34,71.35,17.03,18.78,26.75,20.61,0.9,6.5,12.05,1.27,3.96,,72.0,Satisfactory,2018-08-03,Satisfactory,65.28571428571429
Bengaluru,2018-08-04,27.61,94.02,23.36,18.82,31.52,20.08,0.9,6.8,12.14,0.59,3.09,,77.0,Satisfactory,2018-08-04,Satisfactory,67.85714285714286
Bengaluru,2018-08-05,20.75,81.19,17.45,15.27,23.82,19.42,0.83,7.15,13.44,0.4,2.68,,77.0,Satisfactory,2018-08-05,Satisfactory,69.42857142857143
Bengaluru,2018-08-06,23.63,66.31,18.79,18.0,26.37,19.36,0.78,5.94,14.22,0.53,2.77,,67.0,Satisfactory,2018-08-06,Satisfactory,69.85714285714286
Bengaluru,2018-08-07,18.24,59.59,18.82,18.39,26.63,19.67,0.81,6.18,13.14,0.47,2.71,,67.0,Satisfactory,2018-08-07,Satisfactory,70.57142857142857
Bengaluru,2018-08-08,18.35,43.88,24.08,20.05,31.6,19.55,0.87,6.68,11.18,0.53,3.37,,60.0,Satisfactory,2018-08-08,Satisfactory,69.71428571428571
Bengaluru,2018-08-09,17.33,55.07,21.68,17.68,28.22,20.98,0.83,6.27,13.65,0.56,3.4,,58.0,Satisfactory,2018-08-09,Satisfactory,68.28571428571429
Bengaluru,2018-08-10,18.24,59.31,23.38,16.8,29.13,19.74,0.79,7.52,11.75,0.54,3.42,,60.0,Satisfactory,2018-08-10,Satisfactory,66.57142857142857
Bengaluru,2018-08-11,18.6,46.24,23.61,17.12,28.96,19.86,0.78,6.44,11.75,0.62,3.17,,56.0,Satisfactory,2018-08-11,Satisfactory,63.57142857142857
Bengaluru,2018-08-12,10.61,35.22,16.83,13.53,21.04,18.86,0.77,6.96,12.48,0.6,2.52,,57.0,Satisfactory,2018-08-12,Satisfactory,60.714285714285715
Bengaluru,2018-08-13,11.4,39.72,18.47,15.3,25.47,18.9,0.8,5.96,11.69,0.45,2.52,,53.0,Satisfactory,2018-08-13,Satisfactory,58.714285714285715
Bengaluru,2018-08-14,13.1,31.87,20.8,17.12,30.21,18.01,0.89,6.34,11.02,0.53,2.73,,60.0,Satisfactory,2018-08-14,Satisfactory,57.714285714285715
Bengaluru,2018-08-15,15.35,36.24,17.91,15.93,26.23,19.41,0.85,6.35,11.1,0.46,2.75,,59.0,Satisfactory,2018-08-15,Satisfactory,57.57142857142857
Bengaluru,2018-08-16,12.86,38.58,14.92,16.13,23.99,20.34,0.68,5.58,15.54,0.37,2.17,,52.0,Satisfactory,2018-08-16,Satisfactory,56.714285714285715
Bengaluru,2018-08-17,16.77,52.28,16.77,15.35,25.21,17.01,0.67,5.76,14.21,0.41,2.41,,48.0,Good,2018-08-17,Good,55.0
Bengaluru,2018-08-18,20.09,65.73,15.73,15.9,24.67,17.14,0.73,6.76,14.37,0.33,2.25,,57.0,Satisfactory,2018-08-18,Satisfactory,55.142857142857146
Bengaluru,2018-08-19,16.78,52.97,13.99,16.35,24.39,16.94,0.69,6.44,15.56,0.35,2.05,,59.0,Satisfactory,2018-08-19,Satisfactory,55.42857142857143
Bengaluru,2018-08-20,24.78,67.41,19.12,18.52,30.67,19.27,0.74,6.65,14.54,0.41,2.12,,53.0,Satisfactory,2018-08-20,Satisfactory,55.42857142857143
Bengaluru,2018-08-21,20.61,77.55,18.5,17.55,29.4,22.57,0.77,5.95,16.38,0.44,1.74,,69.0,Satisfactory,2018-08-21,Satisfactory,56.714285714285715
Bengaluru,2018-08-22,20.75,74.0,19.51,17.29,30.51,21.02,0.78,6.92,16.23,0.38,1.78,,65.0,Satisfactory,2018-08-22,Satisfactory,57.57142857142857
Bengaluru,2018-08-23,17.29,52.66,22.31,17.95,32.44,21.4,0.9,7.32,13.6,0.43,2.12,,63.0,Satisfactory,2018-08-23,Satisfactory,59.142857142857146
Bengaluru,2018-08-24,18.74,60.28,22.92,18.94,34.56,21.91,0.82,7.81,12.61,0.54,2.52,,62.0,Satisfactory,2018-08-24,Satisfactory,61.142857142857146
Bengaluru,2018-08-25,22.36,75.89,24.38,19.62,36.32,25.09,0.92,7.61,12.01,0.5,2.19,,67.0,Satisfactory,2018-08-25,Satisfactory,62.57142857142857
Bengaluru,2018-08-26,18.42,60.03,21.34,18.03,31.57,23.73,0.93,7.07,13.19,0.29,1.83,,70.0,Satisfactory,2018-08-26,Satisfactory,64.14285714285714
Bengaluru,2018-08-27,19.86,64.68,25.62,19.41,36.57,24.91,0.86,7.09,10.61,0.43,2.13,,62.0,Satisfactory,2018-08-27,Satisfactory,65.42857142857143
Bengaluru,2018-08-28,21.93,63.28,20.83,18.83,31.9,22.82,0.81,6.5,12.42,0.3,2.02,,64.0,Satisfactory,2018-08-28,Satisfactory,64.71428571428571
Bengaluru,2018-08-29,20.52,49.08,16.42,18.42,30.96,21.16,0.87,6.94,10.52,0.48,2.93,,68.0,Satisfactory,2018-08-29,Satisfactory,65.14285714285714
Bengaluru,2018-08-30,23.33,66.23,22.69,17.92,32.55,19.65,0.79,7.56,11.59,0.32,2.43,,68.0,Satisfactory,2018-08-30,Satisfactory,65.85714285714286
Bengaluru,2018-08-31,19.74,57.18,24.42,23.85,38.66,24.71,0.83,7.34,12.01,0.33,2.33,,64.0,Satisfactory,2018-08-31,Satisfactory,66.14285714285714
Bengaluru,2018-09-01,23.62,78.59,18.31,18.76,29.17,22.74,0.8,7.25,15.32,0.29,2.03,,68.0,Satisfactory,2018-09-01,Satisfactory,66.28571428571429
Bengaluru,2018-09-02,21.84,69.2,16.09,17.44,26.12,19.52,0.76,8.3,17.84,0.27,2.0,,66.0,Satisfactory,2018-09-02,Satisfactory,65.71428571428571
Bengaluru,2018-09-03,25.06,73.19,24.51,20.87,36.16,18.8,0.87,8.66,16.89,0.33,2.25,,63.0,Satisfactory,2018-09-03,Satisfactory,65.85714285714286
Bengaluru,2018-09-04,32.78,81.02,21.82,26.03,37.81,21.32,0.91,8.63,18.24,0.97,3.29,,76.0,Satisfactory,2018-09-04,Satisfactory,67.57142857142857
Bengaluru,2018-09-05,25.32,77.04,19.25,21.06,31.97,20.18,0.85,7.69,18.23,0.31,2.47,,78.0,Satisfactory,2018-09-05,Satisfactory,69.0
Bengaluru,2018-09-06,25.21,71.56,20.52,21.41,33.3,19.48,0.8,8.53,17.79,0.31,2.16,,66.0,Satisfactory,2018-09-06,Satisfactory,68.71428571428571
Bengaluru,2018-09-07,27.2,66.34,20.06,20.41,32.1,19.09,0.79,8.27,16.77,0.35,2.18,,70.0,Satisfactory,2018-09-07,Satisfactory,69.57142857142857
Bengaluru,2018-09-08,18.32,47.45,9.29,19.4,23.04,18.31,0.75,7.58,17.16,0.18,1.77,,63.0,Satisfactory,2018-09-08,Satisfactory,68.85714285714286
Bengaluru,2018-09-09,19.07,56.66,9.72,23.74,25.42,19.12,0.82,7.65,23.36,0.23,1.83,,64.0,Satisfactory,2018-09-09,Satisfactory,68.57142857142857
Bengaluru,2018-09-10,28.1,72.52,8.51,29.62,28.16,23.38,0.96,7.71,21.64,0.36,2.42,,73.0,Satisfactory,2018-09-10,Satisfactory,70.0
Bengaluru,2018-09-11,30.34,79.46,12.1,34.78,35.58,24.82,0.95,6.95,32.98,0.46,3.12,,90.0,Satisfactory,2018-09-11,Satisfactory,72.0
Bengaluru,2018-09-12,24.47,73.31,16.57,38.97,42.15,22.64,0.96,7.44,33.73,0.39,2.72,,91.0,Satisfactory,2018-09-12,Satisfactory,73.85714285714286
Bengaluru,2018-09-13,29.84,76.26,14.04,38.83,39.47,26.39,0.99,8.27,21.83,0.43,2.93,,88.0,Satisfactory,2018-09-13,Satisfactory,77.0
Bengaluru,2018-09-14,27.72,76.6,14.95,42.11,42.26,30.61,0.98,7.55,32.17,0.43,2.77,,94.0,Satisfactory,2018-09-14,Satisfactory,80.42857142857143
Bengaluru,2018-09-15,24.1,56.2,15.31,40.13,41.69,26.97,0.95,7.46,25.3,0.35,3.2,,77.0,Satisfactory,2018-09-15,Satisfactory,82.42857142857143
Bengaluru,2018-09-16,24.43,55.34,26.3,35.93,46.22,25.87,0.96,8.26,19.68,0.42,3.32,,73.0,Satisfactory,2018-09-16,Satisfactory,83.71428571428571
Bengaluru,2018-09-17,19.03,49.62,23.91,30.55,41.59,23.55,0.83,7.87,11.82,0.39,2.78,,74.0,Satisfactory,2018-09-17,Satisfactory,83.85714285714286
Bengaluru,2018-09-18,19.86,64.1,17.97,24.34,32.53,23.56,0.76,7.24,13.4,0.41,2.25,,65.0,Satisfactory,2018-09-18,Satisfactory,80.28571428571429
Bengaluru,2018-09-19,20.21,69.15,12.96,23.2,28.88,20.72,0.76,7.82,16.89,0.33,1.75,,65.0,Satisfactory,2018-09-19,Satisfactory,76.57142857142857
Bengaluru,2018-09-20,25.55,74.65,28.53,41.9,54.46,20.6,0.89,7.22,18.67,1.01,3.09,,79.0,Satisfactory,2018-09-20,Satisfactory,75.28571428571429
Bengaluru,2018-09-21,26.75,81.33,15.97,33.38,37.62,21.57,0.8,6.83,19.11,0.56,2.33,,87.0,Satisfactory,2018-09-21,Satisfactory,74.28571428571429
Bengaluru,2018-09-22,24.45,80.93,21.53,30.37,40.33,20.87,0.83,7.24,21.83,0.72,2.77,,77.0,Satisfactory,2018-09-22,Satisfactory,74.28571428571429
Bengaluru,2018-09-23,30.84,75.04,13.19,38.12,39.6,24.26,0.85,7.1,26.8,0.56,2.49,,87.0,Satisfactory,2018-09-23,Satisfactory,76.28571428571429
Bengaluru,2018-09-24,22.6,56.12,16.43,35.0,37.99,22.95,0.93,6.7,29.89,0.71,2.62,,85.0,Satisfactory,2018-09-24,Satisfactory,77.85714285714286
Bengaluru,2018-09-25,26.76,63.24,19.45,40.97,45.05,20.27,0.99,6.79,22.54,1.01,3.04,,78.0,Satisfactory,2018-09-25,Satisfactory,79.71428571428571
Bengaluru,2018-09-26,31.25,76.66,12.51,28.45,32.14,17.5,0.87,6.76,23.35,0.95,2.57,,85.0,Satisfactory,2018-09-26,Satisfactory,82.57142857142857
Bengaluru,2018-09-27,29.24,72.24,13.98,30.94,37.06,14.07,0.94,6.59,20.67,1.03,2.73,,80.0,Satisfactory,2018-09-27,Satisfactory,82.71428571428571
Bengaluru,2018-09-28,26.36,77.69,13.23,27.64,34.42,15.1,0.8,6.14,14.86,0.53,2.04,,78.0,Satisfactory,2018-09-28,Satisfactory,81.42857142857143
Bengaluru,2018-09-29,17.35,64.18,13.34,25.67,33.62,13.5,0.79,6.06,12.5,0.47,1.68,,75.0,Satisfactory,2018-09-29,Satisfactory,81.14285714285714
Bengaluru,2018-09-30,25.28,62.82,13.1,23.56,31.12,15.14,0.81,5.67,16.11,0.4,1.53,,70.0,Satisfactory,2018-09-30,Satisfactory,78.71428571428571
Bengaluru,2018-10-01,21.61,66.61,14.5,25.53,34.21,14.76,0.87,6.59,18.94,0.31,1.44,,82.0,Satisfactory,2018-10-01,Satisfactory,78.28571428571429
Bengaluru,2018-10-02,14.51,51.79,11.08,19.67,26.83,13.69,0.74,6.36,15.9,0.23,1.19,,67.0,Satisfactory,2018-10-02,Satisfactory,76.71428571428571
Bengaluru,2018-10-03,15.17,52.6,12.05,20.76,27.91,13.57,0.76,6.27,16.22,0.18,1.04,,65.0,Satisfactory,2018-10-03,Satisfactory,73.85714285714286
Bengaluru,2018-10-04,21.47,46.9,16.7,21.67,32.94,13.65,0.8,6.52,8.9,0.32,1.3,,65.0,Satisfactory,2018-10-04,Satisfactory,71.71428571428571
Bengaluru,2018-10-05,13.99,40.41,15.24,19.47,29.23,14.61,0.78,6.96,11.69,0.25,1.18,,62.0,Satisfactory,2018-10-05,Satisfactory,69.42857142857143
Bengaluru,2018-10-06,14.0,42.0,14.33,19.84,29.19,12.98,0.78,6.52,10.5,0.32,1.3,,56.0,Satisfactory,2018-10-06,Satisfactory,66.71428571428571
Bengaluru,2018-10-07,20.86,69.05,13.17,23.91,32.48,14.74,0.74,6.73,16.31,0.23,0.81,,62.0,Satisfactory,2018-10-07,Satisfactory,65.57142857142857
Bengaluru,2018-10-08,32.94,96.04,12.11,26.49,34.31,15.77,0.79,6.84,18.26,0.38,1.0,,73.0,Satisfactory,2018-10-08,Satisfactory,64.28571428571429
Bengaluru,2018-10-09,31.82,91.63,14.75,32.27,41.65,14.37,0.85,6.89,22.25,0.94,2.0,,80.0,Satisfactory,2018-10-09,Satisfactory,66.14285714285714
Bengaluru,2018-10-10,40.93,109.21,18.56,34.32,47.59,14.9,0.81,6.48,23.46,2.07,3.07,,93.0,Satisfactory,2018-10-10,Satisfactory,70.14285714285714
Bengaluru,2018-10-11,55.08,147.26,30.58,43.63,63.94,15.2,0.99,6.55,21.65,2.79,5.59,,110.0,Moderate,2018-10-11,Moderate,76.57142857142857
Bengaluru,2018-10-12,56.31,151.57,30.12,44.04,60.98,14.22,0.93,6.53,22.96,1.46,3.95,,115.0,Moderate,2018-10-12,Moderate,84.14285714285714
Bengaluru,2018-10-13,72.74,158.69,23.04,41.95,57.57,16.09,0.9,6.35,28.02,1.68,3.7,,167.0,Moderate,2018-10-13,Moderate,100.0
Bengaluru,2018-10-14,48.48,100.3,6.99,26.49,28.07,13.1,0.8,6.28,34.33,0.72,2.36,,116.0,Moderate,2018-10-14,Moderate,107.71428571428571
Bengaluru,2018-10-15,41.44,88.52,9.88,28.25,31.68,14.07,0.88,6.36,23.25,1.32,3.76,,88.0,Satisfactory,2018-10-15,Satisfactory,109.85714285714286
Bengaluru,2018-10-16,35.37,94.07,10.95,26.88,31.15,12.5,0.74,6.52,19.06,0.31,1.66,,90.0,Satisfactory,2018-10-16,Satisfactory,111.28571428571429
Bengaluru,2018-10-17,19.99,51.83,14.07,22.81,32.79,11.95,0.75,6.56,18.23,0.9,2.12,,75.0,Satisfactory,2018-10-17,Satisfactory,108.71428571428571
Bengaluru,2018-10-18,62.95,55.23,14.0,28.34,37.9,12.18,0.82,6.45,21.13,0.78,2.22,,116.0,Moderate,2018-10-18,Moderate,109.57142857142857
Bengaluru,2018-10-19,20.75,61.94,9.89,21.84,27.29,12.0,0.74,6.31,19.64,0.24,1.06,,81.0,Satisfactory,2018-10-19,Satisfactory,104.71428571428571
Bengaluru,2018-10-20,25.61,86.65,10.61,25.93,31.45,11.56,0.75,6.74,27.25,0.15,0.99,,71.0,Satisfactory,2018-10-20,Satisfactory,91.0
Bengaluru,2018-10-21,36.42,122.86,14.12,30.1,38.3,12.67,0.74,7.29,29.37,0.16,0.95,,88.0,Satisfactory,2018-10-21,Satisfactory,87.0
Bengaluru,2018-10-22,37.81,132.8,20.84,41.15,51.26,11.84,1.04,7.54,29.12,0.34,1.6,,102.0,Moderate,2018-10-22,Moderate,89.0
Bengaluru,2018-10-23,49.17,123.18,23.55,43.25,52.1,13.07,1.16,8.02,24.69,0.59,2.32,,119.0,Moderate,2018-10-23,Moderate,93.14285714285714
Bengaluru,2018-10-24,62.67,111.41,19.33,40.4,47.8,14.23,1.01,8.31,24.3,0.56,1.78,,132.0,Moderate,2018-10-24,Moderate,101.28571428571429
Bengaluru,2018-10-25,46.34,121.55,17.54,36.95,45.09,16.93,1.02,6.52,25.3,0.48,1.87,,110.0,Moderate,2018-10-25,Moderate,100.42857142857143
Bengaluru,2018-10-26,50.19,123.42,14.97,40.42,46.02,22.94,1.01,7.67,30.95,0.46,2.07,,101.0,Moderate,2018-10-26,Moderate,103.28571428571429
Bengaluru,2018-10-27,39.65,112.7,15.66,45.83,51.24,20.03,1.03,6.75,37.95,0.51,2.22,,107.0,Moderate,2018-10-27,Moderate,108.42857142857143
Bengaluru,2018-10-28,37.32,96.1,15.03,45.79,47.93,19.55,0.97,6.29,38.38,0.53,2.61,,108.0,Moderate,2018-10-28,Moderate,111.28571428571429
Bengaluru,2018-10-29,36.11,101.84,26.17,56.14,65.76,18.69,1.12,7.03,35.49,0.76,3.56,,103.0,Moderate,2018-10-29,Moderate,111.42857142857143
Bengaluru,2018-10-30,40.12,109.55,31.63,58.13,73.78,19.22,1.19,6.8,28.94,0.81,3.44,,125.0,Moderate,2018-10-30,Moderate,112.28571428571429
Bengaluru,2018-10-31,40.02,106.07,16.33,42.16,46.05,20.09,1.06,5.81,26.11,0.63,2.78,,107.0,Moderate,2018-10-31,Moderate,108.71428571428571
Bengaluru,2018-11-01,20.96,66.49,16.9,31.6,37.49,16.25,0.95,7.01,23.72,0.44,1.92,,92.0,Satisfactory,2018-11-01,Satisfactory,106.14285714285714
Bengaluru,2018-11-02,17.57,56.53,12.79,24.14,29.12,16.35,0.96,6.14,16.57,0.36,1.68,,84.0,Satisfactory,2018-11-02,Satisfactory,103.71428571428571
Bengaluru,2018-11-03,21.42,63.23,11.8,24.36,28.45,16.22,1.1,6.46,20.21,0.32,1.66,,82.0,Satisfactory,2018-11-03,Satisfactory,100.14285714285714
Bengaluru,2018-11-04,21.84,77.72,9.14,22.91,25.74,15.52,0.82,6.17,27.03,0.29,1.53,,74.0,Satisfactory,2018-11-04,Satisfactory,95.28571428571429
Bengaluru,2018-11-05,23.98,90.86,11.81,28.89,32.92,15.31,1.03,6.14,21.7,0.39,1.77,,81.0,Satisfactory,2018-11-05,Satisfactory,92.14285714285714
Bengaluru,2018-11-06,41.38,116.55,11.41,30.42,34.18,15.25,1.12,7.11,20.31,0.66,2.3,,110.0,Moderate,2018-11-06,Moderate,90.0
Bengaluru,2018-11-07,57.03,107.56,11.01,31.2,34.22,15.57,1.04,7.8,27.35,0.46,1.85,,97.0,Satisfactory,2018-11-07,Satisfactory,88.57142857142857
Bengaluru,2018-11-08,61.98,108.02,14.54,32.99,38.24,15.34,0.99,7.7,23.63,0.55,2.04,,144.0,Moderate,2018-11-08,Moderate,96.0
Bengaluru,2018-11-09,33.68,98.45,11.58,29.99,32.31,15.66,0.99,5.77,25.02,0.44,1.88,,94.0,Satisfactory,2018-11-09,Satisfactory,97.42857142857143
Bengaluru,2018-11-10,50.36,88.44,14.78,35.38,39.15,17.41,1.05,4.97,29.27,0.76,2.66,,96.0,Satisfactory,2018-11-10,Satisfactory,99.42857142857143
Bengaluru,2018-11-11,55.48,101.12,16.45,37.67,43.57,17.68,1.11,5.67,34.04,0.8,2.94,,105.0,Moderate,2018-11-11,Moderate,103.85714285714286
Bengaluru,2018-11-12,63.66,120.24,32.73,47.6,65.11,18.69,1.38,6.65,25.83,1.47,4.39,,113.0,Moderate,2018-11-12,Moderate,108.42857142857143
Bengaluru,2018-11-13,71.05,130.84,25.65,50.42,59.92,18.82,1.46,7.96,28.07,1.87,5.53,,143.0,Moderate,2018-11-13,Moderate,113.14285714285714
Bengaluru,2018-11-14,77.53,143.53,40.06,56.64,77.83,21.93,1.57,7.78,25.98,1.91,5.63,,143.0,Moderate,2018-11-14,Moderate,119.71428571428571
Bengaluru,2018-11-15,58.35,105.52,21.57,43.91,50.94,20.58,1.43,6.5,17.61,1.14,3.95,,141.0,Moderate,2018-11-15,Moderate,119.28571428571429
Bengaluru,2018-11-16,25.1,59.99,11.77,28.79,31.59,18.74,1.05,5.06,19.48,0.33,1.9,,88.0,Satisfactory,2018-11-16,Satisfactory,118.42857142857143
Bengaluru,2018-11-17,49.2,96.6,7.31,28.7,28.53,17.03,1.02,5.2,35.62,0.36,1.46,,84.0,Satisfactory,2018-11-17,Satisfactory,116.71428571428571
Bengaluru,2018-11-18,41.2,83.45,9.24,20.87,25.94,16.24,1.01,5.38,26.38,0.21,1.09,,91.0,Satisfactory,2018-11-18,Satisfactory,114.71428571428571
Bengaluru,2018-11-19,19.95,61.66,13.0,22.54,28.63,14.46,1.1,5.57,13.5,0.28,1.36,,77.0,Satisfactory,2018-11-19,Satisfactory,109.57142857142857
Bengaluru,2018-11-20,25.85,67.23,15.66,28.52,35.0,15.63,1.09,5.21,16.08,0.37,1.8,,77.0,Satisfactory,2018-11-20,Satisfactory,100.14285714285714
Bengaluru,2018-11-21,33.31,71.11,11.66,28.34,32.46,16.38,1.02,5.74,21.91,0.3,1.85,,81.0,Satisfactory,2018-11-21,Satisfactory,91.28571428571429
Bengaluru,2018-11-22,17.95,39.52,13.98,24.12,30.52,15.83,1.03,5.89,11.65,0.3,1.81,,73.0,Satisfactory,2018-11-22,Satisfactory,81.57142857142857
Bengaluru,2018-11-23,25.58,50.78,16.08,27.32,34.72,18.03,1.11,5.57,11.55,0.34,1.88,,79.0,Satisfactory,2018-11-23,Satisfactory,80.28571428571429
Bengaluru,2018-11-24,108.3,93.05,11.24,29.96,32.39,19.59,1.04,5.34,25.36,0.54,1.88,,144.0,Moderate,2018-11-24,Moderate,88.85714285714286
Bengaluru,2018-11-25,61.34,106.53,7.46,27.32,27.58,21.03,0.85,5.25,41.24,0.76,1.76,,142.0,Moderate,2018-11-25,Moderate,96.14285714285714
Bengaluru,2018-11-26,71.66,119.7,7.78,30.65,30.14,21.13,0.83,5.65,58.03,0.8,1.79,,124.0,Moderate,2018-11-26,Moderate,102.85714285714286
Bengaluru,2018-11-27,54.73,137.9,19.16,36.44,36.17,41.22,0.84,5.5,62.99,0.78,1.68,,127.0,Moderate,2018-11-27,Moderate,110.0
Bengaluru,2018-11-28,59.58,112.2,10.19,29.98,32.37,21.36,0.89,5.6,52.81,0.82,1.97,,127.0,Moderate,2018-11-28,Moderate,116.57142857142857
Bengaluru,2018-11-29,42.06,86.54,11.35,25.48,28.83,18.27,0.93,5.48,42.35,0.82,2.22,,119.0,Moderate,2018-11-29,Moderate,123.14285714285714
Bengaluru,2018-11-30,43.16,79.92,10.45,28.44,30.83,20.64,0.89,5.46,47.85,0.61,1.86,,94.0,Satisfactory,2018-11-30,Satisfactory,125.28571428571429
Bengaluru,2018-12-01,40.67,83.54,12.57,31.03,34.43,20.42,0.97,5.49,50.45,0.83,2.38,,86.0,Satisfactory,2018-12-01,Satisfactory,117.0
Bengaluru,2018-12-02,28.25,68.25,9.29,24.59,27.96,18.89,0.79,6.21,59.89,0.77,1.81,,92.0,Satisfactory,2018-12-02,Satisfactory,109.85714285714286
Bengaluru,2018-12-03,33.56,69.43,11.16,25.62,29.75,18.51,0.8,6.78,43.92,0.8,1.81,,73.0,Satisfactory,2018-12-03,Satisfactory,102.57142857142857
Bengaluru,2018-12-04,25.83,74.27,15.31,26.42,34.03,18.98,0.89,5.86,24.11,0.6,2.02,,75.0,Satisfactory,2018-12-04,Satisfactory,95.14285714285714
Bengaluru,2018-12-05,51.43,64.2,13.6,23.94,30.8,18.26,0.87,5.69,26.63,0.62,1.85,,106.0,Moderate,2018-12-05,Moderate,92.14285714285714
Bengaluru,2018-12-06,29.32,81.35,13.52,29.76,33.09,17.66,0.9,6.47,35.15,0.58,2.1,,87.0,Satisfactory,2018-12-06,Satisfactory,87.57142857142857
Bengaluru,2018-12-07,37.49,150.02,16.07,31.25,34.16,17.51,0.93,5.9,33.42,0.61,2.26,,90.0,Satisfactory,2018-12-07,Satisfactory,87.0
Bengaluru,2018-12-08,61.0,98.66,9.36,33.48,28.09,15.46,0.78,5.86,52.77,0.64,1.87,,119.0,Moderate,2018-12-08,Moderate,91.71428571428571
Bengaluru,2018-12-09,63.28,110.14,5.87,23.23,19.92,11.87,0.75,7.38,80.57,0.6,1.61,,128.0,Moderate,2018-12-09,Moderate,96.85714285714286
Bengaluru,2018-12-10,75.78,137.41,9.79,30.66,31.44,15.23,1.04,5.77,76.51,0.61,2.29,,157.0,Moderate,2018-12-10,Moderate,108.85714285714286
Bengaluru,2018-12-11,88.98,177.97,12.13,38.55,39.46,20.08,1.08,5.94,69.85,0.7,2.86,,180.0,Moderate,2018-12-11,Moderate,123.85714285714286
Bengaluru,2018-12-12,78.59,142.62,11.17,40.02,39.8,19.75,1.05,6.32,66.64,0.85,2.8,,179.0,Moderate,2018-12-12,Moderate,134.28571428571428
Bengaluru,2018-12-13,67.36,103.83,10.53,36.8,37.08,19.05,1.03,6.32,59.79,0.91,2.45,,148.0,Moderate,2018-12-13,Moderate,143.0
Bengaluru,2018-12-14,48.45,84.47,12.96,36.41,38.05,18.13,0.97,6.57,50.06,0.82,2.25,,103.0,Moderate,2018-12-14,Moderate,144.85714285714286
Bengaluru,2018-12-15,47.62,81.06,15.51,35.48,39.72,18.23,0.96,6.24,48.1,0.77,2.16,,85.0,Satisfactory,2018-12-15,Satisfactory,140.0
Bengaluru,2018-12-16,64.42,109.67,13.08,40.02,38.75,16.93,0.98,6.45,73.64,0.74,2.09,,112.0,Moderate,2018-12-16,Moderate,137.71428571428572
Bengaluru,2018-12-17,86.94,140.52,39.83,54.92,76.09,18.74,1.29,7.69,51.64,1.11,2.73,,146.0,Moderate,2018-12-17,Moderate,136.14285714285714
Bengaluru,2018-12-18,98.84,181.41,60.14,63.57,106.26,24.42,1.72,5.98,38.34,1.46,5.51,,225.0,Poor,2018-12-18,Poor,142.57142857142858
Bengaluru,2018-12-19,61.84,132.37,15.76,47.79,47.55,21.56,1.11,6.12,57.86,0.86,2.9,,142.0,Moderate,2018-12-19,Moderate,137.28571428571428
Bengaluru,2018-12-20,45.7,105.66,11.87,35.34,35.33,19.31,0.83,6.04,64.96,0.78,2.43,,130.0,Moderate,2018-12-20,Moderate,134.71428571428572
Bengaluru,2018-12-21,51.63,106.8,22.16,38.9,48.19,18.56,0.99,5.88,56.78,0.87,2.56,,116.0,Moderate,2018-12-21,Moderate,136.57142857142858
Bengaluru,2018-12-22,42.57,93.24,12.09,35.19,35.22,17.98,0.91,6.01,41.65,0.75,2.47,,109.0,Moderate,2018-12-22,Moderate,140.0
Bengaluru,2018-12-23,37.34,86.46,9.1,23.96,25.68,16.35,0.82,4.98,46.25,0.67,2.01,,87.0,Satisfactory,2018-12-23,Satisfactory,136.42857142857142
Bengaluru,2018-12-24,43.13,85.68,10.4,27.87,29.5,15.77,0.85,5.33,41.44,0.75,1.9,,79.0,Satisfactory,2018-12-24,Satisfactory,126.85714285714286
Bengaluru,2018-12-25,57.89,102.48,10.72,33.44,33.96,16.55,0.93,5.24,54.0,0.82,2.16,,103.0,Moderate,2018-12-25,Moderate,109.42857142857143
Bengaluru,2018-12-26,59.38,100.47,10.07,33.7,33.88,16.61,1.01,5.27,55.22,0.71,1.95,,118.0,Moderate,2018-12-26,Moderate,106.0
Bengaluru,2018-12-27,57.28,107.8,12.41,31.17,34.5,16.37,0.9,5.67,55.3,0.38,1.66,,117.0,Moderate,2018-12-27,Moderate,104.14285714285714
Bengaluru,2018-12-28,68.37,111.01,9.44,31.77,32.0,17.22,0.91,6.12,57.62,0.37,1.31,,123.0,Moderate,2018-12-28,Moderate,105.14285714285714
Bengaluru,2018-12-29,65.81,106.31,11.15,31.32,32.97,17.7,0.89,6.07,47.62,0.28,1.11,,124.0,Moderate,2018-12-29,Moderate,107.28571428571429
Bengaluru,2018-12-30,64.29,100.07,8.74,28.97,27.6,16.0,0.85,5.34,64.73,0.24,0.9,,127.0,Moderate,2018-12-30,Moderate,113.0
Bengaluru,2018-12-31,63.77,107.44,15.48,37.46,40.95,16.72,1.02,7.25,55.18,0.39,1.44,,123.0,Moderate,2018-12-31,Moderate,119.28571428571429
Bengaluru,2019-01-01,61.55,107.76,14.75,38.19,41.3,17.97,0.98,8.29,56.91,0.33,1.24,,128.0,Moderate,2019-01-01,Moderate,122.85714285714286
Bengaluru,2019-01-02,47.27,92.47,12.94,39.73,41.65,20.45,1.06,10.22,51.25,0.32,1.25,,103.0,Moderate,2019-01-02,Moderate,120.71428571428571
Bengaluru,2019-01-03,48.86,96.42,16.74,46.55,51.87,29.72,1.01,8.15,46.4,0.4,1.66,,101.0,Moderate,2019-01-03,Moderate,118.42857142857143
Bengaluru,2019-01-04,51.35,105.52,17.37,45.87,50.21,24.95,1.09,5.76,41.42,0.53,1.66,,106.0,Moderate,2019-01-04,Moderate,116.0
Bengaluru,2019-01-05,46.57,99.1,15.87,41.74,44.4,18.17,1.03,6.13,50.61,0.39,1.22,,104.0,Moderate,2019-01-05,Moderate,113.14285714285714
Bengaluru,2019-01-06,56.8,105.51,9.68,35.73,36.84,22.58,0.89,6.36,64.29,0.31,1.17,,115.0,Moderate,2019-01-06,Moderate,111.42857142857143
Bengaluru,2019-01-07,58.29,116.5,15.59,44.9,48.97,26.01,1.05,7.13,55.51,0.32,1.25,,120.0,Moderate,2019-01-07,Moderate,111.0
Bengaluru,2019-01-08,60.04,106.76,19.73,49.33,56.53,26.12,1.06,7.64,47.42,0.39,1.56,,120.0,Moderate,2019-01-08,Moderate,109.85714285714286
Bengaluru,2019-01-09,62.6,113.27,17.76,52.68,55.76,25.66,1.05,7.01,54.54,0.41,1.43,,122.0,Moderate,2019-01-09,Moderate,112.57142857142857
Bengaluru,2019-01-10,63.63,108.49,12.78,53.48,53.27,30.88,0.94,5.88,56.23,0.28,0.71,,120.0,Moderate,2019-01-10,Moderate,115.28571428571429
Bengaluru,2019-01-11,59.52,111.13,14.65,49.16,51.67,29.43,1.01,5.79,57.02,0.29,1.08,,126.0,Moderate,2019-01-11,Moderate,118.14285714285714
Bengaluru,2019-01-12,70.5,121.91,14.05,49.28,50.62,28.56,1.04,5.73,61.7,0.37,1.36,,132.0,Moderate,2019-01-12,Moderate,122.14285714285714
Bengaluru,2019-01-13,54.44,99.59,10.6,42.99,43.65,27.09,0.93,5.47,65.16,0.36,1.1,,125.0,Moderate,2019-01-13,Moderate,123.57142857142857
Bengaluru,2019-01-14,58.36,110.39,14.18,47.07,48.49,26.18,1.02,4.93,50.93,0.39,1.33,,111.0,Moderate,2019-01-14,Moderate,122.28571428571429
Bengaluru,2019-01-15,47.13,86.88,16.17,46.93,48.92,21.74,0.85,5.28,55.78,0.28,1.25,,109.0,Moderate,2019-01-15,Moderate,120.71428571428571
Bengaluru,2019-01-16,62.4,99.49,10.64,48.15,44.5,24.59,0.98,5.05,69.72,0.39,1.42,,113.0,Moderate,2019-01-16,Moderate,119.42857142857143
Bengaluru,2019-01-17,67.83,120.55,15.74,42.88,48.8,23.07,1.09,5.74,53.81,0.49,2.1,,121.0,Moderate,2019-01-17,Moderate,119.57142857142857
Bengaluru,2019-01-18,75.06,118.41,7.81,34.15,32.16,14.87,1.02,5.35,54.41,0.37,1.57,,152.0,Moderate,2019-01-18,Moderate,123.28571428571429
Bengaluru,2019-01-19,59.01,102.34,7.41,36.98,33.38,17.08,0.94,5.07,46.91,0.32,1.43,,122.0,Moderate,2019-01-19,Moderate,121.85714285714286
Bengaluru,2019-01-20,42.33,82.67,5.69,32.59,27.7,14.47,0.79,5.2,63.97,0.24,1.14,,106.0,Moderate,2019-01-20,Moderate,119.14285714285714
Bengaluru,2019-01-21,52.05,99.24,6.26,37.39,31.71,15.56,0.92,5.32,67.06,0.31,1.28,,101.0,Moderate,2019-01-21,Moderate,117.71428571428571
Bengaluru,2019-01-22,72.45,136.15,18.68,42.87,46.61,17.27,1.06,5.06,72.89,1.27,3.27,,145.0,Moderate,2019-01-22,Moderate,122.85714285714286
Bengaluru,2019-01-23,60.91,121.85,11.95,42.79,40.52,16.95,1.04,5.42,67.41,0.32,1.72,,156.0,Moderate,2019-01-23,Moderate,129.0
Bengaluru,2019-01-24,50.66,109.76,7.08,33.87,28.82,15.78,0.87,4.97,61.46,0.26,1.35,,130.0,Moderate,2019-01-24,Moderate,130.28571428571428
Bengaluru,2019-01-25,35.76,87.96,7.16,31.94,28.37,14.75,0.84,4.79,56.81,0.24,1.35,,109.0,Moderate,2019-01-25,Moderate,124.14285714285714
Bengaluru,2019-01-26,51.09,101.59,7.25,30.06,29.19,15.32,0.87,5.27,52.2,0.23,1.19,,102.0,Moderate,2019-01-26,Moderate,121.28571428571429
Bengaluru,2019-01-27,40.56,87.62,5.89,26.0,24.5,14.06,0.8,5.16,55.36,0.2,1.03,,101.0,Moderate,2019-01-27,Moderate,120.57142857142857
Bengaluru,2019-01-28,38.48,73.19,7.95,26.16,24.72,12.92,0.73,4.12,53.78,0.26,1.13,,99.0,Satisfactory,2019-01-28,Satisfactory,120.28571428571429
Bengaluru,2019-01-29,29.81,62.01,9.41,29.22,28.59,12.84,0.88,4.91,47.64,0.22,0.99,,83.0,Satisfactory,2019-01-29,Satisfactory,111.42857142857143
Bengaluru,2019-01-30,62.71,92.31,12.46,35.51,34.7,13.12,1.01,4.8,59.22,1.14,3.64,,107.0,Moderate,2019-01-30,Moderate,104.42857142857143
Bengaluru,2019-01-31,48.44,94.63,8.55,33.94,30.45,13.75,0.88,5.45,67.58,2.3,8.12,,132.0,Moderate,2019-01-31,Moderate,104.71428571428571
Bengaluru,2019-02-01,49.67,99.62,9.15,37.21,33.41,14.68,0.87,5.35,63.66,1.09,3.19,,109.0,Moderate,2019-02-01,Moderate,104.71428571428571
Bengaluru,2019-02-02,45.32,96.87,9.15,34.78,30.75,14.41,0.82,5.01,61.35,0.45,1.6,,104.0,Moderate,2019-02-02,Moderate,105.0
Bengaluru,2019-02-03,39.5,87.56,6.69,28.58,24.55,13.75,0.8,4.58,64.91,0.4,1.28,,101.0,Moderate,2019-02-03,Moderate,105.0
Bengaluru,2019-02-04,32.91,70.95,9.19,27.77,25.35,13.82,0.82,4.6,49.04,0.4,1.24,,81.0,Satisfactory,2019-02-04,Satisfactory,102.42857142857143
Bengaluru,2019-02-05,37.93,82.59,6.98,29.41,24.42,13.77,0.86,4.54,65.7,0.41,1.23,,92.0,Satisfactory,2019-02-05,Satisfactory,103.71428571428571
Bengaluru,2019-02-06,60.08,115.27,10.06,38.44,33.98,14.13,0.88,5.81,78.02,0.45,1.37,,120.0,Moderate,2019-02-06,Moderate,105.57142857142857
Bengaluru,2019-02-07,51.88,117.29,6.9,36.87,31.49,15.02,0.94,5.3,73.99,0.49,1.65,,146.0,Moderate,2019-02-07,Moderate,107.57142857142857
Bengaluru,2019-02-08,54.76,108.3,5.51,30.73,25.96,15.13,0.85,5.21,65.0,0.52,1.83,,113.0,Moderate,2019-02-08,Moderate,108.14285714285714
Bengaluru,2019-02-09,68.68,123.42,11.64,40.49,37.69,16.47,1.25,6.19,55.17,0.58,2.2,,134.0,Moderate,2019-02-09,Moderate,112.42857142857143
Bengaluru,2019-02-10,50.31,93.13,9.95,32.83,29.4,17.01,0.96,4.52,41.91,0.56,2.03,,112.0,Moderate,2019-02-10,Moderate,114.0
Bengaluru,2019-02-11,41.65,78.53,10.0,28.6,26.17,15.25,0.81,4.04,37.69,0.43,1.37,,80.0,Satisfactory,2019-02-11,Satisfactory,113.85714285714286
Bengaluru,2019-02-12,49.32,88.06,8.75,32.05,27.32,14.48,0.82,3.99,49.43,0.44,1.33,,84.0,Satisfactory,2019-02-12,Satisfactory,112.71428571428571
Bengaluru,2019-02-13,47.31,92.86,9.72,34.53,30.98,15.25,0.9,4.75,52.51,0.46,1.1,,96.0,Satisfactory,2019-02-13,Satisfactory,109.28571428571429
Bengaluru,2019-02-14,37.94,84.87,11.4,31.95,32.32,16.68,0.71,4.88,57.75,0.46,1.11,,89.0,Satisfactory,2019-02-14,Satisfactory,101.14285714285714
Bengaluru,2019-02-15,35.35,92.27,9.65,32.12,32.59,17.04,0.87,4.08,59.52,0.63,1.75,,103.0,Moderate,2019-02-15,Moderate,99.71428571428571
Bengaluru,2019-02-16,45.37,98.49,21.59,35.5,44.47,16.77,1.05,4.69,56.07,1.12,2.89,,107.0,Moderate,2019-02-16,Moderate,95.85714285714286
Bengaluru,2019-02-17,47.43,108.7,23.61,33.19,44.8,17.77,0.99,4.15,62.98,1.23,2.91,,123.0,Moderate,2019-02-17,Moderate,97.42857142857143
Bengaluru,2019-02-18,42.92,104.51,29.45,39.84,54.29,17.16,1.23,4.52,48.6,1.03,2.96,,116.0,Moderate,2019-02-18,Moderate,102.57142857142857
Bengaluru,2019-02-19,44.28,98.5,8.09,33.16,30.1,18.13,0.95,4.52,50.9,0.53,1.93,,116.0,Moderate,2019-02-19,Moderate,107.14285714285714
Bengaluru,2019-02-20,31.49,79.97,9.18,28.91,27.55,15.62,0.85,4.39,40.97,0.43,1.33,,87.0,Satisfactory,2019-02-20,Satisfactory,105.85714285714286
Bengaluru,2019-02-21,36.4,92.9,14.06,35.7,36.91,12.47,0.96,5.06,41.82,0.48,1.57,,85.0,Satisfactory,2019-02-21,Satisfactory,105.28571428571429
Bengaluru,2019-02-22,38.35,101.4,17.28,40.77,44.74,14.54,0.96,5.45,42.98,0.54,1.96,,99.0,Satisfactory,2019-02-22,Satisfactory,104.71428571428571
Bengaluru,2019-02-23,51.36,113.03,23.78,50.05,56.96,15.39,1.03,5.53,43.98,1.92,5.95,,105.0,Moderate,2019-02-23,Moderate,104.42857142857143
Bengaluru,2019-02-24,47.59,97.06,19.87,47.01,50.3,16.23,0.94,5.19,53.2,2.49,7.3,,110.0,Moderate,2019-02-24,Moderate,102.57142857142857
Bengaluru,2019-02-25,39.23,96.15,23.3,46.39,53.87,16.7,1.0,6.12,55.66,2.28,7.46,,103.0,Moderate,2019-02-25,Moderate,100.71428571428571
Bengaluru,2019-02-26,51.92,101.91,17.94,42.06,44.18,18.89,0.99,6.29,64.35,2.88,8.24,,120.0,Moderate,2019-02-26,Moderate,101.28571428571429
Bengaluru,2019-02-27,45.49,94.03,10.11,33.49,32.28,18.55,0.93,4.45,58.28,2.05,6.43,,115.0,Moderate,2019-02-27,Moderate,105.28571428571429
Bengaluru,2019-02-28,50.8,111.32,12.67,38.76,40.15,16.52,0.94,4.87,56.36,3.14,6.74,,125.0,Moderate,2019-02-28,Moderate,111.0
Bengaluru,2019-03-01,58.18,125.3,13.52,44.64,44.92,19.94,1.05,4.93,53.3,3.44,10.62,,143.0,Moderate,2019-03-01,Moderate,117.28571428571429
Bengaluru,2019-03-02,40.93,95.38,6.74,26.91,26.08,17.74,0.83,4.57,49.67,1.07,4.29,,107.0,Moderate,2019-03-02,Moderate,117.57142857142857
Bengaluru,2019-03-03,36.98,92.75,7.87,30.74,30.01,15.49,0.86,4.87,55.58,1.18,4.21,,114.0,Moderate,2019-03-03,Moderate,118.14285714285714
Bengaluru,2019-03-04,43.15,100.96,5.02,29.23,26.24,15.83,0.8,5.09,63.42,1.04,3.53,,123.0,Moderate,2019-03-04,Moderate,121.0
Bengaluru,2019-03-05,49.8,112.83,12.78,31.26,33.34,15.93,1.11,4.2,56.77,1.48,4.44,,118.0,Moderate,2019-03-05,Moderate,120.71428571428571
Bengaluru,2019-03-06,53.53,116.45,23.55,35.74,46.05,15.62,1.13,4.12,48.36,2.36,6.99,,128.0,Moderate,2019-03-06,Moderate,122.57142857142857
Bengaluru,2019-03-07,65.98,158.87,41.22,47.25,71.78,17.42,1.44,6.25,39.54,3.82,10.92,,152.0,Moderate,2019-03-07,Moderate,126.42857142857143
Bengaluru,2019-03-08,69.62,141.49,25.8,46.88,58.06,18.21,1.32,7.02,49.42,2.51,7.46,,167.0,Moderate,2019-03-08,Moderate,129.85714285714286
Bengaluru,2019-03-09,51.08,114.17,6.55,27.19,26.56,18.98,1.01,5.51,56.41,1.92,5.91,,151.0,Moderate,2019-03-09,Moderate,136.14285714285714
Bengaluru,2019-03-10,39.45,85.59,3.31,19.09,16.78,14.76,0.81,5.12,47.45,0.92,3.47,,100.0,Satisfactory,2019-03-10,Satisfactory,134.14285714285714
Bengaluru,2019-03-11,34.4,79.55,4.31,21.93,19.58,13.93,0.75,6.11,55.52,0.79,3.12,,91.0,Satisfactory,2019-03-11,Satisfactory,129.57142857142858
Bengaluru,2019-03-12,46.15,108.89,6.44,27.97,26.33,15.19,0.8,8.64,67.73,0.88,3.55,,105.0,Moderate,2019-03-12,Moderate,127.71428571428571
Bengaluru,2019-03-13,50.05,120.17,9.24,34.27,33.73,15.2,0.89,9.55,59.27,1.09,4.04,,113.0,Moderate,2019-03-13,Moderate,125.57142857142857
Bengaluru,2019-03-14,43.73,116.74,8.61,29.7,32.81,14.79,0.73,6.55,65.46,0.9,3.55,,118.0,Moderate,2019-03-14,Moderate,120.71428571428571
Bengaluru,2019-03-15,41.75,110.46,8.41,35.68,35.5,14.38,0.89,6.12,54.19,1.01,4.1,,106.0,Moderate,2019-03-15,Moderate,112.0
Bengaluru,2019-03-16,44.32,118.8,12.34,38.3,37.28,16.05,0.94,5.15,47.32,1.25,4.25,,108.0,Moderate,2019-03-16,Moderate,105.85714285714286
Bengaluru,2019-03-17,45.56,104.35,8.28,34.1,29.69,15.63,0.87,5.01,66.57,1.19,4.14,,115.0,Moderate,2019-03-17,Moderate,108.0
Bengaluru,2019-03-18,43.24,99.47,5.41,31.64,24.96,16.24,0.8,5.61,67.48,1.05,3.83,,123.0,Moderate,2019-03-18,Moderate,112.57142857142857
Bengaluru,2019-03-19,39.71,94.23,6.67,30.9,26.76,16.07,0.82,5.13,59.72,0.93,3.86,,113.0,Moderate,2019-03-19,Moderate,113.71428571428571
Bengaluru,2019-03-20,39.8,91.98,6.79,27.36,22.43,15.0,0.73,5.7,57.62,0.97,4.09,,102.0,Moderate,2019-03-20,Moderate,112.14285714285714
Bengaluru,2019-03-21,49.74,94.78,5.97,27.84,21.97,15.24,0.87,5.44,61.82,1.12,4.17,,120.0,Moderate,2019-03-21,Moderate,112.42857142857143
Bengaluru,2019-03-22,44.52,96.39,7.16,30.85,24.89,15.54,0.94,6.86,59.05,1.38,4.47,,122.0,Moderate,2019-03-22,Moderate,114.71428571428571
Bengaluru,2019-03-23,51.6,102.51,6.71,34.12,27.54,15.49,0.97,5.8,58.37,1.33,4.96,,119.0,Moderate,2019-03-23,Moderate,116.28571428571429
Bengaluru,2019-03-24,47.42,93.06,5.81,28.12,23.65,14.79,0.84,6.92,64.14,0.98,3.78,,120.0,Moderate,2019-03-24,Moderate,117.0
Bengaluru,2019-03-25,46.52,105.51,8.2,34.13,30.32,15.64,0.84,7.66,49.93,1.07,4.35,,97.0,Satisfactory,2019-03-25,Satisfactory,113.28571428571429
Bengaluru,2019-03-26,48.85,112.26,10.0,39.23,36.32,15.4,0.93,7.29,57.9,1.07,4.35,,113.0,Moderate,2019-03-26,Moderate,113.28571428571429
Bengaluru,2019-03-27,56.52,121.14,12.4,40.26,38.77,14.3,1.08,6.91,55.64,1.24,4.33,,129.0,Moderate,2019-03-27,Moderate,117.14285714285714
Bengaluru,2019-03-28,61.59,129.96,14.08,47.4,45.48,14.75,1.17,6.72,51.02,1.69,5.78,,148.0,Moderate,2019-03-28,Moderate,121.14285714285714
Bengaluru,2019-03-29,58.92,129.31,11.08,40.64,39.27,16.13,1.14,5.4,62.38,1.7,5.05,,149.0,Moderate,2019-03-29,Moderate,125.0
Bengaluru,2019-03-30,57.09,123.2,10.17,38.21,35.11,16.53,1.15,4.89,54.03,1.45,5.22,,137.0,Moderate,2019-03-30,Moderate,127.57142857142857
Bengaluru,2019-03-31,55.88,107.85,6.77,32.37,26.85,17.21,0.9,4.68,52.26,1.17,3.9,,135.0,Moderate,2019-03-31,Moderate,129.71428571428572
Bengaluru,2019-04-01,53.46,110.5,11.03,35.35,32.36,16.31,1.01,4.73,49.03,1.21,3.68,,126.0,Moderate,2019-04-01,Moderate,133.85714285714286
Bengaluru,2019-04-02,55.62,123.38,21.63,40.91,46.62,17.78,1.03,5.37,46.15,1.43,4.62,,136.0,Moderate,2019-04-02,Moderate,137.14285714285714
Bengaluru,2019-04-03,53.61,120.13,13.21,40.06,39.47,17.27,0.94,4.96,54.26,1.57,5.0,,135.0,Moderate,2019-04-03,Moderate,138.0
Bengaluru,2019-04-04,58.15,108.63,9.22,32.87,32.36,17.41,0.94,6.16,50.92,0.93,3.94,,127.0,Moderate,2019-04-04,Moderate,135.0
Bengaluru,2019-04-05,46.54,108.25,13.01,37.85,39.93,16.31,1.07,5.22,53.59,1.62,4.05,,130.0,Moderate,2019-04-05,Moderate,132.28571428571428
Bengaluru,2019-04-06,46.55,112.08,7.85,32.46,30.73,16.86,0.95,4.83,64.46,1.33,4.7,,130.0,Moderate,2019-04-06,Moderate,131.28571428571428
Bengaluru,2019-04-07,51.73,103.64,7.95,32.1,30.27,16.3,0.98,4.86,68.41,1.26,3.98,,127.0,Moderate,2019-04-07,Moderate,130.14285714285714
Bengaluru,2019-04-08,52.79,94.86,9.66,34.46,32.46,17.15,0.95,5.66,59.17,1.5,5.02,,125.0,Moderate,2019-04-08,Moderate,130.0
Bengaluru,2019-04-09,43.88,90.8,9.09,33.09,30.96,19.14,1.09,5.07,66.47,1.49,5.16,,149.0,Moderate,2019-04-09,Moderate,131.85714285714286
Bengaluru,2019-04-10,52.18,107.04,9.84,36.58,32.08,18.58,1.13,4.99,45.42,1.36,4.34,,123.0,Moderate,2019-04-10,Moderate,130.14285714285714
Bengaluru,2019-04-11,49.25,113.7,9.52,34.41,30.94,21.22,0.89,5.76,40.76,1.21,4.38,,112.0,Moderate,2019-04-11,Moderate,128.0
Bengaluru,2019-04-12,49.46,109.0,9.95,36.1,33.74,18.23,0.95,5.41,51.55,1.66,4.28,,130.0,Moderate,2019-04-12,Moderate,128.0
Bengaluru,2019-04-13,47.24,98.37,7.1,30.69,28.27,17.8,0.92,7.4,52.04,0.96,3.18,,109.0,Moderate,2019-04-13,Moderate,125.0
Bengaluru,2019-04-14,41.74,89.76,6.27,27.4,25.14,15.09,0.78,8.4,56.7,0.26,1.34,,106.0,Moderate,2019-04-14,Moderate,122.0
Bengaluru,2019-04-15,52.38,92.14,8.34,33.83,31.72,15.92,1.04,7.56,54.29,0.53,2.26,,111.0,Moderate,2019-04-15,Moderate,120.0
Bengaluru,2019-04-16,40.54,94.39,9.56,33.94,32.87,15.47,0.99,5.95,51.67,0.83,2.61,,115.0,Moderate,2019-04-16,Moderate,115.14285714285714
Bengaluru,2019-04-17,52.84,97.64,11.81,31.76,33.1,17.54,1.16,5.09,38.4,0.99,2.96,,124.0,Moderate,2019-04-17,Moderate,115.28571428571429
Bengaluru,2019-04-18,46.1,72.34,12.61,32.17,31.8,17.34,1.09,4.1,47.27,0.93,3.21,,127.0,Moderate,2019-04-18,Moderate,117.42857142857143
Bengaluru,2019-04-19,42.33,63.83,6.84,29.02,25.65,18.08,0.9,4.55,47.03,0.64,2.55,,107.0,Moderate,2019-04-19,Moderate,114.14285714285714
Bengaluru,2019-04-20,29.75,73.46,7.33,31.84,28.96,16.99,1.02,5.28,55.89,0.74,2.63,,122.0,Moderate,2019-04-20,Moderate,116.0
Bengaluru,2019-04-21,25.18,69.39,6.37,32.67,27.82,15.03,1.04,4.9,56.53,0.7,2.32,,106.0,Moderate,2019-04-21,Moderate,116.0
Bengaluru,2019-04-22,40.9,92.48,8.46,31.25,29.57,19.12,1.1,4.83,45.27,0.78,2.64,,107.0,Moderate,2019-04-22,Moderate,115.42857142857143
Bengaluru,2019-04-23,37.08,77.31,7.76,32.12,28.78,16.05,1.31,4.42,57.49,0.81,2.48,,112.0,Moderate,2019-04-23,Moderate,115.0
Bengaluru,2019-04-24,42.76,85.7,6.94,33.95,29.39,16.2,1.22,4.37,53.21,0.96,2.82,,108.0,Moderate,2019-04-24,Moderate,112.71428571428571
Bengaluru,2019-04-25,57.96,109.49,8.23,36.31,32.06,16.84,1.19,5.35,54.27,0.84,3.48,,126.0,Moderate,2019-04-25,Moderate,112.57142857142857
Bengaluru,2019-04-26,63.83,109.42,5.79,33.66,27.21,18.21,1.08,4.45,57.17,0.74,2.89,,144.0,Moderate,2019-04-26,Moderate,117.85714285714286
Bengaluru,2019-04-27,66.34,123.11,7.59,29.77,27.39,17.39,0.84,4.97,61.68,0.37,1.79,,150.0,Moderate,2019-04-27,Moderate,121.85714285714286
Bengaluru,2019-04-28,61.63,117.36,6.47,30.6,28.62,17.46,1.0,5.76,53.79,0.76,2.52,,141.0,Moderate,2019-04-28,Moderate,126.85714285714286
Bengaluru,2019-04-29,62.42,108.27,6.84,30.05,27.53,18.56,0.95,4.5,50.57,0.89,2.92,,140.0,Moderate,2019-04-29,Moderate,131.57142857142858
Bengaluru,2019-04-30,53.78,94.01,6.44,23.6,26.58,17.41,0.92,3.88,60.14,0.42,1.75,,124.0,Moderate,2019-04-30,Moderate,133.28571428571428
Bengaluru,2019-05-01,42.75,74.84,7.54,21.81,23.34,15.57,0.99,4.72,55.94,0.23,1.31,,111.0,Moderate,2019-05-01,Moderate,133.71428571428572
Bengaluru,2019-05-02,46.45,102.47,12.06,21.41,27.32,14.92,0.86,4.34,46.73,0.29,1.19,,103.0,Moderate,2019-05-02,Moderate,130.42857142857142
Bengaluru,2019-05-03,47.56,95.06,8.56,22.23,25.52,17.29,0.74,4.43,48.84,0.41,1.52,,112.0,Moderate,2019-05-03,Moderate,125.85714285714286
Bengaluru,2019-05-04,56.62,116.59,7.6,25.08,26.34,18.79,0.85,3.67,51.98,0.93,2.48,,120.0,Moderate,2019-05-04,Moderate,121.57142857142857
Bengaluru,2019-05-05,54.62,110.84,6.9,26.36,25.65,16.93,0.8,4.21,61.04,1.03,2.36,,132.0,Moderate,2019-05-05,Moderate,120.28571428571429
Bengaluru,2019-05-06,52.76,106.65,7.47,27.54,27.94,17.25,0.8,4.03,66.44,1.17,3.0,,131.0,Moderate,2019-05-06,Moderate,119.0
Bengaluru,2019-05-07,42.61,87.52,10.42,23.95,27.32,16.41,0.86,4.63,47.19,0.94,2.56,,113.0,Moderate,2019-05-07,Moderate,117.42857142857143
Bengaluru,2019-05-08,33.28,81.91,10.92,25.0,25.5,15.29,0.88,4.16,34.37,1.17,3.77,,87.0,Satisfactory,2019-05-08,Satisfactory,114.0
Bengaluru,2019-05-09,51.42,94.86,17.94,30.32,35.49,19.28,1.36,4.4,37.92,1.75,4.89,,106.0,Moderate,2019-05-09,Moderate,114.42857142857143
Bengaluru,2019-05-10,39.33,93.68,8.88,29.13,27.99,18.45,0.94,4.23,49.37,1.31,3.94,,120.0,Moderate,2019-05-10,Moderate,115.57142857142857
Bengaluru,2019-05-11,40.38,93.84,6.49,27.17,24.4,17.05,0.97,3.64,48.35,1.08,3.39,,105.0,Moderate,2019-05-11,Moderate,113.42857142857143
Bengaluru,2019-05-12,34.41,93.08,9.18,26.85,28.06,16.1,1.06,4.01,41.87,0.85,2.76,,101.0,Moderate,2019-05-12,Moderate,109.0
Bengaluru,2019-05-13,32.08,86.2,5.34,25.1,22.24,13.94,0.91,4.11,50.16,1.28,2.96,,106.0,Moderate,2019-05-13,Moderate,105.42857142857143
Bengaluru,2019-05-14,31.91,88.8,6.66,24.31,24.52,15.95,0.92,5.41,50.77,1.18,2.57,,88.0,Satisfactory,2019-05-14,Satisfactory,101.85714285714286
Bengaluru,2019-05-15,33.89,81.23,7.43,24.45,25.03,16.03,1.01,4.29,38.96,0.78,2.4,,96.0,Satisfactory,2019-05-15,Satisfactory,103.14285714285714
Bengaluru,2019-05-16,38.93,93.74,12.36,34.47,36.97,16.51,1.23,3.69,44.94,1.17,3.7,,102.0,Moderate,2019-05-16,Moderate,102.57142857142857
Bengaluru,2019-05-17,40.64,91.59,14.27,32.51,36.02,17.39,1.19,4.17,36.64,1.42,4.56,,110.0,Moderate,2019-05-17,Moderate,101.14285714285714
Bengaluru,2019-05-18,55.14,118.1,13.73,35.15,35.89,19.2,1.19,4.54,43.17,2.25,5.25,,121.0,Moderate,2019-05-18,Moderate,103.42857142857143
Bengaluru,2019-05-19,51.35,101.63,8.15,27.75,25.63,18.52,0.97,3.86,45.7,1.4,3.42,,116.0,Moderate,2019-05-19,Moderate,105.57142857142857
Bengaluru,2019-05-20,46.82,105.55,8.15,29.22,28.8,18.13,1.06,4.83,40.95,1.14,3.22,,109.0,Moderate,2019-05-20,Moderate,106.0
Bengaluru,2019-05-21,45.3,93.68,5.1,26.31,23.99,16.95,0.88,4.25,51.87,0.92,1.58,,109.0,Moderate,2019-05-21,Moderate,109.0
Bengaluru,2019-05-22,40.4,84.74,9.12,28.98,30.39,16.3,1.11,5.69,62.73,1.2,1.31,,107.0,Moderate,2019-05-22,Moderate,110.57142857142857
Bengaluru,2019-05-23,43.26,97.98,12.96,34.61,35.36,17.81,1.04,3.95,34.01,1.43,2.94,,102.0,Moderate,2019-05-23,Moderate,110.57142857142857
Bengaluru,2019-05-24,35.93,75.5,6.87,27.67,26.04,16.8,0.89,5.29,51.84,0.85,2.59,,92.0,Satisfactory,2019-05-24,Satisfactory,108.0
Bengaluru,2019-05-25,26.07,71.31,6.76,25.34,25.38,15.38,0.79,5.0,54.83,0.56,1.99,,82.0,Satisfactory,2019-05-25,Satisfactory,102.42857142857143
Bengaluru,2019-05-26,22.5,49.25,5.26,26.04,23.18,13.51,0.69,3.85,65.11,0.49,1.73,,91.0,Satisfactory,2019-05-26,Satisfactory,98.85714285714286
Bengaluru,2019-05-27,25.77,59.78,8.57,32.49,30.96,16.1,0.94,4.44,60.35,0.78,2.67,,92.0,Satisfactory,2019-05-27,Satisfactory,96.42857142857143
Bengaluru,2019-05-28,38.91,84.93,7.84,25.31,25.24,16.8,0.92,4.07,51.83,0.93,2.9,,92.0,Satisfactory,2019-05-28,Satisfactory,94.0
Bengaluru,2019-05-29,28.66,62.28,5.08,24.99,22.09,15.5,0.75,4.82,82.31,0.82,2.12,,112.0,Moderate,2019-05-29,Moderate,94.71428571428571
Bengaluru,2019-05-30,35.18,77.36,5.72,22.93,22.95,14.98,0.79,3.96,64.17,1.18,1.88,,98.0,Satisfactory,2019-05-30,Satisfactory,94.14285714285714
Bengaluru,2019-05-31,30.29,60.85,6.44,24.81,24.68,13.84,0.82,4.09,69.14,0.88,2.32,,101.0,Moderate,2019-05-31,Moderate,95.42857142857143
Bengaluru,2019-06-01,28.95,64.19,9.57,27.09,29.63,13.43,1.04,4.4,52.56,0.81,2.44,,89.0,Satisfactory,2019-06-01,Satisfactory,96.42857142857143
Bengaluru,2019-06-02,44.24,64.72,5.18,18.31,19.6,12.94,0.85,4.39,45.14,0.53,1.45,,100.0,Satisfactory,2019-06-02,Satisfactory,97.71428571428571
Bengaluru,2019-06-03,20.3,42.09,6.5,23.54,24.12,12.08,0.9,4.71,51.34,0.55,1.75,,98.0,Satisfactory,2019-06-03,Satisfactory,98.57142857142857
Bengaluru,2019-06-04,27.33,61.65,9.0,24.48,30.04,11.9,0.79,4.54,40.04,0.41,1.52,,69.0,Satisfactory,2019-06-04,Satisfactory,95.28571428571429
Bengaluru,2019-06-05,28.4,56.09,7.78,23.56,27.22,10.02,0.75,4.73,45.01,0.28,1.27,,78.0,Satisfactory,2019-06-05,Satisfactory,90.42857142857143
Bengaluru,2019-06-06,25.72,51.53,7.47,27.41,27.68,12.3,1.02,4.17,46.31,0.41,1.57,,78.0,Satisfactory,2019-06-06,Satisfactory,87.57142857142857
Bengaluru,2019-06-07,25.02,56.96,8.64,31.44,32.77,15.21,0.92,5.38,50.51,0.29,1.49,,102.0,Moderate,2019-06-07,Moderate,87.71428571428571
Bengaluru,2019-06-08,23.54,53.47,6.54,23.49,24.49,14.01,0.81,5.1,54.31,0.16,1.16,,76.0,Satisfactory,2019-06-08,Satisfactory,85.85714285714286
Bengaluru,2019-06-09,16.31,39.84,5.29,17.7,20.29,12.94,0.66,4.02,50.05,0.11,0.77,,66.0,Satisfactory,2019-06-09,Satisfactory,81.0
Bengaluru,2019-06-10,7.85,25.87,6.28,16.77,21.21,11.79,0.62,4.44,45.0,0.08,0.65,,54.0,Satisfactory,2019-06-10,Satisfactory,74.71428571428571
Bengaluru,2019-06-11,11.32,30.88,5.87,16.85,20.4,13.18,0.72,4.58,36.82,0.21,0.8,,50.0,Good,2019-06-11,Good,72.0
Bengaluru,2019-06-12,12.8,35.87,6.7,17.93,22.31,13.74,0.61,6.09,30.56,0.43,1.09,,51.0,Satisfactory,2019-06-12,Satisfactory,68.14285714285714
Bengaluru,2019-06-13,16.38,38.15,7.7,17.76,23.51,12.46,0.66,7.48,25.3,0.66,1.65,,50.0,Good,2019-06-13,Good,64.14285714285714
Bengaluru,2019-06-14,22.11,47.2,7.85,18.09,23.77,12.54,0.64,8.44,24.42,1.82,5.73,,59.0,Satisfactory,2019-06-14,Satisfactory,58.0
Bengaluru,2019-06-15,23.64,54.09,9.57,20.9,24.36,12.52,0.68,8.45,24.61,1.95,7.15,,69.0,Satisfactory,2019-06-15,Satisfactory,57.0
Bengaluru,2019-06-16,22.01,56.08,6.47,18.54,21.24,12.87,0.62,8.99,25.18,2.19,3.2,,63.0,Satisfactory,2019-06-16,Satisfactory,56.57142857142857
Bengaluru,2019-06-17,25.77,64.03,8.35,21.68,25.92,13.23,0.7,8.36,30.6,1.28,2.92,,61.0,Satisfactory,2019-06-17,Satisfactory,57.57142857142857
Bengaluru,2019-06-18,28.82,64.96,6.09,20.1,22.94,13.94,0.7,6.23,30.67,0.87,2.34,,70.0,Satisfactory,2019-06-18,Satisfactory,60.42857142857143
Bengaluru,2019-06-19,25.41,60.88,7.2,20.9,23.52,12.07,0.78,4.91,29.26,1.03,2.69,,74.0,Satisfactory,2019-06-19,Satisfactory,63.714285714285715
Bengaluru,2019-06-20,24.36,53.32,5.24,18.74,20.57,12.0,0.65,4.96,32.97,0.69,1.97,,67.0,Satisfactory,2019-06-20,Satisfactory,66.14285714285714
Bengaluru,2019-06-21,25.35,56.61,5.8,20.66,22.89,12.55,0.74,5.48,38.03,1.42,2.5,,64.0,Satisfactory,2019-06-21,Satisfactory,66.85714285714286
Bengaluru,2019-06-22,16.58,45.48,4.93,20.04,21.76,12.89,0.69,5.06,38.81,1.31,1.94,,67.0,Satisfactory,2019-06-22,Satisfactory,66.57142857142857
Bengaluru,2019-06-23,14.8,36.43,4.83,20.19,21.5,12.11,0.67,4.46,37.89,0.8,2.26,,66.0,Satisfactory,2019-06-23,Satisfactory,67.0
Bengaluru,2019-06-24,18.54,44.9,6.3,21.39,22.49,13.29,0.71,4.33,32.56,0.87,2.76,,65.0,Satisfactory,2019-06-24,Satisfactory,67.57142857142857
Bengaluru,2019-06-25,30.39,76.25,6.73,23.04,26.12,13.05,0.76,4.77,30.97,0.97,2.46,,65.0,Satisfactory,2019-06-25,Satisfactory,66.85714285714286
Bengaluru,2019-06-26,34.69,61.12,7.53,21.39,24.94,13.32,0.76,4.15,25.3,1.45,3.01,,74.0,Satisfactory,2019-06-26,Satisfactory,66.85714285714286
Bengaluru,2019-06-27,26.44,65.51,7.51,21.17,24.37,12.55,0.72,4.27,28.6,1.2,1.93,,72.0,Satisfactory,2019-06-27,Satisfactory,67.57142857142857
Bengaluru,2019-06-28,26.98,85.13,7.01,21.09,23.98,7.99,0.68,4.78,33.5,0.94,1.58,,72.0,Satisfactory,2019-06-28,Satisfactory,68.71428571428571
Bengaluru,2019-06-29,25.37,81.98,6.35,24.27,27.38,9.02,0.72,4.7,37.55,0.5,1.39,,79.0,Satisfactory,2019-06-29,Satisfactory,70.42857142857143
Bengaluru,2019-06-30,20.16,63.53,5.14,17.51,19.15,10.04,0.63,3.91,33.55,0.36,1.15,,68.0,Satisfactory,2019-06-30,Satisfactory,70.71428571428571
Bengaluru,2019-07-01,26.89,70.15,6.08,18.8,21.32,9.92,0.71,4.63,35.0,0.39,1.36,,65.0,Satisfactory,2019-07-01,Satisfactory,70.71428571428571
Bengaluru,2019-07-02,20.79,62.01,6.09,19.94,23.04,10.46,0.73,5.37,39.44,0.4,1.33,,70.0,Satisfactory,2019-07-02,Satisfactory,71.42857142857143
Bengaluru,2019-07-03,18.25,60.9,5.89,18.61,21.1,8.4,0.7,4.98,33.59,0.45,1.52,,64.0,Satisfactory,2019-07-03,Satisfactory,70.0
Bengaluru,2019-07-04,18.92,60.19,6.44,21.98,23.35,8.71,0.79,5.09,27.13,1.16,1.73,,65.0,Satisfactory,2019-07-04,Satisfactory,69.0
Bengaluru,2019-07-05,20.9,57.46,6.03,19.92,23.66,11.62,0.7,5.03,25.86,0.79,1.6,,63.0,Satisfactory,2019-07-05,Satisfactory,67.71428571428571
Bengaluru,2019-07-06,16.65,51.06,6.2,21.47,25.96,10.2,0.76,5.32,29.0,0.5,1.65,,62.0,Satisfactory,2019-07-06,Satisfactory,65.28571428571429
Bengaluru,2019-07-07,19.38,68.71,5.33,18.38,21.55,8.26,0.75,5.3,32.8,0.85,1.36,,69.0,Satisfactory,2019-07-07,Satisfactory,65.42857142857143
Bengaluru,2019-07-08,17.24,55.7,5.42,16.23,19.26,8.74,0.76,5.8,29.35,0.64,1.42,,58.0,Satisfactory,2019-07-08,Satisfactory,64.42857142857143
Bengaluru,2019-07-09,19.53,46.87,5.88,16.78,20.78,10.19,0.86,5.41,25.43,0.74,1.66,,64.0,Satisfactory,2019-07-09,Satisfactory,63.57142857142857
Bengaluru,2019-07-10,31.67,50.35,6.02,19.9,22.32,11.63,0.78,5.79,30.18,0.86,1.34,,68.0,Satisfactory,2019-07-10,Satisfactory,64.14285714285714
Bengaluru,2019-07-11,23.49,61.32,6.71,24.25,24.61,11.9,0.84,7.22,31.66,0.63,2.06,,86.0,Satisfactory,2019-07-11,Satisfactory,67.14285714285714
Bengaluru,2019-07-12,20.95,62.33,6.06,22.71,23.18,11.9,0.79,7.87,32.12,0.53,1.82,,71.0,Satisfactory,2019-07-12,Satisfactory,68.28571428571429
Bengaluru,2019-07-13,20.39,57.91,5.27,21.27,22.77,11.76,0.75,6.01,32.55,0.44,1.35,,62.0,Satisfactory,2019-07-13,Satisfactory,68.28571428571429
Bengaluru,2019-07-14,19.18,51.48,5.39,20.0,20.69,11.64,0.74,6.77,31.64,0.56,1.24,,63.0,Satisfactory,2019-07-14,Satisfactory,67.42857142857143
Bengaluru,2019-07-15,17.84,47.39,6.14,21.24,21.59,10.92,0.8,5.93,32.19,0.5,1.68,,65.0,Satisfactory,2019-07-15,Satisfactory,68.42857142857143
Bengaluru,2019-07-16,24.91,46.99,6.8,21.88,22.16,12.2,0.8,4.12,25.04,0.55,1.76,,65.0,Satisfactory,2019-07-16,Satisfactory,68.57142857142857
Bengaluru,2019-07-17,26.83,55.0,9.37,24.84,26.64,12.84,0.82,3.9,25.39,0.68,2.44,,69.0,Satisfactory,2019-07-17,Satisfactory,68.71428571428571
Bengaluru,2019-07-18,30.97,62.36,9.88,27.45,28.31,14.47,0.85,4.16,23.45,0.65,2.87,,73.0,Satisfactory,2019-07-18,Satisfactory,66.85714285714286
Bengaluru,2019-07-19,18.98,37.85,6.92,22.61,22.72,13.99,0.67,4.42,22.89,0.51,1.76,,66.0,Satisfactory,2019-07-19,Satisfactory,66.14285714285714
Bengaluru,2019-07-20,15.96,42.66,5.09,21.56,21.45,12.36,0.63,7.4,25.53,0.61,1.14,,48.0,Good,2019-07-20,Good,64.14285714285714
Bengaluru,2019-07-21,19.24,41.46,6.43,23.64,25.39,11.87,0.67,7.96,25.98,0.4,1.03,,64.0,Satisfactory,2019-07-21,Satisfactory,64.28571428571429
Bengaluru,2019-07-22,15.91,41.71,6.7,24.64,26.02,11.03,0.69,6.1,27.44,0.36,1.11,,57.0,Satisfactory,2019-07-22,Satisfactory,63.142857142857146
Bengaluru,2019-07-23,19.14,41.62,6.94,23.99,25.31,11.49,0.75,3.98,24.3,0.4,1.38,,56.0,Satisfactory,2019-07-23,Satisfactory,61.857142857142854
Bengaluru,2019-07-24,20.89,63.75,6.44,23.42,24.67,12.15,0.67,3.69,25.88,0.58,1.19,,60.0,Satisfactory,2019-07-24,Satisfactory,60.57142857142857
Bengaluru,2019-07-25,20.67,53.24,7.12,23.58,24.76,11.97,0.77,3.63,23.94,0.5,1.6,,64.0,Satisfactory,2019-07-25,Satisfactory,59.285714285714285
Bengaluru,2019-07-26,20.33,53.25,6.92,23.49,24.97,11.62,0.73,4.09,21.84,0.44,1.34,,62.0,Satisfactory,2019-07-26,Satisfactory,58.714285714285715
Bengaluru,2019-07-27,23.21,50.99,5.66,20.93,19.66,11.85,0.64,3.87,24.81,0.39,1.36,,55.0,Satisfactory,2019-07-27,Satisfactory,59.714285714285715
Bengaluru,2019-07-28,23.3,49.13,7.2,21.15,22.03,11.46,0.71,5.9,25.68,0.31,1.21,,62.0,Satisfactory,2019-07-28,Satisfactory,59.42857142857143
Bengaluru,2019-07-29,18.61,56.25,5.18,19.89,21.39,11.72,0.68,3.82,25.3,0.32,1.24,,64.0,Satisfactory,2019-07-29,Satisfactory,60.42857142857143
Bengaluru,2019-07-30,23.14,56.4,5.84,21.54,24.17,11.9,0.72,3.95,23.02,0.52,1.47,,58.0,Satisfactory,2019-07-30,Satisfactory,60.714285714285715
Bengaluru,2019-07-31,26.99,47.37,5.7,21.64,21.49,11.74,0.66,3.58,23.67,0.75,1.6,,58.0,Satisfactory,2019-07-31,Satisfactory,60.42857142857143
Bengaluru,2019-08-01,19.87,51.46,5.12,19.76,18.94,11.1,0.69,3.68,23.76,0.56,1.34,,61.0,Satisfactory,2019-08-01,Satisfactory,60.0
Bengaluru,2019-08-02,18.45,52.16,6.62,22.04,23.57,11.78,0.75,4.34,21.7,0.43,1.39,,59.0,Satisfactory,2019-08-02,Satisfactory,59.57142857142857
Bengaluru,2019-08-03,18.13,46.6,6.99,19.08,20.69,11.18,0.65,4.05,25.31,0.35,1.24,,56.0,Satisfactory,2019-08-03,Satisfactory,59.714285714285715
Bengaluru,2019-08-04,16.26,41.66,9.14,17.21,20.51,10.68,0.69,4.08,23.02,0.49,0.99,,60.0,Satisfactory,2019-08-04,Satisfactory,59.42857142857143
Bengaluru,2019-08-05,15.08,29.63,9.97,18.83,22.65,11.23,0.65,4.26,17.14,0.45,1.54,,53.0,Satisfactory,2019-08-05,Satisfactory,57.857142857142854
Bengaluru,2019-08-06,14.76,30.58,10.3,20.9,24.66,11.72,0.71,4.38,18.42,0.47,1.36,,48.0,Good,2019-08-06,Good,56.42857142857143
Bengaluru,2019-08-07,14.94,32.65,10.1,20.29,25.36,12.83,0.78,4.52,14.32,0.45,1.43,,57.0,Satisfactory,2019-08-07,Satisfactory,56.285714285714285
Bengaluru,2019-08-08,14.31,27.28,9.42,19.56,22.47,12.92,0.67,4.1,14.25,0.72,2.23,,53.0,Satisfactory,2019-08-08,Satisfactory,55.142857142857146
Bengaluru,2019-08-09,15.53,30.16,9.06,21.17,23.29,12.13,0.71,3.44,17.32,0.33,0.93,,55.0,Satisfactory,2019-08-09,Satisfactory,54.57142857142857
Bengaluru,2019-08-10,13.63,38.48,8.61,22.07,24.99,12.32,0.72,3.53,18.47,0.33,1.21,,49.0,Good,2019-08-10,Good,53.57142857142857
Bengaluru,2019-08-11,12.95,38.27,8.35,19.08,21.33,11.74,0.61,3.57,17.76,0.44,1.28,,50.0,Good,2019-08-11,Good,52.142857142857146
Bengaluru,2019-08-12,18.62,46.51,12.49,21.34,26.78,14.07,0.78,4.06,17.11,0.76,2.22,,52.0,Satisfactory,2019-08-12,Satisfactory,52.0
Bengaluru,2019-08-13,22.1,46.9,12.63,24.49,28.97,14.28,0.93,4.13,18.88,0.48,2.17,,68.0,Satisfactory,2019-08-13,Satisfactory,54.857142857142854
Bengaluru,2019-08-14,26.64,46.08,10.13,22.95,25.42,14.27,0.81,3.5,22.74,0.36,1.54,,70.0,Satisfactory,2019-08-14,Satisfactory,56.714285714285715
Bengaluru,2019-08-15,15.63,38.14,8.64,20.93,21.81,13.18,0.69,2.97,22.46,0.35,1.6,,59.0,Satisfactory,2019-08-15,Satisfactory,57.57142857142857
Bengaluru,2019-08-16,18.63,34.85,8.64,20.7,24.55,13.51,0.76,3.49,16.92,0.47,1.94,,51.0,Satisfactory,2019-08-16,Satisfactory,57.0
Bengaluru,2019-08-17,20.79,52.0,10.77,24.71,28.58,14.78,0.9,3.7,16.32,0.66,2.03,,61.0,Satisfactory,2019-08-17,Satisfactory,58.714285714285715
Bengaluru,2019-08-18,23.25,47.66,12.4,26.34,29.87,16.35,0.85,3.66,14.77,0.76,2.04,,67.0,Satisfactory,2019-08-18,Satisfactory,61.142857142857146
Bengaluru,2019-08-19,20.73,49.59,12.5,27.88,31.49,16.63,0.88,3.85,17.67,0.52,2.37,,65.0,Satisfactory,2019-08-19,Satisfactory,63.0
Bengaluru,2019-08-20,18.28,48.73,9.79,24.0,28.57,14.41,0.98,3.8,15.63,0.68,2.63,,74.0,Satisfactory,2019-08-20,Satisfactory,63.857142857142854
Bengaluru,2019-08-21,17.04,45.86,12.94,20.38,27.03,12.61,1.06,4.86,17.45,0.48,1.87,,73.0,Satisfactory,2019-08-21,Satisfactory,64.28571428571429
Bengaluru,2019-08-22,17.3,57.03,9.03,18.74,23.82,12.29,0.83,4.84,16.68,0.49,1.87,,68.0,Satisfactory,2019-08-22,Satisfactory,65.57142857142857
Bengaluru,2019-08-23,15.08,44.78,7.84,18.23,22.24,12.69,0.85,4.64,18.5,0.67,1.93,,65.0,Satisfactory,2019-08-23,Satisfactory,67.57142857142857
Bengaluru,2019-08-24,15.29,63.42,8.07,19.16,23.84,12.39,0.77,4.8,18.52,1.24,1.65,,57.0,Satisfactory,2019-08-24,Satisfactory,67.0
Bengaluru,2019-08-25,14.98,55.99,5.28,15.48,18.18,11.29,0.58,5.48,20.37,1.55,1.43,,68.0,Satisfactory,2019-08-25,Satisfactory,67.14285714285714
Bengaluru,2019-08-26,14.14,49.29,5.95,17.29,19.29,10.86,0.72,5.42,22.91,1.41,2.42,,63.0,Satisfactory,2019-08-26,Satisfactory,66.85714285714286
Bengaluru,2019-08-27,11.42,47.0,7.18,19.78,23.79,12.1,0.71,7.1,23.6,1.66,2.14,,61.0,Satisfactory,2019-08-27,Satisfactory,65.0
Bengaluru,2019-08-28,15.3,42.17,6.49,21.27,22.89,11.62,0.63,5.11,22.94,0.9,2.15,,52.0,Satisfactory,2019-08-28,Satisfactory,62.0
Bengaluru,2019-08-29,17.22,44.99,5.15,18.4,19.69,11.37,0.64,5.43,22.19,1.16,1.98,,49.0,Good,2019-08-29,Good,59.285714285714285
Bengaluru,2019-08-30,15.01,50.6,5.76,17.69,19.78,10.31,0.71,5.01,22.84,1.12,1.61,,53.0,Satisfactory,2019-08-30,Satisfactory,57.57142857142857
Bengaluru,2019-08-31,20.82,65.26,7.24,19.48,22.6,10.46,0.79,4.89,21.78,0.9,1.53,,63.0,Satisfactory,2019-08-31,Satisfactory,58.42857142857143
Bengaluru,2019-09-01,17.64,47.85,5.73,15.11,17.09,8.94,0.67,5.24,21.03,0.65,1.22,,61.0,Satisfactory,2019-09-01,Satisfactory,57.42857142857143
Bengaluru,2019-09-02,10.98,27.78,3.7,12.39,12.58,8.81,0.64,5.3,21.01,0.52,1.05,,48.0,Good,2019-09-02,Good,55.285714285714285
Bengaluru,2019-09-03,11.18,32.65,6.38,15.56,17.74,9.5,0.73,5.21,20.36,0.52,2.49,,51.0,Satisfactory,2019-09-03,Satisfactory,53.857142857142854
Bengaluru,2019-09-04,13.01,40.46,7.04,16.9,19.57,9.34,0.72,5.33,19.94,0.62,1.59,,51.0,Satisfactory,2019-09-04,Satisfactory,53.714285714285715
Bengaluru,2019-09-05,13.84,42.24,7.56,16.5,20.44,8.86,0.79,5.18,18.43,1.19,3.76,,56.0,Satisfactory,2019-09-05,Satisfactory,54.714285714285715
Bengaluru,2019-09-06,15.34,44.08,8.05,16.14,20.57,9.22,0.88,5.36,17.88,0.82,2.71,,64.0,Satisfactory,2019-09-06,Satisfactory,56.285714285714285
Bengaluru,2019-09-07,20.16,45.38,7.3,15.83,18.87,8.43,0.79,6.09,16.27,0.62,1.65,,63.0,Satisfactory,2019-09-07,Satisfactory,56.285714285714285
Bengaluru,2019-09-08,12.63,45.47,6.0,12.36,15.67,7.49,0.79,6.15,17.38,0.67,1.27,,62.0,Satisfactory,2019-09-08,Satisfactory,56.42857142857143
Bengaluru,2019-09-09,15.92,49.54,6.98,13.9,17.26,8.79,0.78,5.78,18.74,1.25,1.7,,63.0,Satisfactory,2019-09-09,Satisfactory,58.57142857142857
Bengaluru,2019-09-10,20.67,58.85,5.4,12.3,13.55,10.59,0.73,5.49,22.64,1.45,1.91,,67.0,Satisfactory,2019-09-10,Satisfactory,60.857142857142854
Bengaluru,2019-09-11,19.51,60.37,6.57,14.46,16.19,9.56,0.72,5.11,23.25,0.88,1.57,,62.0,Satisfactory,2019-09-11,Satisfactory,62.42857142857143
Bengaluru,2019-09-12,20.53,57.11,9.86,24.3,25.64,12.42,0.8,5.18,24.32,0.41,1.41,,68.0,Satisfactory,2019-09-12,Satisfactory,64.14285714285714
Bengaluru,2019-09-13,21.84,60.43,10.46,23.38,24.74,11.91,0.86,4.94,25.03,0.67,1.7,,67.0,Satisfactory,2019-09-13,Satisfactory,64.57142857142857
Bengaluru,2019-09-14,22.29,56.94,6.61,21.87,20.68,10.94,0.76,5.58,27.33,0.77,1.3,,70.0,Satisfactory,2019-09-14,Satisfactory,65.57142857142857
Bengaluru,2019-09-15,21.74,50.11,7.52,19.46,18.78,10.07,0.78,5.31,27.56,0.41,1.19,,69.0,Satisfactory,2019-09-15,Satisfactory,66.57142857142857
Bengaluru,2019-09-16,48.41,40.74,8.0,19.11,20.07,10.48,0.82,5.11,25.41,0.42,1.59,,67.0,Satisfactory,2019-09-16,Satisfactory,67.14285714285714
Bengaluru,2019-09-17,68.71,43.3,8.98,22.09,23.99,12.24,1.0,4.84,23.88,0.55,2.16,,120.0,Moderate,2019-09-17,Moderate,74.71428571428571
Bengaluru,2019-09-18,22.83,63.17,6.7,22.04,23.16,13.83,0.95,4.32,26.44,0.62,1.84,,92.0,Satisfactory,2019-09-18,Satisfactory,79.0
Bengaluru,2019-09-19,23.96,59.79,6.04,20.04,21.91,16.1,0.85,4.64,31.73,0.62,1.18,,82.0,Satisfactory,2019-09-19,Satisfactory,81.0
Bengaluru,2019-09-20,19.12,56.78,11.37,23.82,26.19,17.48,0.82,4.81,30.27,0.45,1.15,,67.0,Satisfactory,2019-09-20,Satisfactory,81.0
Bengaluru,2019-09-21,22.92,68.81,7.27,24.96,27.2,14.09,0.92,5.07,31.65,0.73,1.44,,74.0,Satisfactory,2019-09-21,Satisfactory,81.57142857142857
Bengaluru,2019-09-22,19.15,53.11,14.84,27.97,37.17,14.75,1.01,4.92,31.13,0.62,2.16,,81.0,Satisfactory,2019-09-22,Satisfactory,83.28571428571429
Bengaluru,2019-09-23,24.78,50.88,17.22,38.91,48.69,16.87,1.2,5.99,34.28,0.75,3.26,,91.0,Satisfactory,2019-09-23,Satisfactory,86.71428571428571
Bengaluru,2019-09-24,17.68,36.94,11.88,33.19,36.56,14.1,1.15,5.91,43.22,0.63,2.32,,100.0,Satisfactory,2019-09-24,Satisfactory,83.85714285714286
Bengaluru,2019-09-25,13.45,32.33,7.39,24.87,26.46,15.3,0.85,4.98,34.55,0.47,1.52,,81.0,Satisfactory,2019-09-25,Satisfactory,82.28571428571429
Bengaluru,2019-09-26,16.59,41.07,10.63,20.76,26.68,13.17,0.83,4.63,30.31,0.4,1.4,,64.0,Satisfactory,2019-09-26,Satisfactory,79.71428571428571
Bengaluru,2019-09-27,32.55,75.73,10.14,28.02,32.03,14.16,1.04,4.97,33.78,0.64,2.63,,83.0,Satisfactory,2019-09-27,Satisfactory,82.0
Bengaluru,2019-09-28,26.32,78.07,7.34,26.64,27.62,14.52,0.98,4.69,42.02,0.58,2.05,,99.0,Satisfactory,2019-09-28,Satisfactory,85.57142857142857
Bengaluru,2019-09-29,38.4,87.7,4.7,22.87,21.74,14.52,0.79,5.51,41.53,0.48,1.54,,93.0,Satisfactory,2019-09-29,Satisfactory,87.28571428571429
Bengaluru,2019-09-30,23.22,53.78,5.23,19.29,17.87,13.18,0.81,5.24,34.56,0.55,1.56,,73.0,Satisfactory,2019-09-30,Satisfactory,84.71428571428571
Bengaluru,2019-10-01,34.28,68.99,11.17,25.88,29.12,14.14,1.01,4.56,38.57,0.72,2.21,,88.0,Satisfactory,2019-10-01,Satisfactory,83.0
Bengaluru,2019-10-02,17.34,36.79,13.18,32.46,35.39,13.28,0.94,6.01,40.57,0.67,2.45,,92.0,Satisfactory,2019-10-02,Satisfactory,84.57142857142857
Bengaluru,2019-10-03,26.79,52.83,12.09,35.24,37.85,15.48,1.01,5.33,50.22,0.87,3.1,,95.0,Satisfactory,2019-10-03,Satisfactory,89.0
Bengaluru,2019-10-04,41.28,58.29,18.78,41.03,51.72,16.06,1.1,4.35,49.07,1.02,3.52,,104.0,Moderate,2019-10-04,Moderate,92.0
Bengaluru,2019-10-05,32.73,70.53,18.64,46.1,52.79,16.86,1.13,4.22,31.39,1.26,4.65,,107.0,Moderate,2019-10-05,Moderate,93.14285714285714
Bengaluru,2019-10-06,27.15,55.82,14.73,33.96,36.15,14.69,0.92,3.39,37.5,0.95,4.14,,85.0,Satisfactory,2019-10-06,Satisfactory,92.0
Bengaluru,2019-10-07,35.57,60.1,26.1,37.6,46.86,15.03,1.14,4.19,34.78,1.17,3.96,,88.0,Satisfactory,2019-10-07,Satisfactory,94.14285714285714
Bengaluru,2019-10-08,24.46,39.4,8.65,28.28,26.66,14.09,0.71,3.39,46.65,0.69,2.45,,92.0,Satisfactory,2019-10-08,Satisfactory,94.71428571428571
Bengaluru,2019-10-09,31.67,46.37,31.34,39.99,53.18,15.63,0.95,4.97,40.67,0.85,3.57,,89.0,Satisfactory,2019-10-09,Satisfactory,94.28571428571429
Bengaluru,2019-10-10,73.77,70.64,12.43,36.15,37.94,18.0,0.87,4.81,34.15,1.01,3.94,,146.0,Moderate,2019-10-10,Moderate,101.57142857142857
Bengaluru,2019-10-11,45.16,79.81,12.32,37.89,39.71,18.91,0.83,3.94,34.94,1.11,3.77,,95.0,Satisfactory,2019-10-11,Satisfactory,100.28571428571429
Bengaluru,2019-10-12,38.44,75.75,10.61,30.58,32.46,17.39,0.83,4.47,29.02,0.82,2.56,,90.0,Satisfactory,2019-10-12,Satisfactory,97.85714285714286
Bengaluru,2019-10-13,20.84,46.8,11.38,23.0,26.36,15.76,0.79,4.48,22.31,0.71,2.0,,72.0,Satisfactory,2019-10-13,Satisfactory,96.0
Bengaluru,2019-10-14,22.61,52.98,16.56,26.95,35.28,17.97,0.85,4.18,20.5,0.96,2.81,,73.0,Satisfactory,2019-10-14,Satisfactory,93.85714285714286
Bengaluru,2019-10-15,24.94,57.89,16.25,28.5,34.84,18.72,0.83,4.42,23.94,1.1,3.37,,79.0,Satisfactory,2019-10-15,Satisfactory,92.0
Bengaluru,2019-10-16,21.73,57.38,15.17,28.28,33.44,17.09,0.72,3.85,25.81,1.12,3.51,,71.0,Satisfactory,2019-10-16,Satisfactory,89.42857142857143
Bengaluru,2019-10-17,19.3,48.38,17.76,27.52,35.63,17.01,0.85,3.74,20.66,1.1,3.46,,75.0,Satisfactory,2019-10-17,Satisfactory,79.28571428571429
Bengaluru,2019-10-18,25.83,52.13,11.2,24.42,26.37,15.22,0.71,4.83,24.17,1.05,3.1,,69.0,Satisfactory,2019-10-18,Satisfactory,75.57142857142857
Bengaluru,2019-10-19,19.25,37.64,9.17,23.99,27.14,13.73,0.72,4.63,20.61,1.33,3.71,,71.0,Satisfactory,2019-10-19,Satisfactory,72.85714285714286
Bengaluru,2019-10-20,17.2,39.02,6.82,23.31,23.16,13.23,0.52,5.72,26.13,0.89,2.5,,56.0,Satisfactory,2019-10-20,Satisfactory,70.57142857142857
Bengaluru,2019-10-21,20.71,41.14,15.04,30.13,35.45,13.8,0.85,5.78,22.97,1.37,4.19,,69.0,Satisfactory,2019-10-21,Satisfactory,70.0
Bengaluru,2019-10-22,16.46,35.11,13.68,24.22,29.48,14.84,0.83,5.59,22.81,1.11,3.22,,69.0,Satisfactory,2019-10-22,Satisfactory,68.57142857142857
Bengaluru,2019-10-23,11.71,35.91,7.89,16.97,19.84,17.04,0.83,6.07,17.5,0.82,2.21,,66.0,Satisfactory,2019-10-23,Satisfactory,67.85714285714286
Bengaluru,2019-10-24,12.57,46.46,4.34,15.8,16.05,12.27,0.76,6.39,21.49,1.07,1.75,,62.0,Satisfactory,2019-10-24,Satisfactory,66.0
Bengaluru,2019-10-25,13.43,42.75,5.68,18.11,19.56,12.32,0.83,6.37,19.33,0.95,1.4,,65.0,Satisfactory,2019-10-25,Satisfactory,65.42857142857143
Bengaluru,2019-10-26,18.21,47.6,6.8,18.89,20.81,11.69,0.74,5.76,19.0,0.61,1.31,,59.0,Satisfactory,2019-10-26,Satisfactory,63.714285714285715
Bengaluru,2019-10-27,42.44,74.17,7.74,21.32,23.05,12.84,1.01,5.26,20.17,0.77,1.86,,74.0,Satisfactory,2019-10-27,Satisfactory,66.28571428571429
Bengaluru,2019-10-28,42.44,78.91,10.63,24.6,26.91,13.82,1.04,5.38,18.21,0.71,2.43,,88.0,Satisfactory,2019-10-28,Satisfactory,69.0
Bengaluru,2019-10-29,34.24,78.0,11.34,22.99,27.53,16.13,0.97,6.61,20.89,0.67,2.32,,80.0,Satisfactory,2019-10-29,Satisfactory,70.57142857142857
Bengaluru,2019-10-30,18.77,42.23,11.91,26.91,32.16,15.45,0.98,6.42,27.66,0.57,2.12,,78.0,Satisfactory,2019-10-30,Satisfactory,72.28571428571429
Bengaluru,2019-10-31,18.62,49.95,7.39,24.47,26.76,14.41,0.87,5.73,35.18,0.45,1.93,,68.0,Satisfactory,2019-10-31,Satisfactory,73.14285714285714
Bengaluru,2019-11-01,27.42,77.15,12.02,25.98,31.75,14.01,0.9,6.0,41.88,0.47,1.64,,84.0,Satisfactory,2019-11-01,Satisfactory,75.85714285714286
Bengaluru,2019-11-02,27.1,72.41,12.02,25.19,30.28,16.17,1.08,6.16,30.92,0.57,2.01,,77.0,Satisfactory,2019-11-02,Satisfactory,78.42857142857143
Bengaluru,2019-11-03,40.0,71.78,11.18,26.32,27.98,18.0,0.99,5.46,34.6,0.89,2.58,,89.0,Satisfactory,2019-11-03,Satisfactory,80.57142857142857
Bengaluru,2019-11-04,54.83,112.73,20.78,36.74,46.01,20.29,1.26,5.53,38.89,1.34,3.59,,95.0,Satisfactory,2019-11-04,Satisfactory,81.57142857142857
Bengaluru,2019-11-05,73.88,144.98,31.44,41.5,61.74,20.46,1.48,6.15,34.78,1.66,4.33,,139.0,Moderate,2019-11-05,Moderate,90.0
Bengaluru,2019-11-06,94.17,142.05,26.51,38.83,53.01,20.6,1.36,5.74,55.74,0.98,3.25,,169.0,Moderate,2019-11-06,Moderate,103.0
Bengaluru,2019-11-07,92.21,136.66,28.33,44.07,61.28,21.68,1.38,5.9,54.15,1.81,5.31,,174.0,Moderate,2019-11-07,Moderate,118.14285714285714
Bengaluru,2019-11-08,69.3,110.88,17.73,38.45,47.34,22.41,1.29,6.55,42.01,1.71,4.44,,159.0,Moderate,2019-11-08,Moderate,128.85714285714286
Bengaluru,2019-11-09,47.14,102.59,12.78,35.19,40.02,20.88,1.07,5.61,41.92,1.59,4.0,,116.0,Moderate,2019-11-09,Moderate,134.42857142857142
Bengaluru,2019-11-10,52.86,102.92,11.34,30.63,31.84,20.13,1.0,5.26,41.1,0.93,3.12,,96.0,Satisfactory,2019-11-10,Satisfactory,135.42857142857142
Bengaluru,2019-11-11,61.83,117.91,8.64,33.11,34.39,20.35,0.96,5.67,57.13,0.62,1.86,,124.0,Moderate,2019-11-11,Moderate,139.57142857142858
Bengaluru,2019-11-12,27.77,68.96,7.02,26.07,27.22,16.45,1.0,6.13,46.59,0.42,1.39,,96.0,Satisfactory,2019-11-12,Satisfactory,133.42857142857142
Bengaluru,2019-11-13,30.39,81.26,10.37,28.6,31.5,17.33,0.93,6.37,43.84,0.66,2.02,,83.0,Satisfactory,2019-11-13,Satisfactory,121.14285714285714
Bengaluru,2019-11-14,23.32,61.17,11.88,26.92,32.14,17.36,0.92,6.12,38.82,0.75,2.17,,80.0,Satisfactory,2019-11-14,Satisfactory,107.71428571428571
Bengaluru,2019-11-15,26.33,65.78,15.95,28.61,38.17,18.25,1.1,6.02,18.93,0.74,2.54,,77.0,Satisfactory,2019-11-15,Satisfactory,96.0
Bengaluru,2019-11-16,20.62,57.92,12.03,26.87,33.07,17.27,1.01,6.16,21.06,0.69,2.24,,82.0,Satisfactory,2019-11-16,Satisfactory,91.14285714285714
Bengaluru,2019-11-17,30.7,64.16,10.09,28.0,34.06,16.75,0.84,6.37,36.16,0.69,1.81,,76.0,Satisfactory,2019-11-17,Satisfactory,88.28571428571429
Bengaluru,2019-11-18,27.07,61.85,12.69,29.65,36.43,17.29,1.01,6.8,30.81,0.72,2.18,,72.0,Satisfactory,2019-11-18,Satisfactory,80.85714285714286
Bengaluru,2019-11-19,20.23,51.01,12.61,26.77,34.15,16.19,0.96,6.55,25.97,0.66,2.12,,74.0,Satisfactory,2019-11-19,Satisfactory,77.71428571428571
Bengaluru,2019-11-20,21.12,48.76,13.06,27.06,33.42,16.37,1.05,6.93,23.22,0.73,2.49,,77.0,Satisfactory,2019-11-20,Satisfactory,76.85714285714286
Bengaluru,2019-11-21,42.28,78.55,14.45,34.02,39.94,17.57,1.19,6.68,29.31,0.93,2.93,,86.0,Satisfactory,2019-11-21,Satisfactory,77.71428571428571
Bengaluru,2019-11-22,44.17,78.49,11.39,32.14,36.86,15.81,1.06,6.26,32.59,0.73,2.2,,96.0,Satisfactory,2019-11-22,Satisfactory,80.42857142857143
Bengaluru,2019-11-23,36.68,68.13,9.67,32.05,34.86,15.22,1.01,6.44,36.87,0.56,1.8,,90.0,Satisfactory,2019-11-23,Satisfactory,81.57142857142857
Bengaluru,2019-11-24,41.18,71.69,4.45,21.45,20.72,17.36,0.9,6.17,47.58,0.2,0.85,,79.0,Satisfactory,2019-11-24,Satisfactory,82.0
Bengaluru,2019-11-25,37.44,69.94,6.37,27.71,28.88,16.71,1.17,6.81,37.89,0.34,3.63,,83.0,Satisfactory,2019-11-25,Satisfactory,83.57142857142857
Bengaluru,2019-11-26,35.44,72.66,14.25,30.62,32.97,17.52,1.0,5.87,43.3,7.6,34.24,,88.0,Satisfactory,2019-11-26,Satisfactory,85.57142857142857
Bengaluru,2019-11-27,33.02,65.25,15.29,35.64,40.58,17.13,1.22,6.34,34.88,1.29,37.66,,89.0,Satisfactory,2019-11-27,Satisfactory,87.28571428571429
Bengaluru,2019-11-28,23.08,53.29,13.08,29.76,35.02,18.19,1.04,6.31,30.99,2.8,29.42,,86.0,Satisfactory,2019-11-28,Satisfactory,87.28571428571429
Bengaluru,2019-11-29,22.97,61.34,14.39,25.68,31.74,14.77,1.0,5.38,24.82,0.93,40.69,,75.0,Satisfactory,2019-11-29,Satisfactory,84.28571428571429
Bengaluru,2019-11-30,23.25,50.92,11.74,22.84,27.09,14.15,1.03,5.46,19.8,0.82,38.94,,75.0,Satisfactory,2019-11-30,Satisfactory,82.14285714285714
Bengaluru,2019-12-01,13.46,42.5,9.63,20.19,23.27,14.09,0.93,6.35,18.54,0.66,42.98,,65.0,Satisfactory,2019-12-01,Satisfactory,80.14285714285714
Bengaluru,2019-12-02,13.96,34.67,10.32,21.53,24.48,12.97,0.94,5.99,22.64,0.66,38.23,,70.0,Satisfactory,2019-12-02,Satisfactory,78.28571428571429
Bengaluru,2019-12-03,27.28,55.3,14.0,27.81,31.57,13.63,1.11,6.03,28.88,1.15,44.55,,76.0,Satisfactory,2019-12-03,Satisfactory,76.57142857142857
Bengaluru,2019-12-04,38.2,69.48,9.9,26.87,28.23,13.85,0.96,5.33,44.53,0.73,35.35,,86.0,Satisfactory,2019-12-04,Satisfactory,76.14285714285714
Bengaluru,2019-12-05,55.45,91.85,12.88,32.39,34.22,15.19,0.94,6.48,42.62,1.1,37.71,,87.0,Satisfactory,2019-12-05,Satisfactory,76.28571428571429
Bengaluru,2019-12-06,57.3,96.47,9.71,32.59,31.36,15.1,0.94,6.69,40.61,0.79,36.06,,103.0,Moderate,2019-12-06,Moderate,80.28571428571429
Bengaluru,2019-12-07,39.42,71.64,12.01,32.74,34.96,14.07,1.05,7.05,30.49,0.97,36.31,,89.0,Satisfactory,2019-12-07,Satisfactory,82.28571428571429
Bengaluru,2019-12-08,23.79,52.13,8.0,26.15,26.74,12.91,0.95,8.15,28.46,0.67,34.84,,68.0,Satisfactory,2019-12-08,Satisfactory,82.71428571428571
Bengaluru,2019-12-09,21.29,56.84,10.79,29.26,30.66,13.07,1.03,6.57,29.65,0.78,35.33,,70.0,Satisfactory,2019-12-09,Satisfactory,82.71428571428571
Bengaluru,2019-12-10,20.31,55.42,9.34,27.3,28.35,12.13,1.02,6.59,33.44,0.65,34.67,,74.0,Satisfactory,2019-12-10,Satisfactory,82.42857142857143
Bengaluru,2019-12-11,28.62,63.74,9.43,29.94,29.6,15.16,0.84,5.96,31.81,0.81,27.87,,73.0,Satisfactory,2019-12-11,Satisfactory,80.57142857142857
Bengaluru,2019-12-12,28.93,67.98,8.12,28.49,27.89,12.64,0.91,5.81,37.02,0.68,37.62,,77.0,Satisfactory,2019-12-12,Satisfactory,79.14285714285714
Bengaluru,2019-12-13,30.65,71.83,8.24,26.71,27.01,13.12,0.94,6.69,35.09,0.59,33.42,,74.0,Satisfactory,2019-12-13,Satisfactory,75.0
Bengaluru,2019-12-14,23.6,60.07,9.79,25.5,27.35,12.63,0.97,6.56,28.77,0.69,32.96,,74.0,Satisfactory,2019-12-14,Satisfactory,72.85714285714286
Bengaluru,2019-12-15,25.33,66.09,7.47,23.85,23.24,12.51,0.78,6.28,34.2,0.55,31.51,,68.0,Satisfactory,2019-12-15,Satisfactory,72.85714285714286
Bengaluru,2019-12-16,24.25,59.81,11.19,25.62,27.99,12.62,0.91,7.0,30.69,0.71,31.67,,69.0,Satisfactory,2019-12-16,Satisfactory,72.71428571428571
Bengaluru,2019-12-17,27.65,61.09,11.23,28.51,31.1,12.28,1.05,6.73,30.3,0.68,32.27,,69.0,Satisfactory,2019-12-17,Satisfactory,72.0
Bengaluru,2019-12-18,42.91,84.86,11.5,31.51,34.26,13.03,1.13,6.79,32.35,0.7,28.05,,82.0,Satisfactory,2019-12-18,Satisfactory,73.28571428571429
Bengaluru,2019-12-19,38.66,77.48,12.17,30.63,34.57,12.91,1.16,7.36,26.97,0.7,27.12,,85.0,Satisfactory,2019-12-19,Satisfactory,74.42857142857143
Bengaluru,2019-12-20,44.46,91.61,13.62,32.5,37.72,13.8,1.19,5.91,28.4,0.84,29.36,,91.0,Satisfactory,2019-12-20,Satisfactory,76.85714285714286
Bengaluru,2019-12-21,48.62,89.87,7.89,29.51,28.63,14.47,0.98,6.45,37.53,0.71,31.23,,95.0,Satisfactory,2019-12-21,Satisfactory,79.85714285714286
Bengaluru,2019-12-22,46.52,84.08,6.3,25.65,25.64,13.5,0.91,6.09,45.17,0.61,35.14,,88.0,Satisfactory,2019-12-22,Satisfactory,82.71428571428571
Bengaluru,2019-12-23,49.33,89.98,8.39,31.35,31.8,13.96,1.0,6.11,43.35,0.77,40.0,,92.0,Satisfactory,2019-12-23,Satisfactory,86.0
Bengaluru,2019-12-24,35.84,77.13,9.2,29.34,31.31,13.71,1.13,7.13,37.89,1.06,40.29,,89.0,Satisfactory,2019-12-24,Satisfactory,88.85714285714286
Bengaluru,2019-12-25,35.48,71.87,7.38,26.59,27.4,14.05,1.03,5.95,32.38,2.22,12.55,,76.0,Satisfactory,2019-12-25,Satisfactory,88.0
Bengaluru,2019-12-26,44.27,87.08,7.56,29.46,29.65,14.55,1.03,6.25,43.66,2.08,21.3,,95.0,Satisfactory,2019-12-26,Satisfactory,89.42857142857143
Bengaluru,2019-12-27,43.32,87.09,9.56,31.24,32.59,14.71,1.09,6.6,39.42,1.66,41.25,,98.0,Satisfactory,2019-12-27,Satisfactory,90.42857142857143
Bengaluru,2019-12-28,35.24,70.75,7.86,26.94,27.78,13.37,0.97,7.38,37.81,0.93,44.93,,82.0,Satisfactory,2019-12-28,Satisfactory,88.57142857142857
Bengaluru,2019-12-29,38.53,73.77,6.56,26.2,26.31,13.02,0.92,7.39,43.5,0.63,23.56,,80.0,Satisfactory,2019-12-29,Satisfactory,87.42857142857143
Bengaluru,2019-12-30,47.81,77.49,6.4,28.46,27.79,12.91,1.03,8.04,44.92,0.62,24.96,,93.0,Satisfactory,2019-12-30,Satisfactory,87.57142857142857
Bengaluru,2019-12-31,42.54,84.76,7.92,29.1,27.48,13.75,1.06,7.58,45.78,0.88,27.59,,97.0,Satisfactory,2019-12-31,Satisfactory,88.71428571428571
Bengaluru,2020-01-01,30.71,70.8,9.03,27.31,26.74,13.01,1.07,8.56,37.39,1.05,36.19,,82.0,Satisfactory,2020-01-01,Satisfactory,89.57142857142857
Bengaluru,2020-01-02,25.78,62.73,8.81,28.05,30.18,12.4,1.16,7.52,33.11,0.95,34.36,,81.0,Satisfactory,2020-01-02,Satisfactory,87.57142857142857
Bengaluru,2020-01-03,29.66,69.62,6.62,26.26,26.92,12.87,0.99,6.4,32.98,1.06,29.06,,85.0,Satisfactory,2020-01-03,Satisfactory,85.71428571428571
Bengaluru,2020-01-04,52.62,106.81,15.46,31.56,41.89,14.59,1.39,6.94,37.35,1.5,35.36,,95.0,Satisfactory,2020-01-04,Satisfactory,87.57142857142857
Bengaluru,2020-01-05,52.64,97.94,6.86,29.1,29.52,15.68,1.01,7.01,45.1,1.19,39.99,,118.0,Moderate,2020-01-05,Moderate,93.0
Bengaluru,2020-01-06,24.74,62.08,8.08,27.57,31.18,13.94,1.09,6.97,25.22,0.69,5.39,,81.0,Satisfactory,2020-01-06,Satisfactory,91.28571428571429
Bengaluru,2020-01-07,22.52,62.95,10.11,29.93,32.13,11.75,1.06,7.35,28.66,1.03,16.53,,75.0,Satisfactory,2020-01-07,Satisfactory,88.14285714285714
Bengaluru,2020-01-08,30.92,74.18,5.8,30.86,28.53,12.61,1.03,6.61,47.48,0.99,15.86,,93.0,Satisfactory,2020-01-08,Satisfactory,89.71428571428571
Bengaluru,2020-01-09,40.57,85.93,7.15,33.79,32.74,13.74,1.09,6.01,45.49,0.99,15.04,,101.0,Moderate,2020-01-09,Moderate,92.57142857142857
Bengaluru,2020-01-10,39.29,83.02,8.07,36.97,35.92,14.54,1.05,7.71,39.61,0.83,16.79,,94.0,Satisfactory,2020-01-10,Satisfactory,93.85714285714286
Bengaluru,2020-01-11,31.1,66.98,6.52,29.13,28.01,13.03,0.89,6.72,40.4,0.79,16.36,,78.0,Satisfactory,2020-01-11,Satisfactory,91.42857142857143
Bengaluru,2020-01-12,39.5,75.34,7.01,30.57,30.05,14.27,0.97,7.38,37.47,0.81,16.7,,79.0,Satisfactory,2020-01-12,Satisfactory,85.85714285714286
Bengaluru,2020-01-13,53.93,97.81,10.78,38.77,41.27,15.06,1.11,6.51,46.68,1.04,19.3,,106.0,Moderate,2020-01-13,Moderate,89.42857142857143
Bengaluru,2020-01-14,64.35,108.24,10.27,43.03,43.97,15.71,1.08,7.03,47.83,1.07,19.47,,121.0,Moderate,2020-01-14,Moderate,96.0
Bengaluru,2020-01-15,45.19,79.82,10.74,35.06,37.49,13.94,0.93,7.78,55.92,0.75,12.19,,111.0,Moderate,2020-01-15,Moderate,98.57142857142857
Bengaluru,2020-01-16,39.36,84.68,7.12,38.18,37.98,13.75,1.2,7.7,59.83,0.4,1.15,,114.0,Moderate,2020-01-16,Moderate,100.42857142857143
Bengaluru,2020-01-17,34.68,85.16,12.3,39.38,43.73,13.59,1.27,7.3,43.88,0.52,2.73,,106.0,Moderate,2020-01-17,Moderate,102.14285714285714
Bengaluru,2020-01-18,26.9,65.04,6.83,26.29,28.93,14.38,0.95,5.81,24.91,0.46,1.65,,86.0,Satisfactory,2020-01-18,Satisfactory,103.28571428571429
Bengaluru,2020-01-19,26.66,59.29,5.34,23.43,25.93,13.36,0.96,5.8,29.97,0.45,1.05,,66.0,Satisfactory,2020-01-19,Satisfactory,101.42857142857143
Bengaluru,2020-01-20,34.51,82.12,6.77,33.42,35.46,14.44,1.07,5.74,35.59,0.47,1.37,,81.0,Satisfactory,2020-01-20,Satisfactory,97.85714285714286
Bengaluru,2020-01-21,37.86,84.98,6.26,33.67,33.87,14.19,1.1,6.86,36.29,0.47,1.34,,90.0,Satisfactory,2020-01-21,Satisfactory,93.42857142857143
Bengaluru,2020-01-22,28.25,71.37,6.1,30.62,31.73,14.77,1.23,6.35,32.1,0.44,1.31,,87.0,Satisfactory,2020-01-22,Satisfactory,90.0
Bengaluru,2020-01-23,41.13,76.02,8.76,30.76,30.61,14.45,1.1,7.64,31.17,0.48,1.4,,82.0,Satisfactory,2020-01-23,Satisfactory,85.42857142857143
Bengaluru,2020-01-24,42.19,84.68,7.99,39.01,40.6,13.91,1.22,7.44,29.94,0.5,1.55,,108.0,Moderate,2020-01-24,Moderate,85.71428571428571
Bengaluru,2020-01-25,44.82,95.52,10.87,46.43,49.87,14.99,1.23,6.85,30.14,0.54,1.61,,100.0,Satisfactory,2020-01-25,Satisfactory,87.71428571428571
Bengaluru,2020-01-26,44.48,93.93,9.21,45.71,48.99,16.11,1.1,8.32,36.55,0.44,1.37,,97.0,Satisfactory,2020-01-26,Satisfactory,92.14285714285714
Bengaluru,2020-01-27,45.49,92.25,12.1,41.23,46.01,17.79,1.24,9.36,42.71,0.39,1.47,,98.0,Satisfactory,2020-01-27,Satisfactory,94.57142857142857
Bengaluru,2020-01-28,52.63,98.54,6.61,33.37,34.73,17.5,1.17,13.04,47.28,0.43,1.34,,102.0,Moderate,2020-01-28,Moderate,96.28571428571429
Bengaluru,2020-01-29,46.45,100.44,8.04,38.65,38.26,13.87,0.99,11.45,50.62,0.63,1.8,,115.0,Moderate,2020-01-29,Moderate,100.28571428571429
Bengaluru,2020-01-30,43.42,107.2,17.25,47.61,53.47,14.17,1.19,9.86,37.97,0.81,2.12,,112.0,Moderate,2020-01-30,Moderate,104.57142857142857
Bengaluru,2020-01-31,46.36,102.88,5.39,37.62,35.68,14.39,1.05,8.97,47.97,0.65,4.32,,111.0,Moderate,2020-01-31,Moderate,105.0
Bengaluru,2020-02-01,52.07,105.15,5.09,31.67,30.74,14.51,1.03,10.3,43.71,0.61,2.24,,102.0,Moderate,2020-02-01,Moderate,105.28571428571429
Bengaluru,2020-02-02,35.27,84.84,4.24,24.1,23.37,13.05,0.81,6.12,39.98,0.45,1.6,,94.0,Satisfactory,2020-02-02,Satisfactory,104.85714285714286
Bengaluru,2020-02-03,33.79,80.75,9.12,34.38,35.34,12.29,0.96,7.34,32.47,0.43,1.64,,79.0,Satisfactory,2020-02-03,Satisfactory,102.14285714285714
Bengaluru,2020-02-04,29.27,75.0,7.82,32.2,33.89,12.05,1.0,6.81,32.0,0.51,4.12,,82.0,Satisfactory,2020-02-04,Satisfactory,99.28571428571429
Bengaluru,2020-02-05,30.66,74.45,6.88,30.15,32.31,12.86,1.16,7.47,34.73,0.45,4.91,,86.0,Satisfactory,2020-02-05,Satisfactory,95.14285714285714
Bengaluru,2020-02-06,43.83,92.77,7.34,35.14,37.61,13.82,1.11,6.93,41.55,0.34,1.47,,96.0,Satisfactory,2020-02-06,Satisfactory,92.85714285714286
Bengaluru,2020-02-07,49.51,103.19,5.71,31.27,32.33,14.44,1.06,8.53,41.16,0.27,2.81,,96.0,Satisfactory,2020-02-07,Satisfactory,90.71428571428571
Bengaluru,2020-02-08,45.3,106.63,5.64,30.49,30.83,13.5,0.95,7.2,38.36,0.33,3.37,,105.0,Moderate,2020-02-08,Moderate,91.14285714285714
Bengaluru,2020-02-09,52.39,111.14,4.66,25.96,26.24,15.42,1.06,10.99,34.35,0.34,1.56,,101.0,Moderate,2020-02-09,Moderate,92.14285714285714
Bengaluru,2020-02-10,35.53,82.96,5.3,26.2,26.76,15.84,1.09,8.07,32.75,0.33,1.89,,103.0,Moderate,2020-02-10,Moderate,95.57142857142857
Bengaluru,2020-02-11,33.94,77.23,6.41,28.99,27.96,12.4,1.07,7.08,34.75,1.87,2.29,,87.0,Satisfactory,2020-02-11,Satisfactory,96.28571428571429
Bengaluru,2020-02-12,32.82,72.71,6.23,28.34,27.32,12.02,0.93,7.06,34.6,2.13,2.7,,80.0,Satisfactory,2020-02-12,Satisfactory,95.42857142857143
Bengaluru,2020-02-13,37.67,86.81,9.5,37.32,38.56,12.15,1.06,7.06,34.92,0.62,1.72,,84.0,Satisfactory,2020-02-13,Satisfactory,93.71428571428571
Bengaluru,2020-02-14,50.47,120.55,15.25,46.46,49.0,14.09,1.29,6.98,45.01,0.76,1.69,,111.0,Moderate,2020-02-14,Moderate,95.85714285714286
Bengaluru,2020-02-15,54.91,129.65,16.22,54.43,56.07,14.89,1.24,7.48,46.99,0.78,1.54,,128.0,Moderate,2020-02-15,Moderate,99.14285714285714
Bengaluru,2020-02-16,45.02,89.03,6.18,36.76,32.5,13.44,0.99,8.14,49.12,0.51,1.05,,120.0,Moderate,2020-02-16,Moderate,101.85714285714286
Bengaluru,2020-02-17,41.66,94.89,14.05,43.77,45.43,13.41,1.15,9.48,42.21,0.62,1.4,,99.0,Satisfactory,2020-02-17,Satisfactory,101.28571428571429
Bengaluru,2020-02-18,43.29,105.87,6.85,42.79,38.88,15.06,1.07,7.44,47.44,0.38,1.09,,103.0,Moderate,2020-02-18,Moderate,103.57142857142857
Bengaluru,2020-02-19,55.31,97.46,6.29,36.85,34.52,15.25,1.28,7.62,49.57,0.4,1.14,,101.0,Moderate,2020-02-19,Moderate,106.57142857142857
Bengaluru,2020-02-20,47.86,95.51,7.98,33.04,34.36,13.9,1.06,5.97,38.42,0.4,2.64,,94.0,Satisfactory,2020-02-20,Satisfactory,108.0
Bengaluru,2020-02-21,30.24,72.85,4.56,24.85,26.87,12.05,1.0,6.25,40.89,0.28,1.1,,90.0,Satisfactory,2020-02-21,Satisfactory,105.0
Bengaluru,2020-02-22,33.96,82.03,4.67,23.75,26.23,13.04,0.98,6.62,37.76,0.23,1.0,,78.0,Satisfactory,2020-02-22,Satisfactory,97.85714285714286
Bengaluru,2020-02-23,36.3,85.26,4.15,21.8,23.7,12.61,1.09,5.92,49.19,0.19,1.0,,81.0,Satisfactory,2020-02-23,Satisfactory,92.28571428571429
Bengaluru,2020-02-24,35.6,82.42,5.07,25.61,28.15,11.92,1.01,5.93,43.59,0.28,1.2,,82.0,Satisfactory,2020-02-24,Satisfactory,89.85714285714286
Bengaluru,2020-02-25,41.83,97.01,5.0,31.08,33.28,12.39,1.28,6.01,50.22,0.3,1.4,,107.0,Moderate,2020-02-25,Moderate,90.42857142857143
Bengaluru,2020-02-26,47.39,88.67,5.03,27.21,30.32,12.47,0.97,5.38,36.49,0.31,1.15,,104.0,Moderate,2020-02-26,Moderate,90.85714285714286
Bengaluru,2020-02-27,39.39,92.84,5.95,31.61,33.19,12.63,1.16,6.72,41.29,0.27,0.92,,112.0,Moderate,2020-02-27,Moderate,93.42857142857143
Bengaluru,2020-02-28,42.58,95.58,5.36,26.77,29.54,12.35,1.06,6.75,46.4,0.25,0.88,,98.0,Satisfactory,2020-02-28,Satisfactory,94.57142857142857
Bengaluru,2020-02-29,48.75,95.45,5.79,27.79,30.87,12.22,1.01,6.22,47.04,0.24,1.01,,95.0,Satisfactory,2020-02-29,Satisfactory,97.0
Bengaluru,2020-03-01,56.2,89.66,3.51,21.91,21.37,14.37,0.98,7.09,49.93,0.22,0.79,,101.0,Moderate,2020-03-01,Moderate,99.85714285714286
Bengaluru,2020-03-02,53.75,115.89,6.52,29.55,32.36,14.37,1.18,6.36,48.39,0.32,1.36,,103.0,Moderate,2020-03-02,Moderate,102.85714285714286
Bengaluru,2020-03-03,70.78,154.34,8.97,32.33,35.82,14.47,1.27,6.96,61.01,0.42,1.76,,137.0,Moderate,2020-03-03,Moderate,107.14285714285714
Bengaluru,2020-03-04,55.66,118.07,12.1,33.05,39.86,15.46,1.22,6.6,52.01,0.33,1.53,,131.0,Moderate,2020-03-04,Moderate,111.0
Bengaluru,2020-03-05,57.89,111.38,6.09,28.68,30.95,14.39,1.04,7.21,53.06,0.33,1.21,,117.0,Moderate,2020-03-05,Moderate,111.71428571428571
Bengaluru,2020-03-06,41.84,83.19,5.52,23.14,25.33,13.61,0.94,8.07,50.82,0.43,1.85,,100.0,Satisfactory,2020-03-06,Satisfactory,112.0
Bengaluru,2020-03-07,44.33,89.88,5.26,26.8,28.22,15.57,0.98,7.12,37.49,0.45,1.14,,93.0,Satisfactory,2020-03-07,Satisfactory,111.71428571428571
Bengaluru,2020-03-08,38.66,84.01,3.91,21.71,22.73,14.03,0.88,6.71,40.31,0.37,1.11,,91.0,Satisfactory,2020-03-08,Satisfactory,110.28571428571429
Bengaluru,2020-03-09,38.88,84.66,4.74,23.26,24.69,13.54,0.99,7.41,45.57,0.39,0.96,,99.0,Satisfactory,2020-03-09,Satisfactory,109.71428571428571
Bengaluru,2020-03-10,41.48,89.64,3.92,22.84,23.81,12.71,0.94,7.08,50.57,0.33,1.53,,93.0,Satisfactory,2020-03-10,Satisfactory,103.42857142857143
Bengaluru,2020-03-11,39.57,80.31,4.86,25.62,27.1,11.31,0.96,8.25,50.73,0.37,1.43,,95.0,Satisfactory,2020-03-11,Satisfactory,98.28571428571429
Bengaluru,2020-03-12,34.62,78.55,6.45,28.58,30.35,10.85,1.05,6.36,49.83,0.46,1.15,,97.0,Satisfactory,2020-03-12,Satisfactory,95.42857142857143
Bengaluru,2020-03-13,34.77,76.68,6.76,27.42,30.03,10.94,0.93,7.36,42.26,0.42,1.17,,90.0,Satisfactory,2020-03-13,Satisfactory,94.0
Bengaluru,2020-03-14,29.97,72.04,5.47,27.04,28.63,10.8,0.91,6.65,38.8,0.38,3.09,,86.0,Satisfactory,2020-03-14,Satisfactory,93.0
Bengaluru,2020-03-15,33.96,72.17,4.07,22.19,23.19,11.55,0.92,6.97,49.32,0.35,3.2,,88.0,Satisfactory,2020-03-15,Satisfactory,92.57142857142857
Bengaluru,2020-03-16,26.15,71.05,4.54,21.45,23.54,11.07,0.84,6.75,36.51,0.31,2.81,,79.0,Satisfactory,2020-03-16,Satisfactory,89.71428571428571
Bengaluru,2020-03-17,24.15,77.96,4.75,19.78,22.33,10.48,0.86,7.01,31.85,0.35,3.4,,77.0,Satisfactory,2020-03-17,Satisfactory,87.42857142857143
Bengaluru,2020-03-18,29.66,72.55,4.54,24.72,25.9,11.06,0.9,7.25,39.28,0.38,3.03,,78.0,Satisfactory,2020-03-18,Satisfactory,85.0
Bengaluru,2020-03-19,38.15,87.04,4.96,26.49,27.94,12.13,0.93,7.97,55.4,0.56,2.03,,91.0,Satisfactory,2020-03-19,Satisfactory,84.14285714285714
Bengaluru,2020-03-20,43.31,94.45,3.79,23.38,24.16,13.53,0.98,6.97,53.12,0.5,1.98,,100.0,Satisfactory,2020-03-20,Satisfactory,85.57142857142857
Bengaluru,2020-03-21,40.62,95.67,6.2,31.05,32.76,13.76,1.06,6.75,59.91,0.8,1.68,,103.0,Moderate,2020-03-21,Moderate,88.0
Bengaluru,2020-03-22,30.16,66.88,4.2,13.39,14.52,12.95,0.82,6.92,48.99,0.34,1.48,,99.0,Satisfactory,2020-03-22,Satisfactory,89.57142857142857
Bengaluru,2020-03-23,40.28,82.77,4.01,20.12,20.75,13.99,1.05,6.03,42.02,0.34,1.47,,85.0,Satisfactory,2020-03-23,Satisfactory,90.42857142857143
Bengaluru,2020-03-24,50.85,82.89,3.45,15.65,16.61,14.92,0.86,6.39,39.76,0.24,0.95,,106.0,Moderate,2020-03-24,Moderate,94.57142857142857
Bengaluru,2020-03-25,25.25,48.81,2.62,9.73,11.41,11.91,0.76,7.92,38.24,0.17,0.47,,70.0,Satisfactory,2020-03-25,Satisfactory,93.42857142857143
Bengaluru,2020-03-26,27.77,51.53,2.55,8.99,10.63,11.25,0.7,5.87,35.05,0.13,0.38,,61.0,Satisfactory,2020-03-26,Satisfactory,89.14285714285714
Bengaluru,2020-03-27,27.47,51.79,3.22,9.44,11.22,11.09,0.85,6.49,35.6,0.14,0.37,,67.0,Satisfactory,2020-03-27,Satisfactory,84.42857142857143
Bengaluru,2020-03-28,24.89,45.75,2.63,10.58,12.06,10.13,0.85,6.11,36.29,0.28,1.15,,70.0,Satisfactory,2020-03-28,Satisfactory,79.71428571428571
Bengaluru,2020-03-29,28.45,47.23,2.99,12.22,14.05,10.41,0.85,6.37,37.19,0.36,1.48,,66.0,Satisfactory,2020-03-29,Satisfactory,75.0
Bengaluru,2020-03-30,32.46,53.57,3.02,11.09,13.51,11.12,0.91,6.77,41.31,0.21,0.88,,72.0,Satisfactory,2020-03-30,Satisfactory,73.14285714285714
Bengaluru,2020-03-31,22.01,48.55,2.9,10.09,11.79,10.45,0.83,5.11,42.69,0.11,0.43,,68.0,Satisfactory,2020-03-31,Satisfactory,67.71428571428571
Bengaluru,2020-04-01,22.54,49.89,2.51,10.37,11.6,10.18,0.76,5.81,41.52,0.12,0.46,,64.0,Satisfactory,2020-04-01,Satisfactory,66.85714285714286
Bengaluru,2020-04-02,27.12,58.49,2.43,9.58,10.93,10.92,0.86,5.56,46.12,0.11,0.52,,70.0,Satisfactory,2020-04-02,Satisfactory,68.14285714285714
Bengaluru,2020-04-03,34.12,69.87,2.43,9.69,11.07,11.13,0.77,6.8,49.16,0.11,0.46,,82.0,Satisfactory,2020-04-03,Satisfactory,70.28571428571429
Bengaluru,2020-04-04,31.93,63.83,2.43,9.23,10.79,11.25,0.72,6.51,43.88,0.25,1.0,,74.0,Satisfactory,2020-04-04,Satisfactory,70.85714285714286
Bengaluru,2020-04-05,30.26,67.3,2.48,9.81,11.62,11.08,0.8,6.06,39.66,0.17,2.53,,77.0,Satisfactory,2020-04-05,Satisfactory,72.42857142857143
Bengaluru,2020-04-06,22.68,50.53,2.34,11.52,11.77,11.69,0.71,4.44,42.79,0.15,11.08,,65.0,Satisfactory,2020-04-06,Satisfactory,71.42857142857143
Bengaluru,2020-04-07,15.14,20.84,3.05,13.48,14.79,16.57,0.71,5.3,42.61,0.22,7.2,,62.0,Satisfactory,2020-04-07,Satisfactory,70.57142857142857
Bengaluru,2020-04-08,18.39,28.13,2.74,13.73,14.46,13.03,0.72,5.55,52.65,0.26,6.3,,67.0,Satisfactory,2020-04-08,Satisfactory,71.0
Bengaluru,2020-04-09,23.32,32.12,2.51,12.38,13.21,13.62,0.73,5.83,48.84,0.25,5.16,,65.0,Satisfactory,2020-04-09,Satisfactory,70.28571428571429
Bengaluru,2020-04-10,30.06,22.69,3.98,11.5,11.44,13.71,0.67,6.1,47.67,0.25,7.31,,76.0,Satisfactory,2020-04-10,Satisfactory,69.42857142857143
Bengaluru,2020-04-11,26.99,35.92,2.35,10.63,11.3,16.25,0.79,6.06,45.02,0.73,8.55,,70.0,Satisfactory,2020-04-11,Satisfactory,68.85714285714286
Bengaluru,2020-04-12,22.38,35.49,2.68,11.74,12.7,13.94,0.72,4.78,47.0,0.57,9.9,,64.0,Satisfactory,2020-04-12,Satisfactory,67.0
Bengaluru,2020-04-13,25.61,42.98,3.74,15.57,16.92,11.61,0.71,5.75,46.22,0.42,17.99,,72.0,Satisfactory,2020-04-13,Satisfactory,68.0
Bengaluru,2020-04-14,30.24,52.51,3.61,15.73,16.73,10.46,0.69,6.34,46.63,0.32,11.75,,72.0,Satisfactory,2020-04-14,Satisfactory,69.42857142857143
Bengaluru,2020-04-15,33.62,50.11,2.76,13.81,14.7,10.86,0.67,8.19,46.04,0.37,8.98,,74.0,Satisfactory,2020-04-15,Satisfactory,70.42857142857143
Bengaluru,2020-04-16,25.27,42.7,2.65,12.73,13.63,9.91,0.73,6.55,43.3,0.44,9.63,,66.0,Satisfactory,2020-04-16,Satisfactory,70.57142857142857
Bengaluru,2020-04-17,40.0,50.83,2.62,12.28,13.36,10.46,0.65,5.77,41.22,0.34,9.27,,74.0,Satisfactory,2020-04-17,Satisfactory,70.28571428571429
Bengaluru,2020-04-18,34.03,46.7,2.53,11.74,12.25,10.25,0.72,5.59,39.05,0.25,3.7,,94.0,Satisfactory,2020-04-18,Satisfactory,73.71428571428571
Bengaluru,2020-04-19,24.22,41.6,2.61,10.48,11.63,9.42,0.61,6.21,36.3,0.28,2.29,,67.0,Satisfactory,2020-04-19,Satisfactory,74.14285714285714
Bengaluru,2020-04-20,19.42,31.92,2.57,10.76,11.72,9.03,0.55,6.75,32.7,0.16,2.23,,53.0,Satisfactory,2020-04-20,Satisfactory,71.42857142857143
Bengaluru,2020-04-21,17.04,48.52,3.12,13.02,13.46,7.96,0.78,6.2,31.78,0.22,2.26,,65.0,Satisfactory,2020-04-21,Satisfactory,70.42857142857143
Bengaluru,2020-04-22,19.95,50.26,2.71,10.17,11.49,8.33,0.68,6.79,34.71,0.19,2.56,,71.0,Satisfactory,2020-04-22,Satisfactory,70.0
Bengaluru,2020-04-23,26.1,48.49,2.9,11.41,13.28,8.44,0.67,6.36,38.1,0.2,2.59,,63.0,Satisfactory,2020-04-23,Satisfactory,69.57142857142857
Bengaluru,2020-04-24,26.25,65.58,3.38,13.05,15.61,9.74,0.75,6.54,34.36,0.59,3.18,,69.0,Satisfactory,2020-04-24,Satisfactory,68.85714285714286
Bengaluru,2020-04-25,25.98,55.47,3.67,13.04,15.19,10.15,0.69,5.83,30.95,0.51,4.3,,66.0,Satisfactory,2020-04-25,Satisfactory,64.85714285714286
Bengaluru,2020-04-26,21.32,43.11,3.03,11.76,13.11,9.89,0.82,5.47,37.25,0.25,1.68,,61.0,Satisfactory,2020-04-26,Satisfactory,64.0
Bengaluru,2020-04-27,19.25,50.33,3.17,11.69,14.32,9.21,0.76,5.55,33.06,0.19,2.14,,59.0,Satisfactory,2020-04-27,Satisfactory,64.85714285714286
Bengaluru,2020-04-28,20.74,55.81,2.71,11.24,13.01,10.71,0.79,5.86,33.9,0.21,1.66,,71.0,Satisfactory,2020-04-28,Satisfactory,65.71428571428571
Bengaluru,2020-04-29,13.68,39.31,2.68,12.02,13.47,10.72,0.74,5.73,30.77,0.22,1.36,,62.0,Satisfactory,2020-04-29,Satisfactory,64.42857142857143
Bengaluru,2020-04-30,20.3,54.56,4.21,15.27,17.17,8.07,0.75,5.45,32.26,0.36,1.36,,61.0,Satisfactory,2020-04-30,Satisfactory,64.14285714285714
Bengaluru,2020-05-01,24.81,61.29,3.34,12.6,14.65,8.95,0.67,6.28,40.97,0.22,1.93,,74.0,Satisfactory,2020-05-01,Satisfactory,64.85714285714286
Bengaluru,2020-05-02,18.36,50.84,3.13,14.26,15.24,7.84,0.8,6.19,38.88,0.3,1.52,,72.0,Satisfactory,2020-05-02,Satisfactory,65.71428571428571
Bengaluru,2020-05-03,22.35,56.07,3.02,17.28,16.81,6.94,0.82,6.23,39.28,0.28,1.47,,71.0,Satisfactory,2020-05-03,Satisfactory,67.14285714285714
Bengaluru,2020-05-04,26.1,71.6,2.7,18.88,17.75,6.47,0.86,7.16,42.46,0.25,1.19,,79.0,Satisfactory,2020-05-04,Satisfactory,70.0
Bengaluru,2020-05-05,29.23,87.56,3.09,18.26,17.24,7.53,0.82,7.44,43.07,0.25,1.18,,91.0,Satisfactory,2020-05-05,Satisfactory,72.85714285714286
Bengaluru,2020-05-06,23.02,64.54,2.81,17.4,16.58,8.56,0.93,6.85,38.88,0.22,1.51,,85.0,Satisfactory,2020-05-06,Satisfactory,76.14285714285714
Bengaluru,2020-05-07,26.87,72.07,2.9,18.2,17.08,8.9,0.88,6.09,34.69,0.25,0.99,,82.0,Satisfactory,2020-05-07,Satisfactory,79.14285714285714
Bengaluru,2020-05-08,17.61,52.32,3.0,16.86,16.68,7.94,0.77,7.14,31.87,0.28,1.2,,73.0,Satisfactory,2020-05-08,Satisfactory,79.0
Bengaluru,2020-05-09,21.05,60.98,3.05,14.05,15.16,8.26,0.77,7.51,30.1,0.26,0.85,,76.0,Satisfactory,2020-05-09,Satisfactory,79.57142857142857
Bengaluru,2020-05-10,24.29,59.49,3.02,13.18,13.74,8.84,0.77,6.93,34.13,0.22,1.48,,78.0,Satisfactory,2020-05-10,Satisfactory,80.57142857142857
Bengaluru,2020-05-11,20.58,66.73,3.08,14.23,14.33,9.01,0.81,7.7,35.18,0.21,1.46,,77.0,Satisfactory,2020-05-11,Satisfactory,80.28571428571429
Bengaluru,2020-05-12,15.43,70.53,3.19,14.13,14.61,8.98,0.73,6.05,26.07,0.24,1.61,,82.0,Satisfactory,2020-05-12,Satisfactory,79.0
Bengaluru,2020-05-13,14.56,39.32,3.27,13.82,14.5,9.23,0.8,6.09,27.46,0.76,4.51,,66.0,Satisfactory,2020-05-13,Satisfactory,76.28571428571429
Bengaluru,2020-05-14,24.81,58.72,3.9,15.82,16.02,10.15,0.74,6.12,33.15,0.38,2.55,,66.0,Satisfactory,2020-05-14,Satisfactory,74.0
Bengaluru,2020-05-15,17.34,46.71,4.43,16.79,16.78,9.42,0.87,7.39,25.11,0.3,1.57,,73.0,Satisfactory,2020-05-15,Satisfactory,74.0
Bengaluru,2020-05-16,23.44,56.99,3.89,18.22,17.24,10.07,0.96,7.06,32.49,0.35,1.16,,74.0,Satisfactory,2020-05-16,Satisfactory,73.71428571428571
Bengaluru,2020-05-17,21.25,52.69,3.12,13.24,12.56,10.3,0.72,7.19,36.41,0.27,1.14,,70.0,Satisfactory,2020-05-17,Satisfactory,72.57142857142857
Bengaluru,2020-05-18,16.82,47.84,7.57,12.91,11.92,10.52,0.85,6.14,35.55,0.22,1.13,,68.0,Satisfactory,2020-05-18,Satisfactory,71.28571428571429
Bengaluru,2020-05-19,23.81,79.02,3.75,13.11,13.59,9.81,0.73,5.67,27.88,0.19,1.69,,72.0,Satisfactory,2020-05-19,Satisfactory,69.85714285714286
Bengaluru,2020-05-20,17.9,64.0,4.3,13.77,15.4,8.9,0.72,6.05,26.03,0.18,1.53,,79.0,Satisfactory,2020-05-20,Satisfactory,71.71428571428571
Bengaluru,2020-05-21,19.53,60.44,4.38,14.59,16.17,8.87,0.74,5.8,26.55,0.18,1.81,,70.0,Satisfactory,2020-05-21,Satisfactory,72.28571428571429
Bengaluru,2020-05-22,18.13,56.21,4.32,15.13,16.51,8.98,0.79,5.59,34.42,0.2,1.47,,68.0,Satisfactory,2020-05-22,Satisfactory,71.57142857142857
Bengaluru,2020-05-23,19.52,62.59,3.49,15.05,15.53,8.76,0.72,6.29,39.84,0.23,1.26,,72.0,Satisfactory,2020-05-23,Satisfactory,71.28571428571429
Bengaluru,2020-05-24,18.62,66.58,3.28,13.03,13.26,8.97,0.59,5.64,27.7,0.19,1.79,,66.0,Satisfactory,2020-05-24,Satisfactory,70.71428571428571
Bengaluru,2020-05-25,21.06,57.36,3.88,16.82,17.08,9.36,0.7,5.81,33.26,0.25,1.49,,70.0,Satisfactory,2020-05-25,Satisfactory,71.0
Bengaluru,2020-05-26,22.25,71.59,4.18,16.47,16.95,9.58,0.76,6.38,34.72,0.26,1.95,,66.0,Satisfactory,2020-05-26,Satisfactory,70.14285714285714
Bengaluru,2020-05-27,19.81,55.23,4.73,18.54,18.77,12.06,0.92,6.03,26.83,0.28,1.54,,75.0,Satisfactory,2020-05-27,Satisfactory,69.57142857142857
Bengaluru,2020-05-28,28.46,55.7,4.48,14.85,16.36,9.1,0.66,6.24,27.7,0.4,1.83,,74.0,Satisfactory,2020-05-28,Satisfactory,70.14285714285714
Bengaluru,2020-05-29,23.16,53.37,5.1,15.72,17.14,8.2,0.7,6.48,25.16,0.6,2.18,,66.0,Satisfactory,2020-05-29,Satisfactory,69.85714285714286
Bengaluru,2020-05-30,15.87,42.52,4.12,18.27,17.45,8.7,0.74,6.27,24.01,0.58,1.96,,72.0,Satisfactory,2020-05-30,Satisfactory,69.85714285714286
Bengaluru,2020-05-31,23.32,51.62,2.39,11.58,10.32,7.26,0.84,7.01,25.66,0.52,2.14,,61.0,Satisfactory,2020-05-31,Satisfactory,69.14285714285714
Bengaluru,2020-06-01,9.16,22.16,2.64,9.72,9.4,5.7,0.6,6.78,20.96,0.52,2.56,,49.0,Good,2020-06-01,Good,66.14285714285714
Bengaluru,2020-06-02,8.95,19.43,3.09,9.76,10.18,5.13,0.57,6.65,17.46,0.59,2.72,,40.0,Good,2020-06-02,Good,62.42857142857143
Bengaluru,2020-06-03,9.69,19.34,4.22,9.78,10.9,4.92,0.6,6.85,19.62,0.67,2.76,,42.0,Good,2020-06-03,Good,57.714285714285715
Bengaluru,2020-06-04,10.91,30.11,7.19,11.51,13.01,4.78,0.62,6.94,17.73,0.67,2.74,,43.0,Good,2020-06-04,Good,53.285714285714285
Bengaluru,2020-06-05,22.88,48.48,3.88,19.65,18.98,5.64,0.66,7.12,18.92,0.92,1.77,,55.0,Satisfactory,2020-06-05,Satisfactory,51.714285714285715
Bengaluru,2020-06-06,18.18,50.12,4.61,17.1,16.43,5.7,0.6,7.16,18.22,0.66,2.39,,55.0,Satisfactory,2020-06-06,Satisfactory,49.285714285714285
Bengaluru,2020-06-07,17.6,45.11,3.45,13.32,12.94,5.31,0.57,7.11,14.91,0.73,2.63,,55.0,Satisfactory,2020-06-07,Satisfactory,48.42857142857143
Bengaluru,2020-06-08,20.16,48.85,4.64,15.31,15.43,5.22,0.65,6.88,16.9,0.73,2.66,,55.0,Satisfactory,2020-06-08,Satisfactory,49.285714285714285
Bengaluru,2020-06-09,21.7,52.5,4.65,15.48,16.43,5.64,0.62,6.99,16.73,0.71,2.57,,58.0,Satisfactory,2020-06-09,Satisfactory,51.857142857142854
Bengaluru,2020-06-10,25.44,73.07,11.1,15.98,17.72,6.0,0.66,6.92,15.65,1.05,1.82,,70.0,Satisfactory,2020-06-10,Satisfactory,55.857142857142854
Bengaluru,2020-06-11,16.53,39.75,5.74,14.7,16.75,5.76,0.67,6.99,12.9,1.03,2.25,,59.0,Satisfactory,2020-06-11,Satisfactory,58.142857142857146
Bengaluru,2020-06-12,16.84,35.21,5.17,13.83,15.48,5.93,0.64,7.2,15.56,0.82,2.54,,49.0,Good,2020-06-12,Good,57.285714285714285
Bengaluru,2020-06-13,16.79,42.32,5.42,14.67,16.68,6.57,0.72,7.33,15.52,0.81,2.3,,50.0,Good,2020-06-13,Good,56.57142857142857
Bengaluru,2020-06-14,16.66,35.74,4.77,12.31,14.6,6.7,0.56,6.86,13.54,0.86,2.29,,49.0,Good,2020-06-14,Good,55.714285714285715
Bengaluru,2020-06-15,19.57,36.58,5.15,13.01,15.5,6.55,0.62,7.68,16.22,0.63,2.25,,47.0,Good,2020-06-15,Good,54.57142857142857
Bengaluru,2020-06-16,17.07,45.6,5.16,13.32,15.94,6.9,0.6,7.21,16.51,0.38,2.06,,55.0,Satisfactory,2020-06-16,Satisfactory,54.142857142857146
Bengaluru,2020-06-17,18.29,56.47,5.9,14.1,17.22,6.48,0.65,7.74,13.01,0.27,2.64,,57.0,Satisfactory,2020-06-17,Satisfactory,52.285714285714285
Bengaluru,2020-06-18,28.32,63.66,5.57,13.98,16.54,6.84,0.73,7.27,12.63,1.31,0.88,,65.0,Satisfactory,2020-06-18,Satisfactory,53.142857142857146
Bengaluru,2020-06-19,21.55,57.17,4.82,13.87,15.89,6.54,0.66,7.22,12.34,0.45,0.94,,65.0,Satisfactory,2020-06-19,Satisfactory,55.42857142857143
Bengaluru,2020-06-20,18.32,47.55,4.48,13.62,14.97,6.59,0.66,7.81,14.16,0.39,1.32,,56.0,Satisfactory,2020-06-20,Satisfactory,56.285714285714285
Bengaluru,2020-06-21,18.18,42.05,4.6,12.45,14.83,6.5,0.54,7.47,13.37,0.37,1.55,,52.0,Satisfactory,2020-06-21,Satisfactory,56.714285714285715
Bengaluru,2020-06-22,15.65,40.19,5.59,14.45,17.28,6.5,0.62,7.18,13.04,0.46,1.66,,49.0,Good,2020-06-22,Good,57.0
Bengaluru,2020-06-23,20.38,49.93,5.16,14.6,17.11,6.76,0.62,6.98,17.72,0.39,1.6,,56.0,Satisfactory,2020-06-23,Satisfactory,57.142857142857146
Bengaluru,2020-06-24,19.72,52.43,5.41,14.61,16.98,7.37,0.61,6.86,18.26,0.33,1.48,,63.0,Satisfactory,2020-06-24,Satisfactory,58.0
Bengaluru,2020-06-25,16.93,40.06,6.01,17.67,19.1,7.42,0.74,7.73,19.58,0.4,1.52,,63.0,Satisfactory,2020-06-25,Satisfactory,57.714285714285715
Bengaluru,2020-06-26,15.4,28.66,4.42,14.29,15.57,7.32,0.61,7.45,19.53,0.25,1.43,,58.0,Satisfactory,2020-06-26,Satisfactory,56.714285714285715
Bengaluru,2020-06-27,16.6,29.48,3.06,13.68,13.07,6.88,0.67,7.29,15.69,0.21,1.18,,51.0,Satisfactory,2020-06-27,Satisfactory,56.0
Bengaluru,2020-06-28,20.44,26.34,2.69,10.33,10.58,6.58,0.66,6.6,17.59,0.12,0.94,,61.0,Satisfactory,2020-06-28,Satisfactory,57.285714285714285
Bengaluru,2020-06-29,28.68,29.27,3.62,12.12,12.94,6.8,0.56,6.33,16.99,0.17,1.17,,65.0,Satisfactory,2020-06-29,Satisfactory,59.57142857142857
Bengaluru,2020-06-30,14.47,24.26,4.61,12.69,15.0,6.82,0.56,6.45,16.08,0.18,0.86,,63.0,Satisfactory,2020-06-30,Satisfactory,60.57142857142857
Bengaluru,2020-07-01,17.5,30.48,3.95,13.25,14.83,7.42,0.54,6.66,15.4,0.27,0.65,,43.0,Good,2020-07-01,Good,57.714285714285715
Delhi,2015-01-01,313.22,607.98,69.16,36.39,110.59,33.85,15.2,9.25,41.68,14.36,24.86,9.84,472.0,Severe,2015-01-01,Severe,116.14285714285714
Delhi,2015-01-02,186.18,269.55,62.09,32.87,88.14,31.83,9.54,6.65,29.97,10.55,20.09,4.29,454.0,Severe,2015-01-02,Severe,172.71428571428572
Delhi,2015-01-03,87.18,131.9,25.73,30.31,47.95,69.55,10.61,2.65,19.71,3.91,10.23,1.99,143.0,Moderate,2015-01-03,Moderate,185.85714285714286
Delhi,2015-01-04,151.84,241.84,25.01,36.91,48.62,130.36,11.54,4.63,25.36,4.26,9.71,3.34,319.0,Very Poor,2015-01-04,Very Poor,222.71428571428572
Delhi,2015-01-05,146.6,219.13,14.01,34.92,38.25,122.88,9.2,3.33,23.2,2.8,6.21,2.96,325.0,Very Poor,2015-01-05,Very Poor,259.85714285714283
Delhi,2015-01-06,149.58,252.1,17.21,37.84,42.46,134.97,9.44,3.66,26.83,3.63,7.35,3.47,318.0,Very Poor,2015-01-06,Very Poor,296.2857142857143
Delhi,2015-01-07,217.87,376.51,26.99,40.15,52.41,134.82,9.78,5.82,28.96,4.93,9.42,5.21,353.0,Very Poor,2015-01-07,Very Poor,340.57142857142856
Delhi,2015-01-08,229.9,360.95,23.34,43.16,51.21,138.13,11.01,3.31,30.51,5.8,11.4,4.83,383.0,Very Poor,2015-01-08,Very Poor,327.85714285714283
Delhi,2015-01-09,201.66,397.43,19.18,38.56,45.6,140.6,11.09,3.48,32.94,5.25,11.12,5.26,375.0,Very Poor,2015-01-09,Very Poor,316.57142857142856
Delhi,2015-01-10,221.02,361.74,24.79,46.39,55.19,134.06,9.7,5.91,34.12,4.87,9.44,4.76,376.0,Very Poor,2015-01-10,Very Poor,349.85714285714283
Delhi,2015-01-11,205.41,393.2,28.46,47.29,57.88,131.1,10.98,5.54,50.37,5.93,10.59,5.36,379.0,Very Poor,2015-01-11,Very Poor,358.42857142857144
Delhi,2015-01-12,212.41,345.63,24.77,44.71,54.66,148.51,9.3,5.17,40.08,6.2,10.68,4.59,375.0,Very Poor,2015-01-12,Very Poor,365.57142857142856
Delhi,2015-01-13,197.61,301.04,34.28,45.88,62.95,145.48,11.52,5.95,39.54,5.18,9.5,4.17,366.0,Very Poor,2015-01-13,Very Poor,372.42857142857144
Delhi,2015-01-14,164.39,227.38,20.78,41.17,48.09,166.7,10.32,4.85,42.05,4.57,10.72,3.06,353.0,Very Poor,2015-01-14,Very Poor,372.42857142857144
Delhi,2015-01-15,166.19,283.93,47.91,56.7,79.73,124.64,10.81,6.94,43.25,6.98,20.55,3.08,340.0,Very Poor,2015-01-15,Very Poor,366.2857142857143
Delhi,2015-01-16,174.98,309.99,42.33,49.41,70.6,136.4,11.46,4.69,34.7,7.75,15.83,3.75,356.0,Very Poor,2015-01-16,Very Poor,363.57142857142856
Delhi,2015-01-17,196.46,356.2,42.18,53.04,80.18,125.49,8.87,5.13,25.77,9.92,17.59,3.36,360.0,Very Poor,2015-01-17,Very Poor,361.2857142857143
Delhi,2015-01-18,201.51,359.75,45.51,53.77,75.83,120.45,8.99,5.43,23.22,9.0,20.95,4.03,370.0,Very Poor,2015-01-18,Very Poor,360.0
Delhi,2015-01-19,183.35,305.13,27.32,39.88,55.67,148.49,9.02,4.21,25.34,5.57,12.93,3.62,362.0,Very Poor,2015-01-19,Very Poor,358.14285714285717
Delhi,2015-01-20,165.63,257.04,16.47,34.23,37.68,146.31,8.03,4.11,22.69,3.42,6.76,3.28,340.0,Very Poor,2015-01-20,Very Poor,354.42857142857144
Delhi,2015-01-21,159.54,235.27,12.27,22.56,33.02,63.23,9.01,7.05,18.56,4.1,8.26,2.72,338.0,Very Poor,2015-01-21,Very Poor,352.2857142857143
Delhi,2015-01-22,143.68,183.89,14.75,21.82,34.88,39.65,10.58,8.64,6.94,4.15,9.54,2.78,332.0,Very Poor,2015-01-22,Very Poor,351.14285714285717
Delhi,2015-01-23,128.73,136.07,11.99,17.35,29.46,39.98,8.74,6.77,10.91,2.51,7.64,2.49,254.0,Poor,2015-01-23,Poor,336.57142857142856
Delhi,2015-01-24,164.98,200.02,10.38,15.77,25.49,38.77,9.39,8.89,9.35,2.6,5.5,2.94,324.0,Very Poor,2015-01-24,Very Poor,331.42857142857144
Delhi,2015-01-25,148.59,203.81,11.82,20.83,28.29,45.62,11.44,5.96,16.65,3.37,6.98,2.94,333.0,Very Poor,2015-01-25,Very Poor,326.14285714285717
Delhi,2015-01-26,129.34,137.86,12.46,25.66,29.48,60.96,10.19,6.78,18.18,3.0,5.87,2.51,292.0,Poor,2015-01-26,Poor,316.14285714285717
Delhi,2015-01-27,154.2,217.2,14.41,30.39,34.63,40.96,10.36,6.42,17.11,3.31,6.31,3.07,318.0,Very Poor,2015-01-27,Very Poor,313.0
Delhi,2015-01-28,134.6,156.9,18.96,28.6,35.57,49.71,10.21,5.21,15.23,3.27,6.86,2.63,295.0,Poor,2015-01-28,Poor,306.85714285714283
Delhi,2015-01-29,173.13,277.0,23.14,38.34,48.89,62.03,11.74,5.53,16.29,4.02,9.84,3.42,327.0,Very Poor,2015-01-29,Very Poor,306.14285714285717
Delhi,2015-01-30,178.04,272.61,19.8,38.43,44.45,69.78,11.58,6.43,14.91,3.65,6.61,3.35,345.0,Very Poor,2015-01-30,Very Poor,319.14285714285717
Delhi,2015-01-31,158.59,207.06,30.67,41.36,57.77,67.66,8.7,5.03,17.51,4.36,8.98,2.54,334.0,Very Poor,2015-01-31,Very Poor,320.57142857142856
Delhi,2015-02-01,211.59,371.05,57.56,58.17,93.17,96.69,13.08,9.9,23.28,6.65,15.45,3.36,358.0,Very Poor,2015-02-01,Very Poor,324.14285714285717
Delhi,2015-02-02,163.64,219.84,13.7,37.25,39.34,84.49,10.59,5.31,28.38,2.53,4.69,2.58,349.0,Very Poor,2015-02-02,Very Poor,332.2857142857143
Delhi,2015-02-03,157.71,194.09,12.28,31.05,34.1,66.38,8.21,5.64,28.56,2.13,4.24,1.12,334.0,Very Poor,2015-02-03,Very Poor,334.57142857142856
Delhi,2015-02-04,137.26,147.08,15.21,29.69,36.06,53.28,9.11,5.06,15.07,3.04,6.31,2.79,313.0,Very Poor,2015-02-04,Very Poor,337.14285714285717
Delhi,2015-02-05,131.76,127.42,23.15,36.51,47.4,51.24,8.18,4.85,21.7,4.92,10.17,3.33,262.0,Poor,2015-02-05,Poor,327.85714285714283
Delhi,2015-02-06,151.6,330.99,46.66,67.0,84.76,63.45,5.51,9.13,33.92,9.46,19.7,9.77,303.0,Very Poor,2015-02-06,Very Poor,321.85714285714283
Delhi,2015-02-07,160.75,210.52,37.54,57.69,71.68,58.15,10.28,6.91,43.44,5.5,14.95,6.68,329.0,Very Poor,2015-02-07,Very Poor,321.14285714285717
Delhi,2015-02-08,145.34,215.69,30.54,50.39,61.78,66.72,5.39,8.66,30.43,2.42,6.5,0.57,323.0,Very Poor,2015-02-08,Very Poor,316.14285714285717
Delhi,2015-02-09,134.67,109.86,19.95,39.18,44.48,74.29,5.11,9.7,20.62,2.59,3.17,1.24,266.0,Poor,2015-02-09,Poor,304.2857142857143
Delhi,2015-02-10,153.07,218.23,23.41,42.2,48.01,79.54,10.88,5.81,19.02,5.58,7.1,7.93,319.0,Very Poor,2015-02-10,Very Poor,302.14285714285717
Delhi,2015-02-11,116.91,316.14,33.79,53.63,64.04,95.13,12.64,7.54,27.17,5.96,5.59,10.72,334.0,Very Poor,2015-02-11,Very Poor,305.14285714285717
Delhi,2015-02-12,177.98,394.97,30.48,42.73,58.19,69.47,13.75,9.2,25.58,3.5,7.38,10.65,342.0,Very Poor,2015-02-12,Very Poor,316.57142857142856
Delhi,2015-02-13,167.01,328.43,32.23,44.61,55.13,83.96,11.26,7.77,27.62,3.53,7.69,11.45,341.0,Very Poor,2015-02-13,Very Poor,322.0
Delhi,2015-02-14,193.96,412.46,81.47,53.81,107.76,137.27,11.73,9.36,34.22,9.01,17.88,14.17,377.0,Very Poor,2015-02-14,Very Poor,328.85714285714283
Delhi,2015-02-15,184.06,497.37,44.16,58.15,75.98,61.89,13.78,9.13,40.91,4.79,8.98,12.44,391.0,Very Poor,2015-02-15,Very Poor,338.57142857142856
Delhi,2015-02-16,152.62,310.74,24.32,44.22,49.67,74.74,11.55,6.79,34.36,2.84,5.37,3.49,358.0,Very Poor,2015-02-16,Very Poor,351.7142857142857
Delhi,2015-02-17,161.27,195.78,23.71,25.4,42.76,75.66,10.3,5.6,41.62,3.04,5.62,3.78,327.0,Very Poor,2015-02-17,Very Poor,352.85714285714283
Delhi,2015-02-18,188.2,253.53,69.2,60.29,104.31,79.83,16.23,8.65,36.54,8.34,16.27,4.38,365.0,Very Poor,2015-02-18,Very Poor,357.2857142857143
Delhi,2015-02-19,159.97,193.78,24.53,40.51,47.8,81.44,13.11,5.08,31.88,3.11,6.12,3.49,352.0,Very Poor,2015-02-19,Very Poor,358.7142857142857
Delhi,2015-02-20,144.12,162.2,18.1,34.71,40.32,81.04,11.45,5.93,31.61,2.35,6.76,4.07,317.0,Very Poor,2015-02-20,Very Poor,355.2857142857143
Delhi,2015-02-21,155.38,191.03,35.51,45.11,57.91,69.59,14.21,12.24,30.11,4.69,16.48,9.41,320.0,Very Poor,2015-02-21,Very Poor,347.14285714285717
Delhi,2015-02-22,124.1,107.61,15.38,31.83,32.15,70.25,9.73,5.68,27.19,0.88,3.13,1.44,279.0,Poor,2015-02-22,Poor,331.14285714285717
Delhi,2015-02-23,141.39,157.01,21.95,38.23,42.71,36.38,9.29,9.43,36.86,2.02,11.23,10.87,281.0,Poor,2015-02-23,Poor,320.14285714285717
Delhi,2015-02-24,170.16,238.33,36.04,48.4,60.78,34.14,14.17,9.28,37.39,4.28,22.47,17.65,354.0,Very Poor,2015-02-24,Very Poor,324.0
Delhi,2015-02-25,148.19,169.57,14.79,29.28,34.14,34.91,14.13,5.94,31.57,2.06,6.92,1.75,340.0,Very Poor,2015-02-25,Very Poor,320.42857142857144
Delhi,2015-02-26,140.78,171.64,11.34,20.95,26.65,23.22,13.61,6.98,28.72,1.81,6.96,3.64,323.0,Very Poor,2015-02-26,Very Poor,316.2857142857143
Delhi,2015-02-27,130.42,163.67,13.85,24.75,31.46,22.36,12.78,12.12,34.08,2.14,8.56,4.34,315.0,Very Poor,2015-02-27,Very Poor,316.0
Delhi,2015-02-28,105.86,169.28,9.21,20.65,25.3,16.49,11.8,12.48,41.38,1.97,7.83,1.25,310.0,Very Poor,2015-02-28,Very Poor,314.57142857142856
Delhi,2015-03-01,71.83,98.89,8.49,21.42,19.55,12.44,11.62,10.99,22.51,1.38,4.63,2.6,324.0,Very Poor,2015-03-01,Very Poor,321.0
Delhi,2015-03-02,53.71,60.15,11.02,13.43,20.48,19.11,10.19,3.21,22.08,0.91,3.45,0.69,226.0,Poor,2015-03-02,Poor,313.14285714285717
Delhi,2015-03-03,83.49,112.1,16.23,23.75,30.88,16.04,11.72,5.07,20.83,2.13,8.11,2.41,266.0,Poor,2015-03-03,Poor,300.57142857142856
Delhi,2015-03-04,91.07,139.15,13.71,24.28,28.73,17.44,10.64,4.68,25.83,1.6,8.05,6.62,200.0,Moderate,2015-03-04,Moderate,280.57142857142856
Delhi,2015-03-05,106.57,196.19,25.97,31.12,45.48,28.86,9.36,5.97,32.88,3.27,15.12,10.65,275.0,Poor,2015-03-05,Poor,273.7142857142857
Delhi,2015-03-06,101.75,163.14,20.56,26.59,34.17,32.04,10.55,5.96,33.67,2.45,9.31,7.14,322.0,Very Poor,2015-03-06,Very Poor,274.7142857142857
Delhi,2015-03-07,77.57,90.54,12.07,19.15,24.66,16.83,9.48,5.18,23.09,1.68,6.31,1.25,216.0,Poor,2015-03-07,Poor,261.2857142857143
Delhi,2015-03-08,63.24,80.2,13.52,20.35,27.44,16.12,8.19,3.98,20.71,1.69,6.09,1.35,108.0,Moderate,2015-03-08,Moderate,230.42857142857142
Delhi,2015-03-09,76.62,117.38,10.49,18.21,22.84,15.2,9.02,4.2,22.85,1.12,4.32,1.97,197.0,Moderate,2015-03-09,Moderate,226.28571428571428
Delhi,2015-03-10,86.7,150.92,11.44,18.82,25.78,18.88,7.98,3.84,25.87,1.51,5.62,4.8,238.0,Poor,2015-03-10,Poor,222.28571428571428
Delhi,2015-03-11,104.29,176.2,14.94,25.63,32.66,29.48,10.76,6.3,29.62,2.32,7.74,1.91,274.0,Poor,2015-03-11,Poor,232.85714285714286
Delhi,2015-03-12,115.93,203.75,18.48,32.29,37.84,30.72,11.3,7.03,35.05,2.9,12.42,15.16,315.0,Very Poor,2015-03-12,Very Poor,238.57142857142858
Delhi,2015-03-13,108.66,173.89,15.61,30.75,37.02,23.31,10.23,10.65,34.05,3.41,14.88,9.81,307.0,Very Poor,2015-03-13,Very Poor,236.42857142857142
Delhi,2015-03-14,67.94,105.29,14.3,29.78,32.1,29.21,9.18,10.14,23.39,2.42,9.14,0.8,208.0,Poor,2015-03-14,Poor,235.28571428571428
Delhi,2015-03-15,38.89,46.68,9.49,17.76,21.45,30.59,8.23,4.25,22.0,1.03,4.45,1.38,165.0,Moderate,2015-03-15,Moderate,243.42857142857142
Delhi,2015-03-16,45.39,74.14,10.2,17.14,22.27,33.16,7.87,8.8,25.55,1.05,4.83,0.74,188.0,Moderate,2015-03-16,Moderate,242.14285714285714
Delhi,2015-03-17,55.55,104.33,12.18,20.96,25.28,39.8,10.45,7.19,23.11,1.55,6.39,4.07,217.0,Poor,2015-03-17,Poor,239.14285714285714
Delhi,2015-03-18,50.59,95.56,9.32,16.6,21.74,39.16,7.83,3.6,27.5,1.11,4.42,3.67,191.0,Moderate,2015-03-18,Moderate,227.28571428571428
Delhi,2015-03-19,69.51,136.67,14.05,23.77,30.29,36.77,7.89,4.97,27.07,3.23,8.67,7.55,240.0,Poor,2015-03-19,Poor,216.57142857142858
Delhi,2015-03-20,96.62,168.0,19.15,29.04,37.12,35.07,9.59,6.66,29.01,5.67,17.61,22.01,229.0,Poor,2015-03-20,Poor,205.42857142857142
Delhi,2015-03-21,96.28,172.91,20.18,29.21,37.78,32.01,8.82,7.31,25.97,7.79,16.65,17.47,248.0,Poor,2015-03-21,Poor,211.14285714285714
Delhi,2015-03-22,72.2,122.12,9.39,20.27,23.15,32.52,8.5,4.4,25.48,2.67,6.07,5.96,204.0,Poor,2015-03-22,Poor,216.71428571428572
Delhi,2015-03-23,78.47,131.42,12.57,23.04,28.5,32.13,8.6,4.07,27.1,5.45,13.55,10.98,271.0,Poor,2015-03-23,Poor,228.57142857142858
Delhi,2015-03-24,91.87,179.36,21.3,30.01,40.31,31.79,10.1,7.35,34.78,9.72,16.21,15.64,290.0,Poor,2015-03-24,Poor,239.0
Delhi,2015-03-25,107.26,201.08,21.52,33.82,42.98,27.92,11.69,11.82,45.78,4.93,11.03,9.98,340.0,Very Poor,2015-03-25,Very Poor,260.2857142857143
Delhi,2015-03-26,109.78,217.9,24.1,33.02,44.26,28.0,12.67,9.3,40.0,6.64,10.31,2.53,358.0,Very Poor,2015-03-26,Very Poor,277.14285714285717
Delhi,2015-03-27,62.27,117.81,12.01,24.76,27.71,27.34,9.29,10.91,31.08,4.14,4.26,2.0,287.0,Poor,2015-03-27,Poor,285.42857142857144
Delhi,2015-03-28,102.22,212.96,22.14,29.41,40.44,32.82,10.47,17.16,40.23,3.87,9.33,2.54,323.0,Very Poor,2015-03-28,Very Poor,296.14285714285717
Delhi,2015-03-29,104.36,202.01,23.55,33.86,43.2,37.35,14.42,16.92,32.84,3.96,9.87,2.51,360.0,Very Poor,2015-03-29,Very Poor,318.42857142857144
Delhi,2015-03-30,44.19,57.0,7.11,17.6,19.91,28.77,9.58,7.75,26.81,1.45,3.4,1.53,268.0,Poor,2015-03-30,Poor,318.0
Delhi,2015-03-31,55.66,78.64,10.22,20.13,26.74,30.62,9.56,9.34,34.15,2.01,4.89,1.8,283.0,Poor,2015-03-31,Poor,317.0
Delhi,2015-04-01,112.86,167.6,24.6,32.71,45.12,36.05,10.15,19.48,38.45,4.04,9.07,2.42,309.0,Very Poor,2015-04-01,Very Poor,312.57142857142856
Delhi,2015-04-02,78.51,112.78,9.82,20.54,27.51,31.04,6.72,14.37,35.54,2.17,4.2,2.32,249.0,Poor,2015-04-02,Poor,297.0
Delhi,2015-04-03,66.52,76.05,11.21,18.47,27.79,35.48,8.24,10.62,24.85,2.32,5.02,3.05,245.0,Poor,2015-04-03,Poor,291.0
Delhi,2015-04-04,62.56,86.11,10.66,24.96,30.36,28.46,5.52,12.94,27.98,2.39,6.04,2.45,229.0,Poor,2015-04-04,Poor,277.57142857142856
Delhi,2015-04-05,78.61,145.1,13.0,27.75,39.45,32.3,7.97,16.72,40.79,3.3,8.08,2.19,234.0,Poor,2015-04-05,Poor,259.57142857142856
Delhi,2015-04-06,119.7,195.47,34.3,32.83,59.96,44.66,11.01,16.63,30.32,5.7,14.32,2.64,343.0,Very Poor,2015-04-06,Very Poor,270.2857142857143
Delhi,2015-04-07,66.09,95.81,7.57,24.47,30.04,29.78,7.29,8.34,43.23,1.89,4.65,1.89,262.0,Poor,2015-04-07,Poor,267.2857142857143
Delhi,2015-04-08,95.34,120.2,11.64,34.72,37.7,24.84,9.28,17.99,61.68,2.72,7.17,2.06,308.0,Very Poor,2015-04-08,Very Poor,267.14285714285717
Delhi,2015-04-09,63.57,148.17,11.33,35.15,41.13,30.04,6.57,10.48,35.18,2.45,6.82,2.1,293.0,Poor,2015-04-09,Poor,273.42857142857144
Delhi,2015-04-10,96.56,203.67,17.46,52.77,62.06,30.32,4.63,15.8,59.88,3.47,9.68,2.29,290.0,Poor,2015-04-10,Poor,279.85714285714283
Delhi,2015-04-11,131.39,234.65,22.86,59.52,72.68,34.01,5.84,21.5,73.72,4.56,14.16,2.57,375.0,Very Poor,2015-04-11,Very Poor,300.7142857142857
Delhi,2015-04-12,75.35,91.73,9.63,45.3,40.75,28.79,7.73,13.08,49.21,1.98,6.71,1.85,293.0,Poor,2015-04-12,Poor,309.14285714285717
Delhi,2015-04-13,86.49,116.62,14.18,50.3,56.07,38.86,3.67,14.99,62.52,2.5,8.84,2.06,247.0,Poor,2015-04-13,Poor,295.42857142857144
Delhi,2015-04-14,77.07,132.68,13.41,42.65,50.06,36.68,6.85,14.04,55.44,2.13,7.25,2.0,232.0,Poor,2015-04-14,Poor,291.14285714285717
Delhi,2015-04-15,98.79,161.43,18.39,47.41,45.1,34.8,11.65,13.75,31.14,2.4,7.07,2.16,316.0,Very Poor,2015-04-15,Very Poor,292.2857142857143
Delhi,2015-04-16,81.81,164.56,18.2,44.06,58.92,37.84,5.94,21.44,59.29,2.64,10.67,2.37,295.0,Poor,2015-04-16,Poor,292.57142857142856
Delhi,2015-04-17,65.78,180.67,18.75,40.09,55.98,30.04,7.38,14.34,54.47,3.23,10.23,3.16,246.0,Poor,2015-04-17,Poor,286.2857142857143
Delhi,2015-04-18,119.82,268.65,26.27,51.11,66.92,28.99,8.21,17.21,65.72,4.32,13.89,4.52,378.0,Very Poor,2015-04-18,Very Poor,286.7142857142857
Delhi,2015-04-19,125.53,308.82,32.69,64.73,87.58,34.39,8.84,18.02,65.08,4.88,17.48,4.88,406.0,Severe,2015-04-19,Severe,302.85714285714283
Delhi,2015-04-20,121.51,336.63,18.14,60.41,68.41,33.63,6.75,20.98,87.04,3.08,10.2,4.6,392.0,Very Poor,2015-04-20,Very Poor,323.57142857142856
Delhi,2015-04-21,114.5,327.81,23.52,50.7,63.45,30.3,6.84,19.38,74.49,4.22,13.04,4.27,391.0,Very Poor,2015-04-21,Very Poor,346.2857142857143
Delhi,2015-04-22,101.83,279.41,26.26,55.27,72.67,24.36,7.36,19.29,69.41,4.74,14.52,3.72,368.0,Very Poor,2015-04-22,Very Poor,353.7142857142857
Delhi,2015-04-23,118.57,273.68,33.93,76.46,96.19,29.32,6.58,21.81,76.14,5.0,18.21,4.45,365.0,Very Poor,2015-04-23,Very Poor,363.7142857142857
Delhi,2015-04-24,143.22,313.53,42.58,88.61,108.55,36.5,6.42,26.89,89.42,5.63,22.15,4.61,383.0,Very Poor,2015-04-24,Very Poor,383.2857142857143
Delhi,2015-04-25,106.76,318.88,22.5,58.87,71.34,37.0,6.75,17.56,93.54,3.15,12.73,3.99,367.0,Very Poor,2015-04-25,Very Poor,381.7142857142857
Delhi,2015-04-26,65.36,160.3,13.17,31.23,38.68,32.83,8.44,12.67,77.43,1.9,6.65,2.72,334.0,Very Poor,2015-04-26,Very Poor,371.42857142857144
Delhi,2015-04-27,67.08,174.5,13.18,35.54,44.09,32.27,4.76,11.92,70.74,1.86,6.09,2.97,258.0,Poor,2015-04-27,Poor,352.2857142857143
Delhi,2015-04-28,81.37,141.25,11.98,34.88,43.91,29.46,4.67,13.97,70.42,1.66,6.08,2.79,234.0,Poor,2015-04-28,Poor,329.85714285714283
Delhi,2015-04-29,63.76,131.56,12.09,42.98,51.34,29.93,7.16,13.98,61.86,1.94,7.31,2.68,257.0,Poor,2015-04-29,Poor,314.0
Delhi,2015-04-30,60.56,171.42,12.0,43.9,48.72,29.08,7.33,12.85,60.18,2.03,6.47,2.71,259.0,Poor,2015-04-30,Poor,298.85714285714283
Delhi,2015-05-01,76.1,192.81,13.14,42.99,52.01,26.55,7.63,13.1,53.16,2.02,9.5,2.21,279.0,Poor,2015-05-01,Poor,284.0
Delhi,2015-05-02,72.66,206.1,25.56,62.09,76.22,26.99,9.46,16.16,43.06,3.47,15.83,,312.0,Very Poor,2015-05-02,Very Poor,276.14285714285717
Delhi,2015-05-03,121.94,334.02,52.12,83.3,100.84,35.46,11.95,19.43,41.71,6.62,32.11,,372.0,Very Poor,2015-05-03,Very Poor,281.57142857142856
Delhi,2015-05-04,108.98,326.71,52.0,85.5,112.64,31.33,8.08,17.53,37.7,6.19,26.87,,387.0,Very Poor,2015-05-04,Very Poor,300.0
Delhi,2015-05-05,145.99,366.85,75.13,107.85,150.76,35.82,6.65,26.0,50.27,7.43,35.57,,408.0,Severe,2015-05-05,Severe,324.85714285714283
Delhi,2015-05-06,171.33,346.98,53.42,87.88,122.67,39.27,7.1,25.26,92.66,5.92,28.97,,398.0,Very Poor,2015-05-06,Very Poor,345.0
Delhi,2015-05-07,117.76,343.12,19.74,63.18,73.07,35.52,9.64,24.63,75.6,3.99,12.65,,403.0,Severe,2015-05-07,Severe,365.57142857142856
Delhi,2015-05-08,90.66,305.38,25.55,56.54,73.9,30.52,6.65,20.79,74.84,3.96,8.6,,361.0,Very Poor,2015-05-08,Very Poor,377.2857142857143
Delhi,2015-05-09,106.4,285.38,43.33,63.57,96.25,34.25,9.35,18.15,76.38,4.09,11.93,,378.0,Very Poor,2015-05-09,Very Poor,386.7142857142857
Delhi,2015-05-10,101.21,283.47,20.83,57.51,65.08,31.32,10.6,16.92,67.97,3.3,10.36,,381.0,Very Poor,2015-05-10,Very Poor,388.0
Delhi,2015-05-11,97.57,336.82,11.91,42.7,48.43,36.11,8.79,15.11,87.93,2.21,5.94,,388.0,Very Poor,2015-05-11,Very Poor,388.14285714285717
Delhi,2015-05-12,96.34,293.26,11.54,43.04,48.09,52.21,6.27,10.84,83.43,1.74,5.4,,346.0,Very Poor,2015-05-12,Very Poor,379.2857142857143
Delhi,2015-05-13,83.42,174.52,10.5,48.61,45.79,56.95,8.14,9.08,55.62,2.29,7.15,,328.0,Very Poor,2015-05-13,Very Poor,369.2857142857143
Delhi,2015-05-14,78.06,196.08,16.38,42.22,53.26,47.74,7.24,10.42,57.1,2.49,7.56,,291.0,Poor,2015-05-14,Poor,353.2857142857143
Delhi,2015-05-15,97.87,240.34,27.46,63.55,81.14,44.08,10.81,15.02,77.87,3.2,11.05,,396.0,Very Poor,2015-05-15,Very Poor,358.2857142857143
Delhi,2015-05-16,77.52,186.28,24.05,75.5,91.36,41.94,6.17,15.03,73.24,2.16,5.81,,297.0,Poor,2015-05-16,Poor,346.7142857142857
Delhi,2015-05-17,97.16,188.39,15.83,57.63,65.15,43.23,8.4,20.15,70.29,1.68,4.74,,345.0,Very Poor,2015-05-17,Very Poor,341.57142857142856
Delhi,2015-05-18,66.85,172.35,9.2,47.64,55.88,40.95,7.46,15.04,79.02,1.69,3.99,,296.0,Poor,2015-05-18,Poor,328.42857142857144
Delhi,2015-05-19,89.85,240.31,16.42,75.47,70.51,40.32,8.04,14.58,79.55,1.82,5.59,,319.0,Very Poor,2015-05-19,Very Poor,324.57142857142856
Delhi,2015-05-20,67.41,176.25,21.7,52.69,60.6,42.24,6.11,20.3,57.17,2.01,4.94,,282.0,Poor,2015-05-20,Poor,318.0
Delhi,2015-05-21,75.54,335.13,27.16,53.03,63.55,56.95,8.25,14.85,42.61,2.16,5.19,,352.0,Very Poor,2015-05-21,Very Poor,326.7142857142857
Delhi,2015-05-22,67.91,235.99,34.97,56.84,77.1,45.91,8.32,14.77,64.34,1.8,3.94,,338.0,Very Poor,2015-05-22,Very Poor,318.42857142857144
Delhi,2015-05-23,69.02,313.73,38.94,52.79,75.32,36.5,7.06,10.73,66.63,1.52,3.62,,321.0,Very Poor,2015-05-23,Very Poor,321.85714285714283
Delhi,2015-05-24,79.1,251.52,32.09,56.29,69.04,37.22,8.56,18.96,60.08,7.08,7.12,,295.0,Poor,2015-05-24,Poor,314.7142857142857
Delhi,2015-05-25,117.27,340.66,51.72,60.65,102.66,40.26,7.66,11.78,95.72,1.69,5.27,,344.0,Very Poor,2015-05-25,Very Poor,321.57142857142856
Delhi,2015-05-26,96.09,311.08,24.98,51.77,70.51,33.51,5.25,9.9,79.4,1.59,3.57,,337.0,Very Poor,2015-05-26,Very Poor,324.14285714285717
Delhi,2015-05-27,84.71,231.35,42.01,70.43,91.54,29.05,8.54,17.48,80.71,2.44,5.37,,355.0,Very Poor,2015-05-27,Very Poor,334.57142857142856
Delhi,2015-05-28,182.76,436.17,54.87,72.67,100.54,35.74,6.89,14.33,83.33,2.5,6.62,,371.0,Very Poor,2015-05-28,Very Poor,337.2857142857143
Delhi,2015-05-29,106.61,275.6,37.21,64.94,87.55,41.74,8.48,12.9,76.1,1.94,5.71,,414.0,Severe,2015-05-29,Severe,348.14285714285717
Delhi,2015-05-30,92.68,239.12,47.05,65.26,103.71,40.66,7.59,17.68,69.95,2.59,7.66,,366.0,Very Poor,2015-05-30,Very Poor,354.57142857142856
Delhi,2015-05-31,73.62,236.8,19.04,41.86,52.3,36.27,7.12,13.08,87.47,1.66,3.31,,346.0,Very Poor,2015-05-31,Very Poor,361.85714285714283
Delhi,2015-06-01,49.42,175.39,15.74,48.55,61.72,35.12,5.03,9.96,72.89,1.26,3.71,,289.0,Poor,2015-06-01,Poor,354.0
Delhi,2015-06-02,52.51,117.86,18.64,54.29,68.84,46.09,6.67,6.73,56.2,1.51,3.98,,297.0,Poor,2015-06-02,Poor,348.2857142857143
Delhi,2015-06-03,65.28,137.7,24.46,65.25,91.72,54.47,4.98,6.31,41.92,1.8,5.8,,268.0,Poor,2015-06-03,Poor,335.85714285714283
Delhi,2015-06-04,85.45,170.55,15.02,62.38,71.04,57.58,3.83,5.53,63.0,3.19,8.0,,259.0,Poor,2015-06-04,Poor,319.85714285714283
Delhi,2015-06-05,83.02,241.67,16.05,62.63,52.93,75.0,11.36,4.12,52.03,2.6,7.32,,327.0,Very Poor,2015-06-05,Very Poor,307.42857142857144
Delhi,2015-06-06,44.54,119.29,11.64,46.37,46.37,71.88,11.94,7.37,37.09,2.38,6.02,,384.0,Very Poor,2015-06-06,Very Poor,310.0
Delhi,2015-06-07,85.03,186.2,25.76,77.07,91.29,46.57,3.51,9.53,88.63,2.43,6.95,,299.0,Poor,2015-06-07,Poor,303.2857142857143
Delhi,2015-06-08,137.7,269.3,52.45,109.34,109.95,50.63,1.56,10.44,86.2,2.82,9.42,,282.0,Poor,2015-06-08,Poor,302.2857142857143
Delhi,2015-06-09,136.05,393.7,45.61,76.88,83.43,46.56,1.38,8.84,58.0,2.75,6.91,,442.0,Severe,2015-06-09,Severe,323.0
Delhi,2015-06-10,63.77,166.31,12.93,31.27,34.21,43.33,2.58,5.91,56.84,1.83,3.83,,309.0,Very Poor,2015-06-10,Very Poor,328.85714285714283
Delhi,2015-06-11,115.57,259.73,4.41,32.99,26.63,35.31,1.24,6.02,138.5,1.52,3.79,,270.0,Poor,2015-06-11,Poor,330.42857142857144
Delhi,2015-06-12,83.29,180.06,14.51,36.36,37.13,40.11,1.19,5.52,68.6,1.86,4.5,,239.0,Poor,2015-06-12,Poor,317.85714285714283
Delhi,2015-06-13,73.7,158.24,24.38,52.9,64.56,41.36,1.36,5.34,53.02,1.71,5.25,,214.0,Poor,2015-06-13,Poor,293.57142857142856
Delhi,2015-06-14,74.56,121.44,15.9,68.76,71.74,56.02,1.35,5.33,60.88,1.63,6.44,,166.0,Moderate,2015-06-14,Moderate,274.57142857142856
Delhi,2015-06-15,106.11,206.42,17.76,72.79,73.34,60.68,1.62,6.3,86.86,2.8,8.15,,234.0,Poor,2015-06-15,Poor,267.7142857142857
Delhi,2015-06-16,132.21,282.05,45.43,81.57,109.14,59.1,1.73,6.16,82.42,4.07,13.65,,331.0,Very Poor,2015-06-16,Very Poor,251.85714285714286
Delhi,2015-06-17,123.56,271.79,32.84,70.96,82.45,55.88,1.57,6.95,74.01,3.18,8.21,,327.0,Very Poor,2015-06-17,Very Poor,254.42857142857142
Delhi,2015-06-18,132.21,268.84,34.59,94.25,108.25,59.55,1.82,9.31,87.24,3.87,10.16,,313.0,Very Poor,2015-06-18,Very Poor,260.57142857142856
Delhi,2015-06-19,110.65,216.46,10.75,65.21,61.04,55.65,1.38,7.8,76.58,2.17,5.76,,284.0,Poor,2015-06-19,Poor,267.0
Delhi,2015-06-20,80.31,160.22,5.92,52.7,45.57,48.06,1.29,10.22,69.37,1.17,4.34,,239.0,Poor,2015-06-20,Poor,270.57142857142856
Delhi,2015-06-21,59.73,82.7,7.05,50.78,40.03,66.21,1.59,6.11,52.78,1.08,4.73,,149.0,Moderate,2015-06-21,Moderate,268.14285714285717
Delhi,2015-06-22,85.4,139.2,10.93,58.88,56.1,50.28,1.34,6.18,59.49,1.66,7.01,,172.0,Moderate,2015-06-22,Moderate,259.2857142857143
Delhi,2015-06-23,101.99,152.18,18.2,61.18,67.45,51.94,1.41,7.9,77.04,2.42,7.98,,226.0,Poor,2015-06-23,Poor,244.28571428571428
Delhi,2015-06-24,126.07,214.45,14.98,60.31,86.44,62.47,1.37,8.09,83.13,2.45,7.86,,261.0,Poor,2015-06-24,Poor,234.85714285714286
Delhi,2015-06-25,37.59,62.38,17.17,44.72,104.26,50.86,1.25,7.67,46.7,1.69,5.27,,188.0,Moderate,2015-06-25,Moderate,217.0
Delhi,2015-06-26,76.0,182.48,32.6,46.88,101.06,45.56,1.04,6.84,60.99,2.08,6.36,,192.0,Moderate,2015-06-26,Moderate,203.85714285714286
Delhi,2015-06-27,69.46,195.2,19.12,38.55,69.98,42.36,1.01,7.28,53.19,1.39,3.4,,207.0,Poor,2015-06-27,Poor,199.28571428571428
Delhi,2015-06-28,79.84,214.78,20.29,47.19,92.99,41.99,1.13,7.53,58.34,1.4,3.86,,219.0,Poor,2015-06-28,Poor,209.28571428571428
Delhi,2015-06-29,48.5,96.78,5.47,38.37,81.25,43.97,1.07,7.74,52.21,0.89,3.04,,193.0,Moderate,2015-06-29,Moderate,212.28571428571428
Delhi,2015-06-30,53.79,109.92,8.54,46.06,108.22,41.11,1.05,9.15,58.33,1.16,4.92,,170.0,Moderate,2015-06-30,Moderate,204.28571428571428
Delhi,2015-07-01,57.99,135.43,8.88,49.64,103.97,40.5,1.06,8.88,61.42,1.62,6.78,,185.0,Moderate,2015-07-01,Moderate,193.42857142857142
Delhi,2015-07-02,67.12,175.9,12.29,52.45,110.32,39.09,1.12,6.86,61.7,1.61,5.71,,220.0,Poor,2015-07-02,Poor,198.0
Delhi,2015-07-03,65.25,219.31,19.11,37.09,64.79,37.32,0.99,8.91,59.66,1.29,3.34,,225.0,Poor,2015-07-03,Poor,202.71428571428572
Delhi,2015-07-04,88.75,212.16,20.9,35.54,45.93,61.61,0.98,7.24,56.61,0.85,1.81,,250.0,Poor,2015-07-04,Poor,208.85714285714286
Delhi,2015-07-05,135.92,435.2,19.63,36.89,49.31,64.99,1.17,6.42,58.36,1.04,2.73,,282.0,Poor,2015-07-05,Poor,217.85714285714286
Delhi,2015-07-06,60.27,143.86,15.17,44.07,109.71,38.68,1.1,7.91,58.07,1.08,3.78,,298.0,Poor,2015-07-06,Poor,232.85714285714286
Delhi,2015-07-07,52.2,78.64,12.97,51.7,109.52,42.09,1.34,7.82,53.72,1.79,6.76,,175.0,Moderate,2015-07-07,Moderate,233.57142857142858
Delhi,2015-07-08,67.92,127.38,11.17,52.69,131.9,42.84,1.17,7.94,53.94,2.24,8.08,,217.0,Poor,2015-07-08,Poor,238.14285714285714
Delhi,2015-07-09,65.95,128.93,25.82,53.39,152.12,48.61,1.4,7.86,42.58,2.8,9.57,,234.0,Poor,2015-07-09,Poor,240.14285714285714
Delhi,2015-07-10,47.68,95.1,26.94,46.71,173.98,53.64,1.26,8.97,35.79,2.24,9.43,,188.0,Moderate,2015-07-10,Moderate,234.85714285714286
Delhi,2015-07-11,29.08,41.31,31.49,51.39,254.8,42.6,7.23,8.61,54.03,2.04,8.46,,253.0,Poor,2015-07-11,Poor,235.28571428571428
Delhi,2015-07-12,32.29,34.16,12.34,32.77,117.79,48.01,1.27,7.15,40.41,2.18,6.13,,198.0,Moderate,2015-07-12,Moderate,223.28571428571428
Delhi,2015-07-13,36.68,54.36,12.21,37.71,105.59,41.83,1.3,8.11,37.7,1.96,6.02,,148.0,Moderate,2015-07-13,Moderate,201.85714285714286
Delhi,2015-07-14,44.48,112.83,13.94,43.46,94.25,49.32,1.3,8.04,46.71,1.88,6.34,,141.0,Moderate,2015-07-14,Moderate,197.0
Delhi,2015-07-15,63.79,243.97,30.37,38.05,89.67,44.18,1.07,9.62,52.2,1.41,4.49,,218.0,Poor,2015-07-15,Poor,197.14285714285714
Delhi,2015-07-16,77.2,244.69,22.06,36.72,102.35,31.83,1.02,10.29,72.44,1.11,4.61,,268.0,Poor,2015-07-16,Poor,202.0
Delhi,2015-07-17,77.99,148.95,13.99,42.07,128.36,40.17,1.88,12.46,61.43,1.95,7.66,,232.0,Poor,2015-07-17,Poor,208.28571428571428
Delhi,2015-07-18,71.11,148.87,24.83,48.79,149.07,42.26,1.84,10.77,56.32,3.78,14.23,,204.0,Poor,2015-07-18,Poor,201.28571428571428
Delhi,2015-07-19,67.39,144.11,23.65,52.87,155.27,42.68,1.28,10.4,59.05,2.6,10.15,,220.0,Poor,2015-07-19,Poor,204.42857142857142
Delhi,2015-07-20,49.58,83.22,16.89,62.37,196.68,41.37,1.24,10.17,61.55,1.82,7.33,,223.0,Poor,2015-07-20,Poor,215.14285714285714
Delhi,2015-07-21,40.97,78.76,12.25,46.3,151.32,38.36,1.14,12.19,46.98,2.04,8.56,,218.0,Poor,2015-07-21,Poor,226.14285714285714
Delhi,2015-07-22,38.97,85.89,19.43,41.41,132.19,36.49,2.73,20.43,44.49,5.82,16.67,,165.0,Moderate,2015-07-22,Moderate,218.57142857142858
Delhi,2015-07-23,34.02,81.25,11.59,39.98,116.55,33.95,2.42,16.71,49.72,7.2,7.77,,155.0,Moderate,2015-07-23,Moderate,202.42857142857142
Delhi,2015-07-24,46.13,94.49,9.1,43.99,146.4,37.38,0.98,16.01,47.11,1.25,5.68,,154.0,Moderate,2015-07-24,Moderate,191.28571428571428
Delhi,2015-07-25,46.01,97.0,10.2,42.86,141.1,37.05,1.0,15.58,45.9,1.45,5.43,,184.0,Moderate,2015-07-25,Moderate,188.42857142857142
Delhi,2015-07-26,29.81,86.01,8.06,30.66,106.81,33.05,0.81,15.09,40.73,0.87,4.39,,150.0,Moderate,2015-07-26,Moderate,178.42857142857142
Delhi,2015-07-27,22.82,53.28,10.02,33.21,113.43,30.92,0.83,12.69,36.65,0.82,2.92,,125.0,Moderate,2015-07-27,Moderate,164.42857142857142
Delhi,2015-07-28,24.69,51.98,10.03,40.25,127.68,28.99,0.74,7.61,38.49,0.87,2.57,,160.0,Moderate,2015-07-28,Moderate,156.14285714285714
Delhi,2015-07-29,29.04,56.7,12.18,35.69,126.64,28.56,0.66,9.68,35.89,0.94,3.14,,142.0,Moderate,2015-07-29,Moderate,152.85714285714286
Delhi,2015-07-30,25.76,47.91,13.51,32.96,105.81,29.31,1.2,9.49,26.26,0.89,3.24,,181.0,Moderate,2015-07-30,Moderate,156.57142857142858
Delhi,2015-07-31,37.85,122.18,27.39,35.9,119.1,25.17,1.6,9.7,36.57,1.33,4.92,,196.0,Moderate,2015-07-31,Moderate,162.57142857142858
Delhi,2015-08-01,41.32,126.33,29.5,35.14,139.85,23.1,1.08,10.8,41.27,1.41,5.16,,181.0,Moderate,2015-08-01,Moderate,162.14285714285714
Delhi,2015-08-02,47.81,123.24,40.08,37.96,165.43,24.2,0.82,10.27,46.38,1.61,6.87,,213.0,Poor,2015-08-02,Poor,171.14285714285714
Delhi,2015-08-03,56.02,154.28,28.95,40.17,129.29,30.76,0.78,8.75,45.97,1.65,6.16,,175.0,Moderate,2015-08-03,Moderate,178.28571428571428
Delhi,2015-08-04,54.46,136.88,19.25,46.74,142.99,31.77,1.21,9.72,56.88,1.66,5.74,,184.0,Moderate,2015-08-04,Moderate,181.71428571428572
Delhi,2015-08-05,59.13,117.08,25.28,52.78,164.51,37.94,1.67,10.41,54.66,2.33,9.61,,228.0,Poor,2015-08-05,Poor,194.0
Delhi,2015-08-06,65.47,126.56,24.45,52.51,205.02,37.79,1.17,10.73,60.57,2.23,10.66,,214.0,Poor,2015-08-06,Poor,198.71428571428572
Delhi,2015-08-07,64.58,154.92,19.7,48.24,202.11,39.64,1.75,10.22,68.17,2.06,8.98,,254.0,Poor,2015-08-07,Poor,207.0
Delhi,2015-08-08,70.05,149.92,21.3,50.51,200.34,43.18,2.26,7.68,62.76,2.31,10.19,,258.0,Poor,2015-08-08,Poor,218.0
Delhi,2015-08-09,55.51,105.17,31.18,39.47,167.5,36.5,1.24,5.83,45.4,2.22,9.54,,244.0,Poor,2015-08-09,Poor,222.42857142857142
Delhi,2015-08-10,82.27,140.54,50.39,45.46,225.79,35.68,1.43,6.9,61.52,2.5,9.99,,209.0,Poor,2015-08-10,Poor,227.28571428571428
Delhi,2015-08-11,77.04,137.74,31.89,49.43,215.75,41.69,2.11,6.23,62.67,2.94,10.85,,283.0,Poor,2015-08-11,Poor,241.42857142857142
Delhi,2015-08-12,52.45,87.66,17.96,45.71,138.01,39.85,1.3,6.69,55.37,2.07,6.55,,223.0,Poor,2015-08-12,Poor,240.71428571428572
Delhi,2015-08-13,61.66,116.55,47.8,52.76,189.02,39.16,1.16,9.82,80.63,3.11,9.53,,205.0,Poor,2015-08-13,Poor,239.42857142857142
Delhi,2015-08-14,65.67,159.75,25.2,50.96,194.75,38.58,1.52,10.82,69.27,2.58,8.99,,252.0,Poor,2015-08-14,Poor,239.14285714285714
Delhi,2015-08-15,51.4,91.81,15.68,44.4,157.69,33.42,0.94,10.53,44.93,1.68,5.46,,198.0,Moderate,2015-08-15,Moderate,230.57142857142858
Delhi,2015-08-16,55.71,93.33,37.6,48.39,187.78,33.29,1.06,10.46,44.79,1.96,6.53,,197.0,Moderate,2015-08-16,Moderate,223.85714285714286
Delhi,2015-08-17,61.84,134.2,28.12,44.41,148.85,29.73,1.09,11.22,45.05,2.09,7.08,,184.0,Moderate,2015-08-17,Moderate,220.28571428571428
Delhi,2015-08-18,60.65,126.2,18.21,56.15,133.24,32.71,1.02,12.39,48.86,2.08,6.64,,197.0,Moderate,2015-08-18,Moderate,208.0
Delhi,2015-08-19,34.42,124.17,28.15,36.47,119.94,25.85,0.87,9.63,38.86,0.83,4.46,,140.0,Moderate,2015-08-19,Moderate,196.14285714285714
Delhi,2015-08-20,40.83,210.86,32.66,32.0,72.35,20.57,0.78,11.59,42.13,0.7,2.82,,232.0,Poor,2015-08-20,Poor,200.0
Delhi,2015-08-21,50.97,214.05,42.48,35.87,84.88,21.67,1.12,12.09,57.47,0.83,5.43,,271.0,Poor,2015-08-21,Poor,202.71428571428572
Delhi,2015-08-22,46.74,149.06,26.74,40.28,61.52,28.2,0.9,9.56,52.48,2.13,6.5,,207.0,Poor,2015-08-22,Poor,204.0
Delhi,2015-08-23,44.67,138.12,21.72,33.76,52.07,33.25,0.78,9.53,33.94,2.26,7.64,,127.0,Moderate,2015-08-23,Moderate,194.0
Delhi,2015-08-24,37.39,108.4,31.1,44.61,68.41,38.16,0.97,10.67,38.73,1.78,6.41,,123.0,Moderate,2015-08-24,Moderate,185.28571428571428
Delhi,2015-08-25,52.06,222.39,21.93,39.88,56.22,36.07,0.93,9.12,44.9,1.73,5.34,,175.0,Moderate,2015-08-25,Moderate,182.14285714285714
Delhi,2015-08-26,57.52,236.94,24.24,37.85,55.54,31.88,1.08,9.36,40.43,1.76,5.93,,245.0,Poor,2015-08-26,Poor,197.14285714285714
Delhi,2015-08-27,61.47,237.68,32.28,40.41,74.7,25.74,1.35,10.59,56.61,2.37,7.75,,248.0,Poor,2015-08-27,Poor,199.42857142857142
Delhi,2015-08-28,77.76,206.22,12.44,50.74,57.41,32.56,1.64,11.92,64.07,3.01,10.12,,247.0,Poor,2015-08-28,Poor,196.0
Delhi,2015-08-29,68.53,260.48,35.03,49.3,91.78,31.16,1.09,11.11,65.56,2.85,8.82,,292.0,Poor,2015-08-29,Poor,208.14285714285714
Delhi,2015-08-30,57.85,230.76,28.21,39.84,71.42,28.16,1.11,10.39,62.61,2.28,6.71,,266.0,Poor,2015-08-30,Poor,228.0
Delhi,2015-08-31,51.67,220.14,24.52,32.53,57.84,23.0,0.96,12.77,60.73,1.94,6.0,,288.0,Poor,2015-08-31,Poor,251.57142857142858
Delhi,2015-09-01,73.78,230.34,17.83,27.42,45.7,18.96,1.28,10.45,61.33,2.15,5.67,3.27,210.0,Poor,2015-09-01,Poor,256.57142857142856
Delhi,2015-09-02,97.63,318.24,31.64,29.16,66.15,18.6,1.14,10.79,72.47,2.86,6.94,4.09,298.0,Poor,2015-09-02,Poor,264.14285714285717
Delhi,2015-09-03,99.5,278.36,33.04,35.31,67.05,17.86,1.17,9.82,72.94,3.85,10.55,4.02,315.0,Very Poor,2015-09-03,Very Poor,273.7142857142857
Delhi,2015-09-04,97.31,284.54,50.0,41.7,90.18,23.02,1.36,14.94,71.5,4.88,18.75,3.97,368.0,Very Poor,2015-09-04,Very Poor,291.0
Delhi,2015-09-05,76.43,201.89,24.24,29.5,52.24,26.99,1.38,16.93,56.59,2.89,6.72,3.55,266.0,Poor,2015-09-05,Poor,287.2857142857143
Delhi,2015-09-06,61.69,168.63,17.36,27.81,41.56,23.17,1.19,16.71,49.32,2.17,5.08,3.21,174.0,Moderate,2015-09-06,Moderate,274.14285714285717
Delhi,2015-09-07,55.19,179.42,27.91,35.49,61.81,23.76,1.04,12.97,52.24,3.09,7.72,6.26,199.0,Moderate,2015-09-07,Moderate,261.42857142857144
Delhi,2015-09-08,63.79,219.51,25.93,38.36,60.12,27.35,1.07,10.92,61.95,3.4,9.09,3.45,217.0,Poor,2015-09-08,Poor,262.42857142857144
Delhi,2015-09-09,58.48,195.05,20.38,36.2,55.36,22.77,1.02,11.57,68.21,2.97,7.63,3.1,238.0,Poor,2015-09-09,Poor,253.85714285714286
Delhi,2015-09-10,60.29,184.78,20.95,42.1,59.79,24.07,1.06,11.53,68.49,3.28,8.72,3.02,230.0,Poor,2015-09-10,Poor,241.71428571428572
Delhi,2015-09-11,67.35,181.99,16.4,46.81,56.83,34.81,1.13,10.98,68.81,3.26,9.36,2.59,218.0,Poor,2015-09-11,Poor,220.28571428571428
Delhi,2015-09-12,87.55,178.57,20.95,54.45,67.44,46.05,1.22,10.51,69.36,3.63,11.88,2.7,226.0,Poor,2015-09-12,Poor,214.57142857142858
Delhi,2015-09-13,84.57,171.76,16.76,45.36,54.12,51.19,1.21,9.91,64.05,2.86,9.08,2.47,202.0,Poor,2015-09-13,Poor,218.57142857142858
Delhi,2015-09-14,111.58,236.34,22.48,60.71,75.63,43.99,1.51,10.43,79.29,4.26,12.72,3.01,274.0,Poor,2015-09-14,Poor,229.28571428571428
Delhi,2015-09-15,108.78,217.16,14.94,56.31,63.58,46.66,1.37,10.4,75.63,3.91,19.34,2.86,289.0,Poor,2015-09-15,Poor,239.57142857142858
Delhi,2015-09-16,91.18,190.99,8.55,46.44,42.94,49.72,1.15,9.27,69.61,2.78,9.65,2.61,235.0,Poor,2015-09-16,Poor,239.14285714285714
Delhi,2015-09-17,104.85,250.21,23.06,60.96,73.86,48.13,1.4,11.68,85.86,4.48,13.25,3.17,285.0,Poor,2015-09-17,Poor,247.0
Delhi,2015-09-18,56.19,129.11,14.26,43.3,48.2,40.48,1.22,10.85,48.8,3.03,9.92,2.43,209.0,Poor,2015-09-18,Poor,245.71428571428572
Delhi,2015-09-19,67.62,125.24,19.82,49.83,58.37,47.21,1.14,9.75,51.78,3.31,12.59,2.14,132.0,Moderate,2015-09-19,Moderate,232.28571428571428
Delhi,2015-09-20,64.38,141.89,20.17,62.73,62.49,39.93,1.1,9.27,58.49,3.04,11.4,2.47,179.0,Moderate,2015-09-20,Moderate,229.0
Delhi,2015-09-21,45.65,109.7,14.64,62.69,56.18,27.96,1.16,13.55,48.02,2.71,7.95,3.01,136.0,Moderate,2015-09-21,Moderate,209.28571428571428
Delhi,2015-09-22,35.75,70.38,12.73,38.78,41.5,23.06,0.95,11.57,39.83,2.38,6.62,3.07,104.0,Moderate,2015-09-22,Moderate,182.85714285714286
Delhi,2015-09-23,34.89,101.42,16.55,31.17,43.75,18.66,0.98,12.34,37.26,2.44,6.8,3.42,95.0,Satisfactory,2015-09-23,Satisfactory,162.85714285714286
Delhi,2015-09-24,63.06,187.9,40.7,39.16,72.85,18.24,1.21,13.26,48.78,3.38,8.95,3.33,175.0,Moderate,2015-09-24,Moderate,147.14285714285714
Delhi,2015-09-25,82.39,222.71,53.19,45.09,89.84,22.95,1.5,11.8,53.1,4.32,12.51,3.83,290.0,Poor,2015-09-25,Poor,158.71428571428572
Delhi,2015-09-26,88.08,254.8,66.49,45.96,103.63,29.98,1.63,11.17,54.87,5.04,15.68,4.04,282.0,Poor,2015-09-26,Poor,180.14285714285714
Delhi,2015-09-27,89.75,252.06,53.0,44.13,92.67,30.43,1.49,9.76,68.69,5.09,14.81,3.59,298.0,Poor,2015-09-27,Poor,197.14285714285714
Delhi,2015-09-28,69.57,190.18,24.23,43.41,63.74,26.35,1.25,10.38,53.82,3.63,10.87,3.38,240.0,Poor,2015-09-28,Poor,212.0
Delhi,2015-09-29,68.34,172.35,22.57,48.19,64.14,25.2,1.16,10.68,54.68,3.93,10.32,3.2,188.0,Moderate,2015-09-29,Moderate,224.0
Delhi,2015-09-30,61.08,155.26,17.52,42.91,53.3,21.93,1.1,9.59,52.91,3.64,8.94,3.28,187.0,Moderate,2015-09-30,Moderate,237.14285714285714
Delhi,2015-10-01,85.7,205.18,33.0,54.68,74.28,22.52,1.49,11.42,60.57,4.79,12.88,3.43,230.0,Poor,2015-10-01,Poor,245.0
Delhi,2015-10-02,97.62,220.56,33.74,52.53,73.05,26.24,1.58,9.77,64.01,5.39,12.8,3.85,286.0,Poor,2015-10-02,Poor,244.42857142857142
Delhi,2015-10-03,103.58,293.23,31.0,54.93,75.48,24.31,1.72,11.41,47.52,5.83,15.27,3.42,266.0,Poor,2015-10-03,Poor,242.14285714285714
Delhi,2015-10-04,145.97,335.82,62.2,62.84,99.01,34.91,2.26,15.08,44.92,8.8,31.87,3.87,369.0,Very Poor,2015-10-04,Very Poor,252.28571428571428
Delhi,2015-10-05,180.52,347.95,80.34,75.42,116.95,36.94,3.15,17.32,45.8,10.88,44.0,3.92,375.0,Very Poor,2015-10-05,Very Poor,271.57142857142856
Delhi,2015-10-06,151.57,355.56,71.68,65.07,105.02,41.76,2.19,11.35,42.22,8.42,25.57,3.79,411.0,Severe,2015-10-06,Severe,303.42857142857144
Delhi,2015-10-07,144.04,305.35,25.78,57.05,78.07,37.01,1.73,11.15,49.32,4.97,12.91,3.37,383.0,Very Poor,2015-10-07,Very Poor,331.42857142857144
Delhi,2015-10-08,148.44,291.66,35.13,58.32,80.91,29.59,1.96,12.13,66.62,5.52,14.13,3.36,388.0,Very Poor,2015-10-08,Very Poor,354.0
Delhi,2015-10-09,130.22,284.27,56.83,65.15,105.26,27.47,2.5,15.27,63.16,6.66,23.59,3.36,351.0,Very Poor,2015-10-09,Very Poor,363.2857142857143
Delhi,2015-10-10,147.71,287.93,100.27,61.29,117.2,29.69,2.48,13.94,58.24,8.33,33.78,3.64,320.0,Very Poor,2015-10-10,Very Poor,371.0
Delhi,2015-10-11,111.34,246.3,87.94,51.83,116.75,30.83,2.02,12.01,62.02,6.34,27.16,3.05,296.0,Poor,2015-10-11,Poor,360.57142857142856
Delhi,2015-10-12,100.7,232.58,74.45,52.92,120.68,33.46,1.98,14.75,65.55,6.67,23.22,2.46,312.0,Very Poor,2015-10-12,Very Poor,351.57142857142856
Delhi,2015-10-13,97.67,189.31,25.13,48.92,64.57,35.14,1.89,11.84,73.28,4.2,16.19,2.24,260.0,Poor,2015-10-13,Poor,330.0
Delhi,2015-10-14,75.81,155.25,14.33,43.47,53.25,28.75,1.61,10.89,67.89,3.12,11.08,1.99,204.0,Poor,2015-10-14,Poor,304.42857142857144
Delhi,2015-10-15,95.24,199.77,42.32,60.8,100.2,31.11,2.13,10.84,77.91,5.4,20.03,2.1,218.0,Poor,2015-10-15,Poor,280.14285714285717
Delhi,2015-10-16,148.29,301.61,60.16,68.24,105.17,33.05,2.07,11.98,84.74,7.38,24.65,,356.0,Very Poor,2015-10-16,Very Poor,280.85714285714283
Delhi,2015-10-17,90.66,137.89,38.65,20.29,55.07,6.78,1.62,7.56,44.21,3.83,12.78,1.68,388.0,Very Poor,2015-10-17,Very Poor,290.57142857142856
Delhi,2015-10-18,156.71,263.15,27.5,41.09,62.19,21.49,1.63,10.14,71.1,4.64,12.33,1.93,298.0,Poor,2015-10-18,Poor,290.85714285714283
Delhi,2015-10-19,170.28,312.88,56.52,61.67,97.82,33.27,2.08,16.24,92.96,7.19,24.25,1.95,392.0,Very Poor,2015-10-19,Very Poor,302.2857142857143
Delhi,2015-10-20,198.1,336.47,91.29,74.62,155.1,36.75,2.17,16.73,101.74,9.5,38.8,1.96,428.0,Severe,2015-10-20,Severe,326.2857142857143
Delhi,2015-10-21,158.04,265.39,23.76,46.9,69.79,37.48,2.98,15.64,79.5,4.73,11.36,2.02,384.0,Very Poor,2015-10-21,Very Poor,352.0
Delhi,2015-10-22,116.98,213.49,24.37,32.96,54.18,22.53,2.6,13.27,48.74,3.61,7.79,2.02,292.0,Poor,2015-10-22,Poor,362.57142857142856
Delhi,2015-10-23,143.73,289.01,54.93,67.38,104.71,30.27,2.05,21.35,69.55,7.29,17.19,2.0,343.0,Very Poor,2015-10-23,Very Poor,360.7142857142857
Delhi,2015-10-24,169.22,341.7,90.18,71.38,122.15,34.26,3.07,18.2,47.92,10.19,29.74,1.94,383.0,Very Poor,2015-10-24,Very Poor,360.0
Delhi,2015-10-25,147.65,281.8,33.05,56.46,81.78,28.26,1.78,13.81,65.83,6.17,28.38,1.88,374.0,Very Poor,2015-10-25,Very Poor,370.85714285714283
Delhi,2015-10-26,101.61,214.37,23.78,47.8,61.15,23.85,1.58,20.57,85.73,4.59,13.39,1.82,263.0,Poor,2015-10-26,Poor,352.42857142857144
Delhi,2015-10-27,113.2,260.46,30.2,49.25,75.03,26.14,1.74,21.2,63.88,6.18,16.14,2.02,334.0,Very Poor,2015-10-27,Very Poor,339.0
Delhi,2015-10-28,112.89,254.24,32.12,43.78,74.53,22.81,2.07,18.61,71.98,4.85,15.43,2.03,333.0,Very Poor,2015-10-28,Very Poor,331.7142857142857
Delhi,2015-10-29,95.72,183.08,25.74,57.74,77.86,25.55,1.89,24.29,73.26,4.13,11.41,1.97,262.0,Poor,2015-10-29,Poor,327.42857142857144
Delhi,2015-10-30,108.4,156.58,24.98,42.63,55.71,28.72,2.29,18.92,60.56,2.75,7.03,1.96,236.0,Poor,2015-10-30,Poor,312.14285714285717
Delhi,2015-10-31,245.97,274.06,36.55,35.11,58.72,35.77,1.74,17.66,42.32,1.95,4.3,1.94,340.0,Very Poor,2015-10-31,Very Poor,306.0
Delhi,2015-11-01,277.53,379.38,60.39,60.17,94.74,51.64,2.41,28.58,84.99,5.45,13.75,3.5,415.0,Severe,2015-11-01,Severe,311.85714285714283
Delhi,2015-11-02,232.4,361.0,67.14,68.4,115.98,42.75,2.05,31.66,136.67,8.28,20.6,23.3,420.0,Severe,2015-11-02,Severe,334.2857142857143
Delhi,2015-11-03,244.78,385.66,51.06,82.74,112.71,45.66,2.09,29.19,99.91,6.91,17.35,2.55,407.0,Severe,2015-11-03,Severe,344.7142857142857
Delhi,2015-11-04,293.49,401.49,105.88,87.47,137.62,56.81,2.54,31.58,114.43,7.99,28.6,1.75,454.0,Severe,2015-11-04,Severe,362.0
Delhi,2015-11-05,161.78,234.94,44.61,63.78,97.34,45.99,1.76,21.21,75.71,4.34,18.32,1.63,388.0,Very Poor,2015-11-05,Very Poor,380.0
Delhi,2015-11-06,153.33,260.04,35.14,58.13,86.38,46.52,2.56,20.9,69.95,4.37,13.52,1.34,276.0,Poor,2015-11-06,Poor,385.7142857142857
Delhi,2015-11-07,353.86,496.61,42.74,86.59,117.97,67.43,2.76,19.96,107.69,7.34,16.38,1.46,483.0,Severe,2015-11-07,Severe,406.14285714285717
Delhi,2015-11-08,217.55,356.92,32.59,75.98,98.5,49.64,2.84,31.77,103.4,4.83,9.61,1.35,451.0,Severe,2015-11-08,Severe,411.2857142857143
Delhi,2015-11-09,201.44,364.2,88.69,79.2,134.41,55.64,2.01,40.75,108.12,7.16,21.36,1.19,378.0,Very Poor,2015-11-09,Very Poor,405.2857142857143
Delhi,2015-11-10,249.95,452.96,88.06,84.89,150.79,69.34,2.64,33.72,115.45,8.75,21.95,2.86,439.0,Severe,2015-11-10,Severe,409.85714285714283
Delhi,2015-11-11,219.68,408.52,24.64,55.72,71.78,48.34,1.5,25.96,89.58,3.82,8.83,0.0,431.0,Severe,2015-11-11,Severe,406.57142857142856
Delhi,2015-11-12,258.48,398.16,30.46,54.69,81.68,47.57,1.84,28.58,75.26,3.64,6.94,0.0,421.0,Severe,2015-11-12,Severe,411.2857142857143
Delhi,2015-11-13,291.66,469.38,27.58,61.66,84.27,50.58,1.75,21.15,101.14,4.46,10.11,0.0,454.0,Severe,2015-11-13,Severe,436.7142857142857
Delhi,2015-11-14,221.68,377.4,19.84,60.05,69.37,48.04,1.72,21.27,90.08,3.98,10.55,0.0,450.0,Severe,2015-11-14,Severe,432.0
Delhi,2015-11-15,214.24,342.13,49.66,83.62,95.98,49.4,2.1,22.68,101.15,5.57,17.11,0.0,367.0,Very Poor,2015-11-15,Very Poor,420.0
Delhi,2015-11-16,184.02,323.56,81.18,85.03,129.22,60.07,2.26,21.27,94.79,5.86,20.12,0.0,383.0,Very Poor,2015-11-16,Very Poor,420.7142857142857
Delhi,2015-11-17,136.22,280.47,44.56,57.11,77.4,41.89,2.1,17.53,71.44,2.86,8.42,0.0,347.0,Very Poor,2015-11-17,Very Poor,407.57142857142856
Delhi,2015-11-18,188.09,367.46,74.07,74.39,118.88,45.24,2.3,21.78,86.88,5.15,15.24,1.01,369.0,Very Poor,2015-11-18,Very Poor,398.7142857142857
Delhi,2015-11-19,238.69,397.16,106.26,96.62,150.98,55.18,2.87,25.59,101.68,7.31,22.27,3.09,392.0,Very Poor,2015-11-19,Very Poor,394.57142857142856
Delhi,2015-11-20,271.42,470.08,139.98,101.44,164.44,64.78,3.28,26.81,124.74,9.41,35.26,3.45,455.0,Severe,2015-11-20,Severe,394.7142857142857
Delhi,2015-11-21,293.73,467.32,102.06,97.76,144.12,63.08,2.96,23.06,114.3,9.99,30.62,2.42,450.0,Severe,2015-11-21,Severe,394.7142857142857
Delhi,2015-11-22,247.27,450.96,101.94,92.32,146.25,63.4,2.73,20.77,116.29,7.9,23.75,2.05,478.0,Severe,2015-11-22,Severe,410.57142857142856
Delhi,2015-11-23,266.95,419.98,123.99,105.29,164.08,74.83,3.49,24.92,132.26,9.04,29.47,3.81,431.0,Severe,2015-11-23,Severe,417.42857142857144
Delhi,2015-11-24,241.61,424.09,115.23,88.74,165.41,67.9,2.6,19.65,113.35,9.14,27.7,4.27,440.0,Severe,2015-11-24,Severe,430.7142857142857
Delhi,2015-11-25,149.14,312.85,33.11,54.63,83.28,35.62,1.98,15.97,81.11,3.31,9.24,0.95,376.0,Very Poor,2015-11-25,Very Poor,431.7142857142857
Delhi,2015-11-26,182.5,317.46,91.98,69.29,144.14,40.68,1.84,21.35,93.71,4.48,12.18,1.03,347.0,Very Poor,2015-11-26,Very Poor,425.2857142857143
Delhi,2015-11-27,193.58,343.26,60.96,71.35,121.32,57.48,1.71,19.49,90.46,4.05,12.37,0.02,343.0,Very Poor,2015-11-27,Very Poor,409.2857142857143
Delhi,2015-11-28,172.89,294.29,32.3,47.21,73.76,60.1,1.43,17.09,70.51,2.54,6.88,0.0,362.0,Very Poor,2015-11-28,Very Poor,396.7142857142857
Delhi,2015-11-29,190.46,342.59,64.72,51.84,99.82,59.13,1.88,20.73,67.97,3.2,10.58,0.01,319.0,Very Poor,2015-11-29,Very Poor,374.0
Delhi,2015-11-30,282.76,419.33,116.54,78.48,159.5,73.94,2.51,24.51,131.34,6.23,20.23,0.0,425.0,Severe,2015-11-30,Severe,373.14285714285717
Delhi,2015-12-01,183.28,371.83,56.71,83.03,118.88,57.35,1.77,16.48,93.52,4.34,12.02,0.01,400.0,Very Poor,2015-12-01,Very Poor,367.42857142857144
Delhi,2015-12-02,170.74,399.64,61.75,95.99,132.93,52.71,1.87,19.04,88.0,4.38,13.3,,386.0,Very Poor,2015-12-02,Very Poor,368.85714285714283
Delhi,2015-12-03,190.14,412.29,43.24,92.91,109.61,52.48,1.74,19.24,86.19,5.0,12.33,,385.0,Very Poor,2015-12-03,Very Poor,374.2857142857143
Delhi,2015-12-04,186.64,352.14,64.77,79.52,113.72,43.76,2.28,20.76,88.93,4.47,12.74,,392.0,Very Poor,2015-12-04,Very Poor,381.2857142857143
Delhi,2015-12-05,282.01,433.03,154.15,121.11,196.54,68.78,3.4,31.36,129.79,8.33,27.44,,428.0,Severe,2015-12-05,Severe,390.7142857142857
Delhi,2015-12-06,218.22,439.01,129.37,113.45,178.2,75.74,3.24,34.05,122.22,6.89,23.51,,394.0,Very Poor,2015-12-06,Very Poor,401.42857142857144
Delhi,2015-12-07,249.8,421.49,73.33,103.77,136.43,81.3,3.07,22.34,103.29,4.31,11.83,,440.0,Severe,2015-12-07,Severe,403.57142857142856
Delhi,2015-12-08,283.59,478.19,147.22,140.09,204.44,90.35,3.33,23.41,139.79,6.01,20.92,,437.0,Severe,2015-12-08,Severe,408.85714285714283
Delhi,2015-12-09,250.69,411.48,82.24,93.99,134.24,61.29,2.74,21.72,131.99,4.96,18.16,,431.0,Severe,2015-12-09,Severe,415.2857142857143
Delhi,2015-12-10,211.95,386.66,51.4,78.05,114.36,50.46,2.46,22.11,123.11,3.55,9.96,,383.0,Very Poor,2015-12-10,Very Poor,415.0
Delhi,2015-12-11,198.38,410.6,57.61,64.21,116.75,57.97,2.1,18.41,119.41,3.74,9.49,,377.0,Very Poor,2015-12-11,Very Poor,412.85714285714283
Delhi,2015-12-12,184.12,385.05,47.72,55.01,94.66,49.91,1.91,16.09,122.43,3.91,8.27,,379.0,Very Poor,2015-12-12,Very Poor,405.85714285714283
Delhi,2015-12-13,135.42,338.3,71.54,63.9,118.56,37.83,2.01,18.89,101.58,3.98,9.07,,333.0,Very Poor,2015-12-13,Very Poor,397.14285714285717
Delhi,2015-12-14,118.6,380.24,56.5,59.09,102.21,38.84,2.7,13.66,79.22,3.4,8.61,,314.0,Very Poor,2015-12-14,Very Poor,379.14285714285717
Delhi,2015-12-15,88.3,381.6975,43.65,40.52,63.37,34.31,1.86,14.88,25.23,2.31,8.74,,174.0,Moderate,2015-12-15,Moderate,341.57142857142856
Delhi,2015-12-16,111.45,383.155,75.23,34.44,90.72,52.2,1.75,14.56,38.16,3.23,12.95,,244.0,Poor,2015-12-16,Poor,314.85714285714283
Delhi,2015-12-17,152.24,384.6125,54.06,23.07,71.32,59.43,1.89,19.41,29.89,3.07,11.7,,308.0,Very Poor,2015-12-17,Very Poor,304.14285714285717
Delhi,2015-12-18,136.75,386.07,49.33,25.24,62.42,65.5,1.52,19.87,20.82,2.76,10.34,,320.0,Very Poor,2015-12-18,Very Poor,296.0
Delhi,2015-12-19,114.35,387.5275,47.8,26.84,56.46,74.04,1.94,13.17,33.06,2.59,9.92,,270.0,Poor,2015-12-19,Poor,280.42857142857144
Delhi,2015-12-20,181.67,388.985,100.08,111.18,139.46,126.19,21.22,18.97,20.58,5.34,20.47,,320.0,Very Poor,2015-12-20,Very Poor,278.57142857142856
Delhi,2015-12-21,135.78,390.4425,62.51,78.99,89.78,100.15,29.46,15.59,20.57,3.02,11.55,,313.0,Very Poor,2015-12-21,Very Poor,278.42857142857144
Delhi,2015-12-22,204.72,391.9,136.41,136.15,180.15,163.07,11.45,23.64,57.16,6.91,24.84,,326.0,Very Poor,2015-12-22,Very Poor,300.14285714285717
Delhi,2015-12-23,321.52,589.93,110.63,102.69,165.11,108.68,2.94,22.66,111.69,9.0,27.03,,459.0,Severe,2015-12-23,Severe,330.85714285714283
Delhi,2015-12-24,129.08,486.66,20.45,55.01,53.4,65.53,30.44,13.43,32.42,3.46,6.92,,314.0,Very Poor,2015-12-24,Very Poor,331.7142857142857
Delhi,2015-12-25,132.56,294.13,37.27,71.91,91.68,62.62,9.61,17.57,75.29,3.54,7.58,,304.0,Very Poor,2015-12-25,Very Poor,329.42857142857144
Delhi,2015-12-26,158.69,331.93,52.6,88.96,109.95,69.77,10.3,21.02,88.64,3.76,7.95,,310.0,Very Poor,2015-12-26,Very Poor,335.14285714285717
Delhi,2015-12-27,187.01,375.13,34.43,90.57,99.66,72.76,11.3,21.41,98.88,3.82,7.0,,370.0,Very Poor,2015-12-27,Very Poor,342.2857142857143
Delhi,2015-12-28,148.77,332.68,23.26,75.69,71.74,69.14,9.27,20.34,85.96,3.02,5.12,,328.0,Very Poor,2015-12-28,Very Poor,344.42857142857144
Delhi,2015-12-29,159.67,325.05,33.33,73.11,82.43,60.62,2.32,21.23,82.69,3.4,6.16,,331.0,Very Poor,2015-12-29,Very Poor,345.14285714285717
Delhi,2015-12-30,233.97,391.19,68.54,87.4,133.08,72.74,1.94,22.31,94.75,5.31,12.28,,412.0,Severe,2015-12-30,Severe,338.42857142857144
Delhi,2015-12-31,240.97,389.18,85.66,72.93,131.21,72.69,2.38,24.08,87.26,5.58,16.21,0.0,433.0,Severe,2015-12-31,Severe,355.42857142857144
Delhi,2016-01-01,295.71,476.09,86.62,94.04,131.36,79.87,2.42,23.57,108.14,5.81,16.3,0.0,463.0,Severe,2016-01-01,Severe,378.14285714285717
Delhi,2016-01-02,239.21,395.29,69.42,81.22,126.63,65.11,2.15,23.33,90.45,5.79,17.65,,465.0,Severe,2016-01-02,Severe,400.2857142857143
Delhi,2016-01-03,270.1,484.82,54.41,76.67,101.63,66.4,2.39,19.94,97.03,5.33,10.78,,426.0,Severe,2016-01-03,Severe,408.2857142857143
Delhi,2016-01-04,339.8,586.2,124.31,133.95,164.05,73.73,2.97,27.9,91.2,7.12,19.01,,496.0,Severe,2016-01-04,Severe,432.2857142857143
Delhi,2016-01-05,318.1,535.3,106.93,118.81,159.99,78.22,2.85,30.24,131.4,6.45,21.32,,528.0,Severe,2016-01-05,Severe,460.42857142857144
Delhi,2016-01-06,305.51,524.01,99.0,103.78,150.4,83.7,3.37,25.78,135.04,7.07,22.16,,538.0,Severe,2016-01-06,Severe,478.42857142857144
Delhi,2016-01-07,391.54,587.23,167.73,96.36,213.61,105.21,3.39,26.47,186.07,9.07,32.59,,535.0,Severe,2016-01-07,Severe,493.0
Delhi,2016-01-08,339.87,540.86,109.0,67.85,170.76,98.29,2.34,14.19,150.8,6.61,18.62,,603.0,Severe,2016-01-08,Severe,513.0
Delhi,2016-01-09,158.43,324.64,47.9,60.63,103.82,60.24,2.38,17.94,100.54,3.43,6.7,,408.0,Severe,2016-01-09,Severe,504.85714285714283
Delhi,2016-01-10,183.24,345.68,85.1,68.86,119.51,62.87,2.14,24.96,130.02,3.98,9.27,,368.0,Very Poor,2016-01-10,Very Poor,496.57142857142856
Delhi,2016-01-11,227.13,411.6,130.64,76.4,179.86,68.11,2.88,23.98,140.72,6.19,19.28,,404.0,Severe,2016-01-11,Severe,483.42857142857144
Delhi,2016-01-12,195.21,381.19,98.0,78.61,141.55,64.5,2.06,24.06,131.63,4.26,15.4,,444.0,Severe,2016-01-12,Severe,471.42857142857144
Delhi,2016-01-13,248.59,399.59,25.76,73.18,95.74,68.5,1.62,16.73,95.93,3.34,7.27,,356.0,Very Poor,2016-01-13,Very Poor,445.42857142857144
Delhi,2016-01-14,196.87,339.06,22.82,55.91,76.14,59.65,1.35,11.82,97.98,2.51,5.49,,397.0,Very Poor,2016-01-14,Very Poor,425.7142857142857
Delhi,2016-01-15,178.8,259.53,24.84,45.85,67.9,47.42,1.39,10.86,81.66,2.41,5.16,,371.0,Very Poor,2016-01-15,Very Poor,392.57142857142856
Delhi,2016-01-16,138.86,220.21,16.26,41.92,56.84,35.05,1.55,11.25,67.4,2.31,4.48,,311.0,Very Poor,2016-01-16,Very Poor,378.7142857142857
Delhi,2016-01-17,179.48,268.5,24.14,58.56,75.29,35.01,1.45,15.89,78.01,2.21,4.79,,321.0,Very Poor,2016-01-17,Very Poor,372.0
Delhi,2016-01-18,269.05,451.43,75.17,78.22,129.46,45.72,2.4,15.42,107.94,3.78,8.46,,424.0,Severe,2016-01-18,Severe,374.85714285714283
Delhi,2016-01-19,278.2,430.74,25.48,61.04,81.75,43.49,3.82,12.59,104.61,3.44,7.68,,435.0,Severe,2016-01-19,Severe,373.57142857142856
Delhi,2016-01-20,272.1,415.38,25.73,56.67,73.35,40.44,1.84,14.75,100.12,3.93,7.77,,455.0,Severe,2016-01-20,Severe,387.7142857142857
Delhi,2016-01-21,196.83,318.08,29.85,52.83,74.47,37.76,1.68,11.99,91.52,3.95,8.5,,398.0,Very Poor,2016-01-21,Very Poor,387.85714285714283
Delhi,2016-01-22,290.66,418.92,58.36,73.9,118.66,48.9,1.94,17.13,136.52,6.63,15.31,,399.0,Very Poor,2016-01-22,Very Poor,391.85714285714283
Delhi,2016-01-23,294.3,480.0,58.3,78.21,130.91,67.05,2.13,16.81,147.56,11.67,31.39,,469.0,Severe,2016-01-23,Severe,414.42857142857144
Delhi,2016-01-24,303.5,446.28,18.81,64.55,84.23,56.64,2.6,14.74,132.54,13.06,20.63,,488.0,Severe,2016-01-24,Severe,438.2857142857143
Delhi,2016-01-25,217.05,362.08,27.18,66.89,84.08,44.74,1.32,16.09,103.53,8.15,15.77,,401.0,Severe,2016-01-25,Severe,435.0
Delhi,2016-01-26,308.75,462.91,33.24,80.14,104.98,58.38,1.7,17.97,139.27,9.11,15.21,,446.0,Severe,2016-01-26,Severe,436.57142857142856
Delhi,2016-01-27,255.94,424.11,68.34,87.93,136.31,63.16,2.03,17.09,142.54,9.97,27.76,,456.0,Severe,2016-01-27,Severe,436.7142857142857
Delhi,2016-01-28,283.03,463.03,96.44,90.45,154.28,68.84,2.09,23.63,151.6,13.06,33.02,,451.0,Severe,2016-01-28,Severe,444.2857142857143
Delhi,2016-01-29,311.08,498.38,140.59,117.07,139.36,74.39,2.54,29.99,175.04,17.15,48.03,,501.0,Severe,2016-01-29,Severe,458.85714285714283
Delhi,2016-01-30,285.83,450.72,114.59,111.19,202.98,78.01,2.54,27.94,157.74,11.99,36.72,,505.0,Severe,2016-01-30,Severe,464.0
Delhi,2016-01-31,242.05,291.16,22.08,46.17,61.75,53.86,1.77,12.4,75.74,3.93,9.75,,437.0,Severe,2016-01-31,Severe,456.7142857142857
Delhi,2016-02-01,121.4,193.5,20.04,60.12,73.48,37.51,1.08,16.33,90.99,2.9,6.96,,305.0,Very Poor,2016-02-01,Very Poor,443.0
Delhi,2016-02-02,135.31,242.87,26.56,63.6,86.07,32.1,1.14,19.08,94.8,3.55,7.54,,292.0,Poor,2016-02-02,Poor,421.0
Delhi,2016-02-03,136.87,273.78,18.78,61.81,80.6,30.46,1.11,24.23,95.15,4.51,8.58,,306.0,Very Poor,2016-02-03,Very Poor,399.57142857142856
Delhi,2016-02-04,130.76,269.21,63.15,67.45,115.18,31.31,1.47,23.7,85.13,9.22,17.93,,300.0,Poor,2016-02-04,Poor,378.0
Delhi,2016-02-05,206.72,383.25,103.55,86.15,180.54,38.98,1.82,30.2,121.22,13.75,29.14,,371.0,Very Poor,2016-02-05,Very Poor,359.42857142857144
Delhi,2016-02-06,224.94,348.14,139.49,85.86,143.3,41.58,2.6,26.22,149.67,11.57,36.79,,408.0,Severe,2016-02-06,Severe,345.57142857142856
Delhi,2016-02-07,170.45,249.91,24.15,72.61,90.15,46.76,1.28,20.74,95.23,5.29,12.12,,343.0,Very Poor,2016-02-07,Very Poor,332.14285714285717
Delhi,2016-02-08,119.57,186.86,46.36,57.0,102.85,45.57,1.26,19.21,74.61,7.03,15.39,,301.0,Very Poor,2016-02-08,Very Poor,331.57142857142856
Delhi,2016-02-09,181.76,261.7,53.77,65.45,101.07,44.85,1.46,19.53,106.92,8.52,19.03,,322.0,Very Poor,2016-02-09,Very Poor,335.85714285714283
Delhi,2016-02-10,216.55,341.38,99.27,81.98,159.3,48.24,2.02,21.61,129.76,10.15,25.69,,368.0,Very Poor,2016-02-10,Very Poor,344.7142857142857
Delhi,2016-02-11,150.0,270.49,61.14,70.99,101.48,41.33,1.88,21.25,93.1,7.25,31.62,,349.0,Very Poor,2016-02-11,Very Poor,351.7142857142857
Delhi,2016-02-12,146.03,296.27,41.52,79.43,102.77,35.09,1.56,26.86,117.2,6.5,12.45,,334.0,Very Poor,2016-02-12,Very Poor,346.42857142857144
Delhi,2016-02-13,110.89,228.81,15.7,56.05,60.22,33.55,2.14,20.94,101.47,3.19,6.06,,333.0,Very Poor,2016-02-13,Very Poor,335.7142857142857
Delhi,2016-02-14,103.57,177.49,21.11,61.73,71.42,35.13,1.11,29.71,89.22,4.57,8.6,,257.0,Poor,2016-02-14,Poor,323.42857142857144
Delhi,2016-02-15,115.7,219.52,26.8,66.8,88.44,35.02,1.88,27.44,93.47,6.81,11.64,,265.0,Poor,2016-02-15,Poor,318.2857142857143
Delhi,2016-02-16,123.22,216.09,27.2,65.75,91.8,32.58,1.25,29.19,95.46,6.11,10.5,,297.0,Poor,2016-02-16,Poor,314.7142857142857
Delhi,2016-02-17,135.38,236.15,30.25,80.76,107.45,35.79,1.36,37.35,89.38,8.2,17.99,,289.0,Poor,2016-02-17,Poor,303.42857142857144
Delhi,2016-02-18,148.75,217.16,41.39,76.11,115.01,54.55,1.41,26.28,90.48,9.41,24.42,,310.0,Very Poor,2016-02-18,Very Poor,297.85714285714283
Delhi,2016-02-19,207.1,307.38,54.8,66.45,119.87,67.61,1.76,32.25,108.89,10.6,22.71,,366.0,Very Poor,2016-02-19,Very Poor,302.42857142857144
Delhi,2016-02-20,150.89,225.66,72.64,47.72,109.23,79.34,1.48,20.15,84.64,8.31,29.83,,345.0,Very Poor,2016-02-20,Very Poor,304.14285714285717
Delhi,2016-02-21,76.12,137.44,9.77,30.51,38.62,47.95,1.0,10.43,73.2,3.07,6.16,,228.0,Poor,2016-02-21,Poor,300.0
Delhi,2016-02-22,88.73,137.44,12.59,41.47,48.81,30.92,1.02,20.79,75.96,3.48,4.69,,213.0,Poor,2016-02-22,Poor,292.57142857142856
Delhi,2016-02-23,86.17,194.61,32.16,56.77,58.22,28.75,1.41,21.27,95.32,2.19,4.9,,208.0,Poor,2016-02-23,Poor,279.85714285714283
Delhi,2016-02-24,177.64,309.47,93.53,117.04,150.74,35.85,2.07,50.44,200.41,4.5,14.62,,319.0,Very Poor,2016-02-24,Very Poor,284.14285714285717
Delhi,2016-02-25,131.69,232.45,53.41,81.93,121.16,36.07,1.6,21.19,97.56,5.66,15.91,,315.0,Very Poor,2016-02-25,Very Poor,284.85714285714283
Delhi,2016-02-26,129.66,236.27,50.39,76.82,101.86,27.19,1.63,21.44,115.84,2.56,8.82,,293.0,Poor,2016-02-26,Poor,274.42857142857144
Delhi,2016-02-27,144.98,245.96,63.25,86.59,102.02,36.93,1.78,24.43,117.3,3.51,10.6,,342.0,Very Poor,2016-02-27,Very Poor,274.0
Delhi,2016-02-28,163.92,263.73,84.62,76.43,114.7,41.99,1.98,21.63,130.99,3.71,11.29,,338.0,Very Poor,2016-02-28,Very Poor,289.7142857142857
Delhi,2016-02-29,170.12,255.34,85.99,76.4,134.66,49.77,1.99,17.63,137.57,5.5,17.45,,344.0,Very Poor,2016-02-29,Very Poor,308.42857142857144
Delhi,2016-03-01,213.62,299.88,113.63,102.02,151.93,51.11,2.43,25.49,138.3,10.49,34.16,,370.0,Very Poor,2016-03-01,Very Poor,331.57142857142856
Delhi,2016-03-02,175.63,244.58,123.21,102.23,181.1,41.75,1.94,25.53,157.07,6.27,24.07,,365.0,Very Poor,2016-03-02,Very Poor,338.14285714285717
Delhi,2016-03-03,165.22,264.31,116.23,100.71,182.37,48.37,2.61,33.45,113.89,10.66,37.95,,348.0,Very Poor,2016-03-03,Very Poor,342.85714285714283
Delhi,2016-03-04,115.55,201.71,28.05,60.47,79.02,39.42,1.36,16.6,103.88,3.87,10.79,,312.0,Very Poor,2016-03-04,Very Poor,345.57142857142856
Delhi,2016-03-05,53.0,129.37,9.63,48.15,48.15,31.6,0.73,19.05,84.88,1.82,4.78,,214.0,Poor,2016-03-05,Poor,327.2857142857143
Delhi,2016-03-06,47.43,60.61,17.03,55.78,61.54,44.64,0.86,15.1,81.26,2.32,5.23,,165.0,Moderate,2016-03-06,Moderate,302.57142857142856
Delhi,2016-03-07,98.61,167.78,33.11,54.69,84.84,54.88,1.28,20.44,82.97,6.69,12.43,,218.0,Poor,2016-03-07,Poor,284.57142857142856
Delhi,2016-03-08,84.42,134.81,19.94,43.9,61.04,40.96,1.07,26.24,61.83,4.16,8.24,,230.0,Poor,2016-03-08,Poor,264.57142857142856
Delhi,2016-03-09,109.16,164.84,35.5,49.75,76.08,35.16,1.16,31.56,66.4,4.96,10.61,,248.0,Poor,2016-03-09,Poor,247.85714285714286
Delhi,2016-03-10,129.9,240.67,54.54,60.19,100.31,37.73,1.57,26.69,92.04,7.33,15.62,,276.0,Poor,2016-03-10,Poor,237.57142857142858
Delhi,2016-03-11,85.76,204.96,38.38,30.44,48.08,28.85,1.69,9.58,36.99,3.31,11.5,,213.0,Poor,2016-03-11,Poor,223.42857142857142
Delhi,2016-03-12,60.17,163.02,8.84,15.89,19.14,,2.0,8.04,31.91,1.52,4.28,,127.0,Moderate,2016-03-12,Moderate,211.0
Delhi,2016-03-13,58.95,121.08,4.1,10.63,15.13,,1.43,7.25,66.25,1.03,2.48,,112.0,Moderate,2016-03-13,Moderate,203.42857142857142
Delhi,2016-03-14,51.82,79.14,23.42,38.11,46.02,23.58,1.22,18.53,55.08,1.75,6.96,,111.0,Moderate,2016-03-14,Moderate,188.14285714285714
Delhi,2016-03-15,81.32,162.38,71.57,34.54,75.09,26.0,1.74,20.36,77.88,3.24,11.97,,193.0,Moderate,2016-03-15,Moderate,182.85714285714286
Delhi,2016-03-16,67.63,152.46,21.36,36.61,53.44,29.89,1.14,17.04,48.58,3.62,7.91,,123.0,Moderate,2016-03-16,Moderate,165.0
Delhi,2016-03-17,70.86,137.98,22.03,65.89,78.38,31.57,1.12,21.48,73.05,4.97,11.2,,194.0,Moderate,2016-03-17,Moderate,153.28571428571428
Delhi,2016-03-18,72.47,133.3,24.06,64.64,69.35,30.43,1.24,27.7,70.45,1.92,5.0,,186.0,Moderate,2016-03-18,Moderate,149.42857142857142
Delhi,2016-03-19,103.73,194.95,67.6,77.89,131.48,38.99,2.2,30.74,56.49,3.3,10.69,,242.0,Poor,2016-03-19,Poor,165.85714285714286
Delhi,2016-03-20,95.52,167.64,55.13,57.84,99.81,52.94,1.56,20.52,97.74,4.21,13.34,,267.0,Poor,2016-03-20,Poor,188.0
Delhi,2016-03-21,58.4,129.21,12.64,36.37,45.3,33.75,1.14,15.98,65.16,3.13,6.75,,207.0,Poor,2016-03-21,Poor,201.71428571428572
Delhi,2016-03-22,47.43,139.62,5.98,31.12,32.05,21.64,0.96,13.54,70.69,2.41,4.66,,176.0,Moderate,2016-03-22,Moderate,199.28571428571428
Delhi,2016-03-23,80.01,148.1,34.57,50.45,67.93,27.0,1.29,22.15,84.89,3.3,6.61,,189.0,Moderate,2016-03-23,Moderate,208.71428571428572
Delhi,2016-03-24,156.01,228.19,85.62,88.44,138.71,39.36,2.18,24.44,169.36,4.06,10.5,,341.0,Very Poor,2016-03-24,Very Poor,229.71428571428572
Delhi,2016-03-25,137.99,217.03,47.16,85.91,112.34,44.01,2.1,32.84,142.38,4.46,10.03,,325.0,Very Poor,2016-03-25,Very Poor,249.57142857142858
Delhi,2016-03-26,72.44,122.24,12.75,42.51,48.36,37.72,1.1,23.86,66.2,2.52,6.11,,259.0,Poor,2016-03-26,Poor,252.0
Delhi,2016-03-27,61.75,54.0,6.56,37.18,36.21,28.36,0.74,18.09,66.87,1.6,3.56,,178.0,Moderate,2016-03-27,Moderate,239.28571428571428
Delhi,2016-03-28,81.46,110.31,21.37,53.01,67.76,27.83,1.04,25.75,77.27,3.49,7.83,,219.0,Poor,2016-03-28,Poor,241.0
Delhi,2016-03-29,89.75,156.89,18.61,48.72,62.06,29.91,1.28,42.34,67.87,4.29,8.11,,206.0,Poor,2016-03-29,Poor,245.28571428571428
Delhi,2016-03-30,88.68,163.7,28.13,46.74,64.38,27.39,1.35,36.91,47.01,4.1,8.45,,221.0,Poor,2016-03-30,Poor,249.85714285714286
Delhi,2016-03-31,127.86,218.3,93.5,61.21,117.28,34.59,2.2,19.64,62.15,3.73,11.76,,298.0,Poor,2016-03-31,Poor,243.71428571428572
Delhi,2016-04-01,130.7,218.14666666666668,5.58,15.89,20.05,,1.39,12.78,29.69,2.3,5.74,,316.0,Very Poor,2016-04-01,Very Poor,242.42857142857142
Delhi,2016-04-02,118.44,217.99333333333334,16.79,18.29,30.66,,1.88,16.35,29.38,4.26,9.87,,294.0,Poor,2016-04-02,Poor,247.42857142857142
Delhi,2016-04-03,148.22,217.84,63.75,44.98,91.09,62.22,1.68,27.44,69.66,6.9,17.57,,314.0,Very Poor,2016-04-03,Very Poor,266.85714285714283
Delhi,2016-04-04,132.86,377.61,54.82,31.55,70.95,59.55,1.51,20.54,63.44,8.27,15.68,,334.0,Very Poor,2016-04-04,Very Poor,283.2857142857143
Delhi,2016-04-05,97.83,174.11,7.16,20.15,26.39,24.26,1.38,18.86,28.8,3.23,6.9,,261.0,Poor,2016-04-05,Poor,291.14285714285717
Delhi,2016-04-06,91.82,202.91,24.61,52.54,64.76,32.31,1.4,31.06,37.04,4.94,17.96,,208.0,Poor,2016-04-06,Poor,289.2857142857143
Delhi,2016-04-07,129.61,329.68,54.59,58.6,98.07,48.67,1.22,35.57,32.33,8.56,23.17,,289.0,Poor,2016-04-07,Poor,288.0
Delhi,2016-04-08,89.78,193.14,24.3,53.55,75.27,31.01,1.52,48.86,34.75,7.42,18.35,,216.0,Poor,2016-04-08,Poor,273.7142857142857
Delhi,2016-04-09,166.76,272.67,65.1,63.03,122.4,35.12,1.51,46.97,47.93,12.58,21.16,,314.0,Very Poor,2016-04-09,Very Poor,276.57142857142856
Delhi,2016-04-10,107.81,154.18,35.14,47.95,82.5,33.72,1.77,35.24,31.6,6.63,12.59,,262.0,Poor,2016-04-10,Poor,269.14285714285717
Delhi,2016-04-11,81.12,246.86,13.25,36.5,47.89,31.62,0.72,22.66,61.02,4.87,8.42,,257.0,Poor,2016-04-11,Poor,258.14285714285717
Delhi,2016-04-12,74.03,201.81,13.94,35.44,48.38,23.32,0.71,17.85,58.47,3.54,6.19,,235.0,Poor,2016-04-12,Poor,254.42857142857142
Delhi,2016-04-13,74.9,247.61,25.64,46.29,70.06,22.7,1.11,25.16,58.74,3.5,6.9,,239.0,Poor,2016-04-13,Poor,258.85714285714283
Delhi,2016-04-14,94.81,220.48,39.07,58.81,78.15,22.82,1.32,26.21,75.75,4.53,9.5,,239.0,Poor,2016-04-14,Poor,251.71428571428572
Delhi,2016-04-15,137.48,285.18,88.96,76.2,133.09,34.25,1.98,37.57,85.91,7.75,19.19,,302.0,Very Poor,2016-04-15,Very Poor,264.0
Delhi,2016-04-16,124.13,284.1,36.76,37.49,54.07,17.79,1.88,14.84,35.97,3.55,10.0,,296.0,Poor,2016-04-16,Poor,261.42857142857144
Delhi,2016-04-17,102.86,283.02,30.63,42.35,61.61,21.22,1.04,13.34,66.77,2.91,7.11,,247.0,Poor,2016-04-17,Poor,259.2857142857143
Delhi,2016-04-18,102.9,219.17,33.28,49.32,78.86,28.33,0.98,22.15,81.29,4.76,9.28,,265.0,Poor,2016-04-18,Poor,260.42857142857144
Delhi,2016-04-19,129.06,311.93,35.74,63.21,99.16,28.32,1.52,35.73,98.35,6.73,17.39,,301.0,Very Poor,2016-04-19,Very Poor,269.85714285714283
Delhi,2016-04-20,124.8,283.05,22.33,48.65,66.43,25.14,1.09,29.16,97.22,5.51,9.32,,322.0,Very Poor,2016-04-20,Very Poor,281.7142857142857
Delhi,2016-04-21,92.74,265.56,13.43,42.87,50.67,20.52,0.88,19.87,103.07,2.82,5.38,,291.0,Poor,2016-04-21,Poor,289.14285714285717
Delhi,2016-04-22,113.75,208.42,9.87,44.8,46.72,20.0,0.93,25.63,110.09,1.91,4.27,,292.0,Poor,2016-04-22,Poor,287.7142857142857
Delhi,2016-04-23,89.52,171.92,18.15,50.78,56.56,20.6,1.51,25.65,87.26,1.88,4.73,,258.0,Poor,2016-04-23,Poor,282.2857142857143
Delhi,2016-04-24,123.59,219.3,57.65,69.92,102.52,22.0,1.7,40.96,87.66,3.33,9.01,,282.0,Poor,2016-04-24,Poor,287.2857142857143
Delhi,2016-04-25,104.5,213.36,31.14,70.04,91.82,23.14,1.47,39.91,87.38,3.17,10.97,,271.0,Poor,2016-04-25,Poor,288.14285714285717
Delhi,2016-04-26,139.37,306.08,71.92,97.93,118.98,29.38,2.08,38.53,86.82,5.89,17.43,,314.0,Very Poor,2016-04-26,Very Poor,290.0
Delhi,2016-04-27,162.54,379.7,154.33,108.53,168.05,39.52,2.7,33.53,87.74,9.46,31.19,,377.0,Very Poor,2016-04-27,Very Poor,297.85714285714283
Delhi,2016-04-28,161.23,354.17,72.12,80.4,126.06,37.83,2.08,35.7,117.59,6.68,18.75,,390.0,Very Poor,2016-04-28,Very Poor,312.0
Delhi,2016-04-29,181.49,383.05,62.82,88.26,117.82,32.04,2.14,38.0,56.3,5.69,13.15,,392.0,Very Poor,2016-04-29,Very Poor,326.2857142857143
Delhi,2016-04-30,142.64,358.425,30.09,51.53,56.14,16.95,1.82,13.83,59.71,3.38,9.22,,342.0,Very Poor,2016-04-30,Very Poor,338.2857142857143
Delhi,2016-05-01,124.21,333.8,52.27,52.3,74.64,17.35,1.9,10.98,74.25,4.16,11.72,,297.0,Poor,2016-05-01,Poor,340.42857142857144
Delhi,2016-05-02,119.47,309.175,21.08,41.26,43.36,13.81,1.49,10.0,70.42,2.77,7.29,,275.0,Poor,2016-05-02,Poor,341.0
Delhi,2016-05-03,125.36,284.55,10.0,59.73,52.11,31.89,1.49,21.42,101.53,3.23,8.74,,281.0,Poor,2016-05-03,Poor,336.2857142857143
Delhi,2016-05-04,103.08,297.94,18.52,61.77,72.09,49.53,1.44,26.13,91.18,4.3,12.28,,309.0,Very Poor,2016-05-04,Very Poor,326.57142857142856
Delhi,2016-05-05,65.02,173.86,11.94,46.27,53.02,44.78,1.14,18.35,79.9,2.75,11.56,,262.0,Poor,2016-05-05,Poor,308.2857142857143
Delhi,2016-05-06,54.34,136.92,21.0,55.07,71.12,35.93,1.12,20.23,65.26,4.02,12.46,,194.0,Moderate,2016-05-06,Moderate,280.0
Delhi,2016-05-07,77.89,193.14,15.3,66.68,70.75,39.63,0.98,20.15,75.61,4.69,10.97,,229.0,Poor,2016-05-07,Poor,263.85714285714283
Delhi,2016-05-08,90.19,208.75,7.73,64.2,59.4,45.99,1.1,25.25,81.61,4.6,10.54,,246.0,Poor,2016-05-08,Poor,256.57142857142856
Delhi,2016-05-09,77.34,168.66,3.71,48.67,43.92,51.11,1.04,18.97,79.06,3.04,6.31,,225.0,Poor,2016-05-09,Poor,249.42857142857142
Delhi,2016-05-10,73.55,174.94,5.87,57.52,54.56,43.66,1.05,22.26,68.57,3.71,14.27,,221.0,Poor,2016-05-10,Poor,240.85714285714286
Delhi,2016-05-11,66.49,112.6,6.74,52.3,50.94,53.04,0.98,16.32,61.02,2.99,12.34,,185.0,Moderate,2016-05-11,Moderate,223.14285714285714
Delhi,2016-05-12,100.09,207.98,14.69,64.25,67.9,66.64,1.34,17.95,76.43,4.2,14.3,,218.0,Poor,2016-05-12,Poor,216.85714285714286
Delhi,2016-05-13,99.88,250.51,37.0,60.29,80.62,56.26,1.1,16.54,95.52,5.83,18.17,,310.0,Very Poor,2016-05-13,Very Poor,233.42857142857142
Delhi,2016-05-14,105.51,292.64,46.21,67.71,78.61,52.87,1.44,20.49,86.22,6.12,19.79,,307.0,Very Poor,2016-05-14,Very Poor,244.57142857142858
Delhi,2016-05-15,128.85,379.8,50.68,57.06,64.22,46.77,1.83,18.7,56.63,6.57,17.73,,325.0,Very Poor,2016-05-15,Very Poor,255.85714285714286
Delhi,2016-05-16,94.89,247.95,37.68,58.46,85.72,31.0,1.12,21.19,62.4,4.32,10.12,,316.0,Very Poor,2016-05-16,Very Poor,268.85714285714283
Delhi,2016-05-17,92.95,249.27,32.62,62.4,98.0,29.12,1.19,27.34,89.66,4.72,9.81,,302.0,Very Poor,2016-05-17,Very Poor,280.42857142857144
Delhi,2016-05-18,117.64,266.72,52.8,80.57,118.39,26.39,1.76,31.96,105.42,5.44,13.84,,318.0,Very Poor,2016-05-18,Very Poor,299.42857142857144
Delhi,2016-05-19,94.22,219.01,11.17,67.73,74.26,43.64,1.86,27.98,85.76,3.74,9.37,,300.0,Poor,2016-05-19,Poor,311.14285714285717
Delhi,2016-05-20,70.86,186.97,7.21,52.02,55.3,57.83,1.07,12.82,77.8,2.58,8.41,,246.0,Poor,2016-05-20,Poor,302.0
Delhi,2016-05-21,78.02,233.72,4.48,48.23,45.61,55.28,0.96,13.08,107.9,1.88,4.19,,255.0,Poor,2016-05-21,Poor,294.57142857142856
Delhi,2016-05-22,66.3,149.31,4.99,53.42,50.1,46.09,0.99,15.3,101.65,1.16,2.82,,218.0,Poor,2016-05-22,Poor,279.2857142857143
Delhi,2016-05-23,87.31,163.9,5.25,45.86,47.55,40.22,0.79,16.69,93.48,0.87,2.5,,252.0,Poor,2016-05-23,Poor,270.14285714285717
Delhi,2016-05-24,57.35,103.26,12.6,43.57,53.77,36.69,0.89,13.46,75.38,0.99,3.18,,190.0,Moderate,2016-05-24,Moderate,254.14285714285714
Delhi,2016-05-25,105.02,240.52,14.64,50.77,61.13,48.53,1.48,13.98,126.55,1.86,5.87,,256.0,Poor,2016-05-25,Poor,245.28571428571428
Delhi,2016-05-26,111.22,293.73,22.75,48.12,58.91,42.29,1.06,11.79,160.06,1.57,5.7,,311.0,Very Poor,2016-05-26,Very Poor,246.85714285714286
Delhi,2016-05-27,180.71,379.29,25.71,50.38,65.02,43.19,1.29,13.73,169.35,2.65,8.03,,381.0,Very Poor,2016-05-27,Very Poor,266.14285714285717
Delhi,2016-05-28,109.82,314.0,8.63,34.37,35.37,29.71,0.96,15.48,120.76,1.62,8.72,,409.0,Severe,2016-05-28,Severe,288.14285714285717
Delhi,2016-05-29,42.67,169.36,3.57,35.71,22.06,30.46,0.87,10.6,101.26,0.66,1.44,,269.0,Poor,2016-05-29,Poor,295.42857142857144
Delhi,2016-05-30,56.87,101.24,21.03,50.18,64.65,39.34,1.39,11.3,73.43,2.4,9.91,,187.0,Moderate,2016-05-30,Moderate,286.14285714285717
Delhi,2016-05-31,101.54,214.14,31.68,49.41,78.79,47.17,1.29,9.15,83.4,4.76,18.77,,225.0,Poor,2016-05-31,Poor,291.14285714285717
Delhi,2016-06-01,76.56,251.87,17.71,44.55,57.7,37.91,1.04,13.11,86.34,4.57,10.9,,283.0,Poor,2016-06-01,Poor,295.0
Delhi,2016-06-02,81.4,298.5,26.72,49.88,73.71,37.86,1.3,13.87,94.77,4.72,10.98,,316.0,Very Poor,2016-06-02,Very Poor,295.7142857142857
Delhi,2016-06-03,138.97,296.64,53.59,74.99,108.21,44.94,1.7,21.41,129.18,8.08,24.79,,361.0,Very Poor,2016-06-03,Very Poor,292.85714285714283
Delhi,2016-06-04,137.81,274.63,26.48,75.26,92.33,47.59,1.48,15.4,115.31,5.88,20.24,,330.0,Very Poor,2016-06-04,Very Poor,281.57142857142856
Delhi,2016-06-05,77.72,166.28,4.05,36.69,33.03,51.64,0.99,11.7,78.8,2.31,10.45,,256.0,Poor,2016-06-05,Poor,279.7142857142857
Delhi,2016-06-06,84.61,208.17,8.11,45.47,45.71,35.52,1.48,14.68,100.24,2.73,12.57,,237.0,Poor,2016-06-06,Poor,286.85714285714283
Delhi,2016-06-07,66.72,152.18,8.77,45.5,52.2,33.33,1.77,15.9,82.33,3.28,16.6,,246.0,Poor,2016-06-07,Poor,289.85714285714283
Delhi,2016-06-08,64.08,143.88,7.96,57.31,61.05,32.67,1.45,19.95,79.75,4.35,16.88,,202.0,Poor,2016-06-08,Poor,278.2857142857143
Delhi,2016-06-09,64.95,187.69,15.09,49.67,63.99,35.28,1.75,15.09,84.94,4.18,13.88,,209.0,Poor,2016-06-09,Poor,263.0
Delhi,2016-06-10,75.75,239.74,20.49,51.75,71.2,30.18,3.84,18.14,92.8,4.58,15.79,,262.0,Poor,2016-06-10,Poor,248.85714285714286
Delhi,2016-06-11,69.25,225.52,15.79,38.84,53.11,37.83,3.61,9.83,68.93,4.66,13.22,,280.0,Poor,2016-06-11,Poor,241.71428571428572
Delhi,2016-06-12,70.71,272.34,19.62,40.04,59.25,33.33,2.59,9.78,70.91,3.45,10.63,,279.0,Poor,2016-06-12,Poor,245.0
Delhi,2016-06-13,96.72,332.91,20.53,34.52,56.84,34.24,3.24,10.14,98.09,4.68,8.25,,357.0,Very Poor,2016-06-13,Very Poor,262.14285714285717
Delhi,2016-06-14,59.02,197.51,27.2,38.55,68.18,38.65,3.44,8.29,57.42,6.15,9.97,,266.0,Poor,2016-06-14,Poor,265.0
Delhi,2016-06-15,102.42,330.36,18.12,37.74,55.24,42.47,1.59,11.23,65.24,4.53,17.16,,330.0,Very Poor,2016-06-15,Very Poor,283.2857142857143
Delhi,2016-06-16,62.37,109.42,7.69,30.44,32.88,34.5,2.49,9.89,56.97,2.66,9.95,,248.0,Poor,2016-06-16,Poor,288.85714285714283
Delhi,2016-06-17,67.76,120.06,16.21,41.27,52.49,32.53,1.87,10.43,59.25,2.66,10.79,,172.0,Moderate,2016-06-17,Moderate,276.0
Delhi,2016-06-18,79.17,142.57,7.3,33.98,35.75,33.32,1.94,8.64,68.32,2.64,9.0,,234.0,Poor,2016-06-18,Poor,269.42857142857144
Delhi,2016-06-19,101.31,101.54,7.47,32.55,34.9,34.93,2.64,9.51,56.24,2.99,6.88,,201.0,Poor,2016-06-19,Poor,258.2857142857143
Delhi,2016-06-20,83.1,84.18,11.99,40.24,47.72,34.93,2.11,11.24,52.76,3.21,9.95,,206.0,Poor,2016-06-20,Poor,236.71428571428572
Delhi,2016-06-21,72.33,54.85,6.49,32.04,32.95,35.69,2.49,10.54,43.4,2.81,6.77,,159.0,Moderate,2016-06-21,Moderate,221.42857142857142
Delhi,2016-06-22,75.14,99.89,9.12,31.89,37.74,31.53,3.73,7.88,51.74,3.39,9.43,,187.0,Moderate,2016-06-22,Moderate,201.0
Delhi,2016-06-23,91.63,98.88,10.88,37.7,44.63,28.31,2.11,8.34,55.92,3.55,10.1,,228.0,Poor,2016-06-23,Poor,198.14285714285714
Delhi,2016-06-24,100.02,331.1,15.97,45.29,60.69,33.1,2.02,9.03,101.3,3.84,12.19,,284.0,Poor,2016-06-24,Poor,214.14285714285714
Delhi,2016-06-25,67.12,175.26,4.67,50.91,51.52,43.4,1.09,10.87,79.26,2.77,10.31,,310.0,Very Poor,2016-06-25,Very Poor,225.0
Delhi,2016-06-26,48.0,86.63,4.54,40.57,42.04,39.05,0.85,8.71,58.37,2.99,9.68,,158.0,Moderate,2016-06-26,Moderate,218.85714285714286
Delhi,2016-06-27,76.76,112.46,5.66,37.28,37.28,39.39,1.71,7.63,51.76,2.29,9.34,,154.0,Moderate,2016-06-27,Moderate,211.42857142857142
Delhi,2016-06-28,80.89,96.05,12.43,40.07,49.02,35.05,3.0,9.77,55.61,2.91,14.57,,187.0,Moderate,2016-06-28,Moderate,215.42857142857142
Delhi,2016-06-29,60.67,68.43,7.96,37.01,39.52,33.03,2.08,10.22,44.44,2.51,9.39,,180.0,Moderate,2016-06-29,Moderate,214.42857142857142
Delhi,2016-06-30,69.65,103.25,9.49,34.17,39.9,31.42,2.39,9.43,51.31,2.96,9.9,,190.0,Moderate,2016-06-30,Moderate,209.0
Delhi,2016-07-01,58.21,113.1,12.65,29.28,40.04,42.08,2.23,7.97,37.35,3.0,8.64,,164.0,Moderate,2016-07-01,Moderate,191.85714285714286
Delhi,2016-07-02,57.24,96.62,15.31,33.9,48.12,36.91,2.93,7.81,40.49,3.18,12.52,,148.0,Moderate,2016-07-02,Moderate,168.71428571428572
Delhi,2016-07-03,67.6,95.26,10.6,36.79,41.59,35.43,2.78,8.77,48.9,2.96,13.77,,154.0,Moderate,2016-07-03,Moderate,168.14285714285714
Delhi,2016-07-04,57.1,75.83,14.67,37.93,50.05,35.38,1.72,8.88,52.3,2.79,9.43,,160.0,Moderate,2016-07-04,Moderate,169.0
Delhi,2016-07-05,68.71,162.2,21.67,47.24,67.91,42.46,2.22,8.51,55.57,3.29,11.92,,165.0,Moderate,2016-07-05,Moderate,165.85714285714286
Delhi,2016-07-06,77.71,143.29,11.31,34.78,43.72,52.72,2.64,7.6,57.81,3.05,8.64,,210.0,Poor,2016-07-06,Poor,170.14285714285714
Delhi,2016-07-07,54.5,80.82,6.51,27.69,29.77,37.18,2.18,8.73,42.67,2.53,6.88,,158.0,Moderate,2016-07-07,Moderate,165.57142857142858
Delhi,2016-07-08,54.96,98.86,14.06,42.07,51.85,40.9,1.58,8.38,45.55,3.06,10.18,,172.0,Moderate,2016-07-08,Moderate,166.71428571428572
Delhi,2016-07-09,52.95,87.81,13.01,30.77,41.97,40.31,1.96,7.73,45.1,2.59,9.41,,151.0,Moderate,2016-07-09,Moderate,167.14285714285714
Delhi,2016-07-10,59.13,86.18,12.96,35.91,46.19,37.92,1.72,7.94,43.24,2.95,10.42,,143.0,Moderate,2016-07-10,Moderate,165.57142857142858
Delhi,2016-07-11,60.92,74.51,13.86,33.57,45.91,38.15,1.08,7.74,42.22,3.58,8.87,,156.0,Moderate,2016-07-11,Moderate,165.0
Delhi,2016-07-12,39.32,57.16,24.89,32.55,58.24,33.66,2.36,9.06,43.95,3.21,18.14,,108.0,Moderate,2016-07-12,Moderate,156.85714285714286
Delhi,2016-07-13,71.53,79.1,29.55,31.96,57.77,43.92,1.82,8.23,50.01,3.75,17.84,,163.0,Moderate,2016-07-13,Moderate,150.14285714285714
Delhi,2016-07-14,73.51,56.29,31.24,29.7,54.28,61.03,5.0,7.39,47.3,3.87,13.39,,247.0,Poor,2016-07-14,Poor,162.85714285714286
Delhi,2016-07-15,52.88,88.23,24.44,29.17,46.93,38.79,4.65,6.58,36.35,2.84,8.34,,123.0,Moderate,2016-07-15,Moderate,155.85714285714286
Delhi,2016-07-16,50.99,44.48,14.85,22.38,37.7,40.89,1.21,7.18,33.31,3.47,5.86,,106.0,Moderate,2016-07-16,Moderate,149.42857142857142
Delhi,2016-07-17,75.93,38.59,14.17,15.75,29.63,33.83,2.48,7.0,28.11,3.43,5.89,,202.0,Poor,2016-07-17,Poor,157.85714285714286
Delhi,2016-07-18,44.08,77.07,24.72,32.85,54.62,51.53,1.47,7.31,36.73,4.26,10.89,,120.0,Moderate,2016-07-18,Moderate,152.71428571428572
Delhi,2016-07-19,42.14,166.27,20.73,31.4,48.11,55.76,1.31,6.78,44.7,4.26,9.89,,135.0,Moderate,2016-07-19,Moderate,156.57142857142858
Delhi,2016-07-20,56.86,203.09,24.36,34.96,60.14,31.06,1.16,9.36,61.07,2.37,7.57,,245.0,Poor,2016-07-20,Poor,168.28571428571428
Delhi,2016-07-21,45.64,240.86,32.54,37.8,79.06,32.92,0.87,7.27,56.3,2.34,6.11,,280.0,Poor,2016-07-21,Poor,173.0
Delhi,2016-07-22,48.36,157.41,20.2,37.42,58.72,37.84,1.14,8.63,64.4,1.91,11.74,,269.0,Poor,2016-07-22,Poor,193.85714285714286
Delhi,2016-07-23,42.09,80.14,8.85,23.88,28.63,35.77,0.84,7.23,51.32,1.96,5.07,,163.0,Moderate,2016-07-23,Moderate,202.0
Delhi,2016-07-25,76.29,163.57,19.52,58.4,73.04,45.77,1.32,7.93,62.62,3.39,12.4,,195.0,Moderate,2016-07-25,Moderate,201.0
Delhi,2016-07-26,54.5,95.08,11.64,40.48,50.72,48.6,1.08,8.2,52.3,2.91,10.16,,163.0,Moderate,2016-07-26,Moderate,207.14285714285714
Delhi,2016-07-27,40.55,58.09,25.41,40.86,65.28,42.48,1.36,10.82,56.73,4.88,14.13,,108.0,Moderate,2016-07-27,Moderate,203.28571428571428
Delhi,2016-07-28,46.44,68.69,27.67,42.81,68.89,40.28,1.34,9.95,72.25,4.81,18.68,,134.0,Moderate,2016-07-28,Moderate,187.42857142857142
Delhi,2016-07-29,56.16,76.89,38.7,44.18,82.68,41.18,1.76,9.87,70.34,5.25,20.12,,155.0,Moderate,2016-07-29,Moderate,169.57142857142858
Delhi,2016-07-30,42.7,50.0,29.68,36.78,68.62,36.4,1.55,8.69,49.28,4.77,16.89,,116.0,Moderate,2016-07-30,Moderate,147.71428571428572
Delhi,2016-07-31,48.03,70.62,23.7,32.5,54.99,37.62,1.29,8.01,85.11,4.25,15.17,,136.0,Moderate,2016-07-31,Moderate,143.85714285714286
Delhi,2016-08-01,43.47,53.42,17.15,29.86,48.93,35.28,1.29,10.33,68.03,3.55,14.22,,150.0,Moderate,2016-08-01,Moderate,137.42857142857142
Delhi,2016-08-02,43.55,55.33,24.58,34.87,56.3,34.99,2.69,8.23,91.54,2.99,19.32,,121.0,Moderate,2016-08-02,Moderate,131.42857142857142
Delhi,2016-08-03,50.86,67.92,23.29,36.14,56.77,32.14,1.35,6.96,92.81,2.01,28.25,,149.0,Moderate,2016-08-03,Moderate,137.28571428571428
Delhi,2016-08-04,49.04,87.48,17.77,35.93,53.75,32.45,0.92,9.03,86.42,2.26,20.91,,178.0,Moderate,2016-08-04,Moderate,143.57142857142858
Delhi,2016-08-05,39.3,78.77,11.79,33.68,42.56,32.81,1.2,9.36,63.17,2.26,12.08,,120.0,Moderate,2016-08-05,Moderate,138.57142857142858
Delhi,2016-08-06,43.86,76.69,23.12,38.29,60.55,32.22,2.13,9.81,68.19,2.28,19.87,,140.0,Moderate,2016-08-06,Moderate,142.0
Delhi,2016-08-07,42.84,75.19,15.7,31.42,42.34,28.89,2.48,10.02,67.17,2.02,14.34,,142.0,Moderate,2016-08-07,Moderate,142.85714285714286
Delhi,2016-08-08,44.04,82.26,16.52,34.27,48.51,29.3,1.37,8.48,73.28,1.93,11.98,,141.0,Moderate,2016-08-08,Moderate,141.57142857142858
Delhi,2016-08-09,41.29,64.76,16.97,29.05,43.48,27.23,2.93,8.02,59.76,1.78,10.33,,125.0,Moderate,2016-08-09,Moderate,142.14285714285714
Delhi,2016-08-10,39.28,54.92,15.91,30.76,43.16,29.55,1.6,9.75,53.53,1.92,11.58,,127.0,Moderate,2016-08-10,Moderate,139.0
Delhi,2016-08-11,30.66,32.79,18.9,29.78,46.0,24.79,2.22,8.37,54.64,1.55,8.33,,119.0,Moderate,2016-08-11,Moderate,130.57142857142858
Delhi,2016-08-12,42.15,84.46,31.69,34.9,66.83,23.83,1.39,8.73,70.12,2.22,11.94,,111.0,Moderate,2016-08-12,Moderate,129.28571428571428
Delhi,2016-08-13,56.45,92.71,30.9,43.49,73.1,31.35,1.53,7.77,68.22,2.92,11.82,,132.0,Moderate,2016-08-13,Moderate,128.14285714285714
Delhi,2016-08-14,40.81,80.14,38.03,42.53,81.71,32.09,1.28,12.53,81.39,2.39,12.1,,149.0,Moderate,2016-08-14,Moderate,129.14285714285714
Delhi,2016-08-15,39.51,185.99,30.79,32.96,65.3,27.89,2.15,8.87,91.79,1.43,4.52,,166.0,Moderate,2016-08-15,Moderate,132.71428571428572
Delhi,2016-08-16,49.04,245.72,25.06,28.74,53.79,26.6,3.78,7.97,83.64,0.9,3.17,,274.0,Poor,2016-08-16,Poor,154.0
Delhi,2016-08-17,62.19,247.59,24.1,36.46,58.74,25.64,0.95,11.16,85.32,2.15,8.31,,295.0,Poor,2016-08-17,Poor,178.0
Delhi,2016-08-18,55.55,132.65,22.7,51.48,65.74,30.91,1.23,9.22,72.82,2.48,11.8,,219.0,Poor,2016-08-18,Poor,192.28571428571428
Delhi,2016-08-19,59.03,153.16,22.45,43.97,62.04,28.14,1.15,8.84,69.54,2.83,15.47,,169.0,Moderate,2016-08-19,Moderate,200.57142857142858
Delhi,2016-08-20,48.57,90.68,10.1,35.84,41.77,26.51,1.59,8.56,59.67,1.48,12.22,,174.0,Moderate,2016-08-20,Moderate,206.57142857142858
Delhi,2016-08-21,28.01,65.58,5.42,27.58,29.64,23.44,3.11,9.02,42.88,1.1,4.52,,111.0,Moderate,2016-08-21,Moderate,201.14285714285714
Delhi,2016-08-22,28.6,78.83,8.46,31.31,33.5,23.44,2.59,7.97,43.07,1.45,6.72,,93.0,Satisfactory,2016-08-22,Satisfactory,190.71428571428572
Delhi,2016-08-23,38.99,85.48,7.8,39.47,40.84,26.3,1.25,8.06,50.23,3.22,11.41,,107.0,Moderate,2016-08-23,Moderate,166.85714285714286
Delhi,2016-08-24,43.35,73.22,11.04,32.04,37.18,22.95,1.17,10.86,48.2,3.11,12.66,,127.0,Moderate,2016-08-24,Moderate,142.85714285714286
Delhi,2016-08-25,45.88,118.92,28.83,35.41,56.77,30.36,0.99,8.23,32.24,8.35,14.36,,93.0,Satisfactory,2016-08-25,Satisfactory,124.85714285714286
Delhi,2016-08-26,54.13,125.44,44.27,35.61,79.24,39.87,1.0,9.57,41.9,7.06,23.65,,142.0,Moderate,2016-08-26,Moderate,121.0
Delhi,2016-08-27,56.56,147.82,7.36,20.84,20.11,,0.36,7.91,26.55,7.29,16.03,,93.0,Satisfactory,2016-08-27,Satisfactory,109.42857142857143
Delhi,2016-08-28,57.09,170.2,12.69,28.7,38.71,31.55,1.67,7.04,27.7,4.97,13.2,,224.0,Poor,2016-08-28,Poor,125.57142857142857
Delhi,2016-08-29,54.73,189.12,19.0,37.48,52.4,29.89,1.1,8.92,40.47,5.01,17.09,,169.0,Moderate,2016-08-29,Moderate,136.42857142857142
Delhi,2016-08-30,48.93,89.57,17.92,42.73,53.37,29.36,1.12,9.22,41.9,4.12,18.54,,110.0,Moderate,2016-08-30,Moderate,136.85714285714286
Delhi,2016-08-31,37.1,60.16,21.97,41.82,59.5,28.42,2.07,8.72,41.57,2.64,16.6,,100.0,Satisfactory,2016-08-31,Satisfactory,133.0
Delhi,2016-09-01,28.06,47.47,32.06,51.78,87.95,23.08,1.22,9.47,54.7,2.55,13.23,,109.0,Moderate,2016-09-01,Moderate,135.28571428571428
Delhi,2016-09-02,44.31,111.18,35.83,41.71,84.99,26.32,0.98,9.37,64.8,2.63,10.27,,154.0,Moderate,2016-09-02,Moderate,137.0
Delhi,2016-09-03,46.77,208.01,30.88,40.85,76.16,23.2,0.91,10.09,68.7,2.73,10.03,,216.0,Poor,2016-09-03,Poor,154.57142857142858
Delhi,2016-09-04,57.64,269.42,32.6,31.96,68.02,22.02,0.91,9.05,56.8,2.03,6.07,,262.0,Poor,2016-09-04,Poor,160.0
Delhi,2016-09-05,45.37,246.81,35.47,33.42,72.7,19.68,1.17,9.87,57.01,1.42,4.49,,260.0,Poor,2016-09-05,Poor,173.0
Delhi,2016-09-06,50.42,282.23,31.2,34.74,69.03,19.05,2.99,10.61,61.24,1.91,5.54,,329.0,Very Poor,2016-09-06,Very Poor,204.28571428571428
Delhi,2016-09-07,50.73,233.83,30.1,39.21,70.35,18.99,2.16,14.63,75.45,2.19,7.1,,291.0,Poor,2016-09-07,Poor,231.57142857142858
Delhi,2016-09-08,71.72,260.6,31.37,39.69,70.75,20.58,1.41,12.02,63.76,2.31,8.63,,300.0,Poor,2016-09-08,Poor,258.85714285714283
Delhi,2016-09-09,87.99,277.61,34.45,43.67,76.55,21.51,2.39,10.34,49.75,2.63,9.22,,335.0,Very Poor,2016-09-09,Very Poor,284.7142857142857
Delhi,2016-09-10,45.7,190.45,29.83,38.14,63.72,21.07,0.75,10.81,55.82,2.4,9.22,,240.0,Poor,2016-09-10,Poor,288.14285714285717
Delhi,2016-09-11,45.89,164.1,32.14,40.58,67.7,20.4,2.36,10.92,52.36,2.08,6.37,,177.0,Moderate,2016-09-11,Moderate,276.0
Delhi,2016-09-12,49.7,178.47,32.77,39.41,68.85,21.52,2.12,9.59,54.62,1.92,7.5,,178.0,Moderate,2016-09-12,Moderate,264.2857142857143
Delhi,2016-09-13,57.08,184.5,31.66,43.84,75.96,25.79,1.62,10.93,63.46,2.47,13.54,,193.0,Moderate,2016-09-13,Moderate,244.85714285714286
Delhi,2016-09-14,47.36,109.64,20.69,45.6,62.62,23.03,1.25,11.21,64.32,2.19,9.77,,150.0,Moderate,2016-09-14,Moderate,224.71428571428572
Delhi,2016-09-15,79.99,198.81,21.15,54.73,69.82,28.2,1.26,11.6,77.97,3.1,10.98,,215.0,Poor,2016-09-15,Poor,212.57142857142858
Delhi,2016-09-16,67.11,185.86,17.87,57.22,67.78,27.03,0.95,12.39,70.09,2.71,8.79,,233.0,Poor,2016-09-16,Poor,198.0
Delhi,2016-09-17,81.9,207.91,28.14,56.8,83.1,29.48,0.99,12.78,75.84,2.55,8.73,,220.0,Poor,2016-09-17,Poor,195.14285714285714
Delhi,2016-09-18,86.16,185.57,17.63,56.82,67.1,29.26,1.28,10.89,74.51,2.35,8.81,,266.0,Poor,2016-09-18,Poor,207.85714285714286
Delhi,2016-09-19,75.02,143.48,24.51,67.37,74.28,34.17,1.08,14.63,88.62,1.9,5.99,,192.0,Moderate,2016-09-19,Moderate,209.85714285714286
Delhi,2016-09-20,94.23,141.3,38.6,86.2,94.51,28.66,1.3,16.12,134.72,1.26,5.13,,264.0,Poor,2016-09-20,Poor,220.0
Delhi,2016-09-21,89.62,131.06,30.07,70.0,59.15,29.75,0.89,17.12,144.45,0.78,4.81,,284.0,Poor,2016-09-21,Poor,239.14285714285714
Delhi,2016-09-22,32.73,67.29,10.98,44.35,46.71,27.78,0.8,13.44,72.31,0.78,8.97,,150.0,Moderate,2016-09-22,Moderate,229.85714285714286
Delhi,2016-09-23,55.64,125.31,13.63,57.24,64.51,29.48,1.18,13.77,78.31,1.21,8.94,,134.0,Moderate,2016-09-23,Moderate,215.71428571428572
Delhi,2016-09-24,56.46,112.36,19.78,53.66,65.52,30.1,1.03,14.63,67.97,1.34,8.78,,197.0,Moderate,2016-09-24,Moderate,212.42857142857142
Delhi,2016-09-25,56.64,137.48,29.6,55.69,81.12,27.69,1.24,15.5,73.87,1.23,7.19,,175.0,Moderate,2016-09-25,Moderate,199.42857142857142
Delhi,2016-09-26,89.09,194.71,44.43,68.3,105.76,32.26,1.35,15.11,89.95,1.8,11.46,,236.0,Poor,2016-09-26,Poor,205.71428571428572
Delhi,2016-09-27,52.49,109.5,10.51,41.03,46.9,29.98,0.71,13.68,62.19,0.88,5.71,,185.0,Moderate,2016-09-27,Moderate,194.42857142857142
Delhi,2016-09-28,105.43,260.01,17.52,100.66,58.72,40.17,0.49,11.94,113.81,0.81,6.44,,103.0,Moderate,2016-09-28,Moderate,168.57142857142858
Delhi,2016-09-29,101.84,189.62,11.5,63.0,51.96,37.22,0.97,15.28,96.64,1.15,5.75,,289.0,Poor,2016-09-29,Poor,188.42857142857142
Delhi,2016-09-30,84.33,179.81,20.59,65.05,61.77,32.18,1.01,15.0,87.95,1.03,5.39,,224.0,Poor,2016-09-30,Poor,201.28571428571428
Delhi,2016-10-01,117.28,232.03,40.76,73.71,90.15,40.08,1.4,24.55,109.06,1.82,11.99,,312.0,Very Poor,2016-10-01,Very Poor,217.71428571428572
Delhi,2016-10-02,81.87,199.61,30.59,59.82,70.18,35.58,1.13,16.28,75.58,1.46,7.63,,234.0,Poor,2016-10-02,Poor,226.14285714285714
Delhi,2016-10-03,103.12,210.04,26.23,66.31,68.95,43.92,1.09,12.96,97.36,1.34,6.11,,282.0,Poor,2016-10-03,Poor,232.71428571428572
Delhi,2016-10-04,159.8,272.34,33.0,78.18,84.42,50.14,1.3,13.68,123.99,2.18,8.16,,351.0,Very Poor,2016-10-04,Very Poor,256.42857142857144
Delhi,2016-10-05,81.71,150.37,57.77,77.96,108.73,46.47,1.26,14.4,85.94,3.03,12.57,,232.0,Poor,2016-10-05,Poor,274.85714285714283
Delhi,2016-10-06,117.86,229.25,42.23,87.85,98.02,54.59,1.3,15.09,109.08,2.95,10.35,,280.0,Poor,2016-10-06,Poor,273.57142857142856
Delhi,2016-10-07,114.06,274.97,61.5,74.99,105.6,47.26,1.28,14.63,97.13,1.9,6.14,,311.0,Very Poor,2016-10-07,Very Poor,286.0
Delhi,2016-10-08,132.11,317.62,81.06,76.99,126.03,42.99,1.54,14.9,98.7,2.16,6.68,,408.0,Severe,2016-10-08,Severe,299.7142857142857
Delhi,2016-10-09,144.47,317.13,85.77,92.64,134.38,43.55,1.42,17.2,128.17,2.35,12.39,,416.0,Severe,2016-10-09,Severe,325.7142857142857
Delhi,2016-10-10,125.8,290.85,79.04,88.86,126.5,39.72,1.24,17.3,112.52,2.65,11.52,,387.0,Very Poor,2016-10-10,Very Poor,340.7142857142857
Delhi,2016-10-11,134.84,327.75,62.55,83.87,120.1,36.52,1.6,16.52,104.67,2.09,5.34,,408.0,Severe,2016-10-11,Severe,348.85714285714283
Delhi,2016-10-12,114.3,309.88,70.71,83.3,123.85,31.55,1.05,20.1,93.47,2.28,5.67,,405.0,Severe,2016-10-12,Severe,373.57142857142856
Delhi,2016-10-13,86.93,295.1,102.46,81.11,113.0,27.85,0.84,19.17,78.81,2.26,7.16,,371.0,Very Poor,2016-10-13,Very Poor,386.57142857142856
Delhi,2016-10-14,94.83,303.27,90.53,87.15,111.96,29.54,1.31,20.72,87.84,1.9,7.31,,375.0,Very Poor,2016-10-14,Very Poor,395.7142857142857
Delhi,2016-10-15,144.98,368.81,80.18,108.83,104.39,34.74,1.26,22.1,120.33,2.27,8.31,,400.0,Very Poor,2016-10-15,Very Poor,394.57142857142856
Delhi,2016-10-16,132.01,316.53,79.81,89.01,109.33,34.88,1.32,24.72,99.74,1.64,7.21,,430.0,Severe,2016-10-16,Severe,396.57142857142856
Delhi,2016-10-17,149.35,346.31,105.43,94.29,129.43,37.11,2.19,27.27,112.83,2.22,11.14,,425.0,Severe,2016-10-17,Severe,402.0
Delhi,2016-10-18,161.49,352.64,80.88,95.27,118.3,39.9,1.6,22.25,101.0,2.12,9.35,,438.0,Severe,2016-10-18,Severe,406.2857142857143
Delhi,2016-10-19,140.57,339.79,105.08,91.52,85.54,39.26,1.48,24.66,73.0,1.63,6.63,,428.0,Severe,2016-10-19,Severe,409.57142857142856
Delhi,2016-10-20,135.9,361.08,169.53,90.28,98.14,44.98,1.83,24.72,107.03,2.09,7.52,,425.0,Severe,2016-10-20,Severe,417.2857142857143
Delhi,2016-10-21,161.11,477.65,166.64,88.27,107.99,46.41,2.14,26.66,32.06,4.5,10.99,,496.0,Severe,2016-10-21,Severe,434.57142857142856
Delhi,2016-10-22,140.92,442.68,140.89,84.96,115.83,47.03,1.44,20.7,53.5,3.61,9.22,,472.0,Severe,2016-10-22,Severe,444.85714285714283
Delhi,2016-10-23,182.14,372.09,54.87,90.22,85.75,44.08,1.11,19.38,122.74,1.79,5.2,,470.0,Severe,2016-10-23,Severe,450.57142857142856
Delhi,2016-10-24,164.51,367.17,68.9,88.17,99.44,37.79,1.42,21.68,109.22,1.62,5.17,,454.0,Severe,2016-10-24,Severe,454.7142857142857
Delhi,2016-10-25,115.76,290.42,125.4,82.7,107.03,38.89,1.63,23.46,83.78,2.72,10.24,,396.0,Very Poor,2016-10-25,Very Poor,448.7142857142857
Delhi,2016-10-26,209.27,413.49,144.66,111.23,121.37,48.82,1.88,25.0,85.57,4.98,14.6,,413.0,Severe,2016-10-26,Severe,446.57142857142856
Delhi,2016-10-27,296.27,535.53,127.68,120.07,126.63,58.75,1.94,23.95,82.06,8.97,24.05,,558.0,Severe,2016-10-27,Severe,465.57142857142856
Delhi,2016-10-28,318.57,503.0,137.36,119.42,134.89,64.34,1.91,27.89,107.12,10.61,27.31,,570.0,Severe,2016-10-28,Severe,476.14285714285717
Delhi,2016-10-29,350.39,516.59,208.23,162.5,167.24,79.24,2.65,54.38,139.22,13.02,60.08,,554.0,Severe,2016-10-29,Severe,487.85714285714283
Delhi,2016-10-30,355.77,528.41,162.93,112.59,142.64,89.56,2.28,40.23,257.73,10.29,35.64,,522.0,Severe,2016-10-30,Severe,495.2857142857143
Delhi,2016-10-31,434.92,521.21,181.22,113.21,174.25,95.27,2.36,71.56,153.52,9.61,21.68,,520.0,Severe,2016-10-31,Severe,504.7142857142857
Delhi,2016-11-01,394.59,537.51,144.25,120.66,159.5,91.77,2.09,33.34,193.31,9.95,24.21,,550.0,Severe,2016-11-01,Severe,526.7142857142857
Delhi,2016-11-02,537.96,693.21,121.1,149.12,157.33,111.69,2.8,26.66,160.01,11.45,30.13,,593.0,Severe,2016-11-02,Severe,552.4285714285714
Delhi,2016-11-03,482.4,483.99,127.32,148.92,116.45,104.84,2.78,29.4,108.33,11.64,34.69,,625.0,Severe,2016-11-03,Severe,562.0
Delhi,2016-11-04,342.45,475.1,158.66,131.92,69.68,88.02,2.23,25.93,177.07,9.52,33.1,,480.0,Severe,2016-11-04,Severe,549.1428571428571
Delhi,2016-11-05,588.39,763.58,135.71,113.31,90.09,89.1,2.2,22.21,39.05,7.31,16.61,,603.0,Severe,2016-11-05,Severe,556.1428571428571
Delhi,2016-11-06,685.36,708.8,155.53,128.15,97.62,96.22,3.23,22.61,39.21,9.98,27.66,,676.0,Severe,2016-11-06,Severe,578.1428571428571
Delhi,2016-11-07,488.57,527.64,159.5,123.36,94.03,72.81,2.21,23.88,33.33,8.95,23.12,,716.0,Severe,2016-11-07,Severe,606.1428571428571
Delhi,2016-11-08,338.38,471.47,75.56,92.18,54.81,55.65,1.32,21.36,35.0,6.2,11.18,,542.0,Severe,2016-11-08,Severe,605.0
Delhi,2016-11-09,307.08,415.79,111.51,103.26,67.31,58.89,1.38,21.52,33.89,6.99,13.52,,455.0,Severe,2016-11-09,Severe,585.2857142857143
Delhi,2016-11-10,291.71,464.27,124.82,133.98,63.54,73.93,1.61,29.45,42.27,5.66,16.26,,471.0,Severe,2016-11-10,Severe,563.2857142857143
Delhi,2016-11-11,295.88,491.38,139.59,147.03,56.6,88.96,1.62,35.04,50.03,6.49,22.29,,514.0,Severe,2016-11-11,Severe,568.1428571428571
Delhi,2016-11-12,277.67,437.21,145.02,127.18,54.53,81.99,1.49,34.7,43.22,5.22,18.04,,491.0,Severe,2016-11-12,Severe,552.1428571428571
Delhi,2016-11-13,228.16,388.97,158.78,113.74,54.67,67.76,1.24,51.78,66.96,5.0,14.05,,469.0,Severe,2016-11-13,Severe,522.5714285714286
Delhi,2016-11-14,194.2,266.97,177.98,119.58,63.27,49.95,0.91,22.7,63.1,3.09,8.37,,404.0,Severe,2016-11-14,Severe,478.0
Delhi,2016-11-15,236.09,399.5,152.13,116.66,80.86,59.24,1.49,21.98,37.37,6.53,16.84,,379.0,Very Poor,2016-11-15,Very Poor,454.7142857142857
Delhi,2016-11-16,291.98,391.88,131.41,109.65,79.95,53.33,1.34,23.97,35.58,6.64,16.56,,428.0,Severe,2016-11-16,Severe,450.85714285714283
Delhi,2016-11-17,351.47,412.95,69.58,96.23,60.3,41.1,0.73,21.65,37.74,5.08,11.4,,504.0,Severe,2016-11-17,Severe,455.57142857142856
Delhi,2016-11-18,237.21,409.98,92.48,102.95,55.83,43.06,0.87,23.11,37.26,5.05,11.2,,512.0,Severe,2016-11-18,Severe,455.2857142857143
Delhi,2016-11-19,285.71,412.35,112.39,114.11,63.07,55.83,1.16,30.47,48.81,6.3,22.82,,494.0,Severe,2016-11-19,Severe,455.7142857142857
Delhi,2016-11-20,323.74,350.18,120.28,117.17,39.98,80.15,1.52,27.23,53.69,6.63,27.78,,438.0,Severe,2016-11-20,Severe,451.2857142857143
Delhi,2016-11-21,340.61,439.26,165.78,128.85,62.48,81.94,1.6,26.25,50.47,7.12,21.98,,474.0,Severe,2016-11-21,Severe,461.2857142857143
Delhi,2016-11-22,281.76,399.82,127.69,111.52,58.08,63.32,1.55,25.26,32.17,5.53,14.85,,471.0,Severe,2016-11-22,Severe,474.42857142857144
Delhi,2016-11-23,174.56,443.12,103.4,98.73,58.08,48.28,1.24,30.13,38.25,5.12,10.79,,432.0,Severe,2016-11-23,Severe,475.0
Delhi,2016-11-24,216.1,478.72,133.15,109.5,84.1,55.54,1.21,22.29,35.12,5.57,12.74,,397.0,Very Poor,2016-11-24,Very Poor,459.7142857142857
Delhi,2016-11-25,136.21,399.13,32.87,68.9,39.01,28.84,0.41,20.99,40.07,3.18,6.51,,375.0,Very Poor,2016-11-25,Very Poor,440.14285714285717
Delhi,2016-11-26,113.3,325.47,37.55,70.01,43.19,25.22,0.46,23.22,39.94,3.24,6.72,,330.0,Very Poor,2016-11-26,Very Poor,416.7142857142857
Delhi,2016-11-27,128.7,336.16,35.91,71.29,40.84,26.73,0.65,22.68,38.99,3.16,5.83,,347.0,Very Poor,2016-11-27,Very Poor,403.7142857142857
Delhi,2016-11-28,127.5,312.58,90.6,82.99,46.87,28.3,0.91,29.33,36.12,4.29,9.66,,274.0,Poor,2016-11-28,Poor,375.14285714285717
Delhi,2016-11-29,236.58,489.62,158.47,133.28,88.78,64.54,1.75,27.59,40.89,7.42,21.69,,360.0,Very Poor,2016-11-29,Very Poor,359.2857142857143
Delhi,2016-11-30,246.25,437.91,80.12,95.64,54.63,84.51,1.16,20.23,44.16,5.82,15.23,,441.0,Severe,2016-11-30,Severe,360.57142857142856
Delhi,2016-12-01,263.61,473.72,100.79,83.15,59.64,79.35,1.25,19.08,49.44,7.06,22.44,,418.0,Severe,2016-12-01,Severe,363.57142857142856
Delhi,2016-12-02,263.25,422.11,143.08,101.67,79.26,77.5,1.05,20.38,34.89,8.15,18.27,,474.0,Severe,2016-12-02,Severe,377.7142857142857
Delhi,2016-12-03,196.6,432.38,102.23,97.75,54.62,51.11,1.41,23.49,34.86,7.23,16.4,,419.0,Severe,2016-12-03,Severe,390.42857142857144
Delhi,2016-12-04,223.3,426.63,135.19,109.4,54.22,68.69,1.93,22.96,33.98,7.43,18.49,,379.0,Very Poor,2016-12-04,Very Poor,395.0
Delhi,2016-12-05,204.6,417.29,91.66,78.79,39.67,27.41,1.55,23.92,31.6,5.88,12.62,,389.0,Very Poor,2016-12-05,Very Poor,411.42857142857144
Delhi,2016-12-06,293.91,497.31,110.07,96.68,69.09,56.8,1.86,23.11,38.89,9.28,23.99,,402.0,Severe,2016-12-06,Severe,417.42857142857144
Delhi,2016-12-07,283.61,414.27,64.52,81.86,59.67,49.99,1.34,23.69,53.91,8.84,20.43,,472.0,Severe,2016-12-07,Severe,421.85714285714283
Delhi,2016-12-08,238.21,374.88,70.46,72.44,52.25,36.31,1.53,22.2,36.02,7.67,15.66,,422.0,Severe,2016-12-08,Severe,422.42857142857144
Delhi,2016-12-09,295.62,502.98,106.85,71.44,62.21,40.93,1.66,23.47,38.31,7.92,19.77,,443.0,Severe,2016-12-09,Severe,418.0
Delhi,2016-12-10,189.09,249.35,30.67,58.86,29.83,34.4,0.84,20.83,41.6,5.22,9.15,,413.0,Severe,2016-12-10,Severe,417.14285714285717
Delhi,2016-12-11,199.12,294.81,46.99,50.79,27.33,29.59,1.25,22.65,37.83,6.73,14.23,,351.0,Very Poor,2016-12-11,Very Poor,413.14285714285717
Delhi,2016-12-12,210.28,365.65,138.78,76.9,56.19,50.66,2.39,23.52,30.87,8.52,20.42,,418.0,Severe,2016-12-12,Severe,417.2857142857143
Delhi,2016-12-13,209.91,438.88,143.91,76.81,60.13,40.75,1.32,21.71,32.12,8.55,20.95,,413.0,Severe,2016-12-13,Severe,418.85714285714283
Delhi,2016-12-14,154.55,336.29,81.54,66.38,45.44,39.57,0.92,18.5,33.54,7.35,15.83,,379.0,Very Poor,2016-12-14,Very Poor,405.57142857142856
Delhi,2016-12-15,167.64,345.07,67.1,61.53,30.43,32.77,1.06,20.65,34.65,6.85,11.87,,359.0,Very Poor,2016-12-15,Very Poor,396.57142857142856
Delhi,2016-12-16,200.78,443.63,137.47,85.26,53.52,42.38,1.45,23.5,33.68,7.66,17.03,,390.0,Very Poor,2016-12-16,Very Poor,389.0
Delhi,2016-12-17,229.35,450.31,110.1,88.54,45.05,52.64,1.16,21.22,33.35,7.31,15.69,,437.0,Severe,2016-12-17,Severe,392.42857142857144
Delhi,2016-12-18,232.33,433.94,110.14,86.92,62.67,61.3,1.17,21.99,34.3,5.98,12.53,,411.0,Severe,2016-12-18,Severe,401.0
Delhi,2016-12-19,236.24,445.54,87.1,88.02,65.09,61.04,0.92,21.32,31.86,5.95,10.48,,443.0,Severe,2016-12-19,Severe,404.57142857142856
Delhi,2016-12-20,161.92,324.2,34.1,68.35,45.61,45.61,0.61,22.9,34.48,3.64,5.67,,377.0,Very Poor,2016-12-20,Very Poor,399.42857142857144
Delhi,2016-12-21,131.95,291.75,51.31,66.67,44.05,40.01,0.81,22.63,33.78,4.0,6.24,,317.0,Very Poor,2016-12-21,Very Poor,390.57142857142856
Delhi,2016-12-22,187.3,399.43,99.49,82.03,51.92,50.67,1.14,24.9,37.52,5.12,9.98,,349.0,Very Poor,2016-12-22,Very Poor,389.14285714285717
Delhi,2016-12-23,364.15,616.99,149.58,122.88,67.02,90.37,1.92,22.09,45.0,7.55,18.78,,470.0,Severe,2016-12-23,Severe,400.57142857142856
Delhi,2016-12-24,411.8,605.65,93.94,114.03,41.37,99.22,1.65,19.54,41.56,7.38,22.05,,576.0,Severe,2016-12-24,Severe,420.42857142857144
Delhi,2016-12-25,232.41,346.57,30.11,59.88,36.84,61.98,0.7,19.37,38.99,4.04,7.14,,412.0,Severe,2016-12-25,Severe,420.57142857142856
Delhi,2016-12-26,154.26,307.64,61.69,65.49,56.57,51.87,0.66,22.82,36.31,4.36,7.7,,338.0,Very Poor,2016-12-26,Very Poor,405.57142857142856
Delhi,2016-12-27,213.2,395.37,114.55,93.45,56.14,47.88,0.94,24.51,36.9,6.13,11.06,,319.0,Very Poor,2016-12-27,Very Poor,397.2857142857143
Delhi,2016-12-28,273.82,515.41,192.34,129.41,67.59,60.4,1.61,26.1,40.19,7.04,16.43,,455.0,Severe,2016-12-28,Severe,417.0
Delhi,2016-12-29,339.96,535.68,103.69,108.76,33.56,88.44,1.3,21.6,55.09,7.29,18.01,,524.0,Severe,2016-12-29,Severe,442.0
Delhi,2016-12-30,231.1,368.9,30.99,62.46,33.89,54.58,0.96,23.47,43.97,6.93,12.43,,381.0,Very Poor,2016-12-30,Very Poor,429.2857142857143
Delhi,2016-12-31,211.16,353.61,40.62,56.66,44.59,52.53,1.14,23.82,42.84,8.03,17.16,,338.0,Very Poor,2016-12-31,Very Poor,395.2857142857143
Delhi,2017-01-01,191.5,402.31,103.24,66.19,55.29,55.92,1.31,25.13,50.03,8.39,19.94,,332.0,Very Poor,2017-01-01,Very Poor,383.85714285714283
Delhi,2017-01-02,247.79,440.18,221.03,95.55,80.85,66.57,1.47,22.29,47.86,8.96,18.92,,384.0,Very Poor,2017-01-02,Very Poor,390.42857142857144
Delhi,2017-01-03,255.33,390.67,155.29,90.79,53.89,58.97,1.28,25.33,42.9,7.65,13.96,,373.0,Very Poor,2017-01-03,Very Poor,398.14285714285717
Delhi,2017-01-04,248.01,341.15,186.07,91.07,71.88,68.53,1.55,23.11,41.13,7.26,16.51,,439.0,Severe,2017-01-04,Severe,395.85714285714283
Delhi,2017-01-05,215.42,352.83,141.69,87.15,64.41,61.04,1.24,25.15,41.95,5.73,12.89,,318.0,Very Poor,2017-01-05,Very Poor,366.42857142857144
Delhi,2017-01-06,194.12,278.62,67.81,65.86,37.59,58.18,0.9,20.52,44.04,5.01,11.17,,390.0,Very Poor,2017-01-06,Very Poor,367.7142857142857
Delhi,2017-01-07,154.52,170.19,20.42,38.85,20.32,36.9,0.77,22.19,47.75,4.48,7.42,,332.0,Very Poor,2017-01-07,Very Poor,366.85714285714283
Delhi,2017-01-08,136.98,218.67,37.15,52.31,28.25,29.21,0.63,32.22,45.09,3.54,8.22,,283.0,Poor,2017-01-08,Poor,359.85714285714283
Delhi,2017-01-09,141.88,266.86,76.63,64.33,57.96,36.32,0.77,24.76,42.66,5.04,10.38,,300.0,Poor,2017-01-09,Poor,347.85714285714283
Delhi,2017-01-10,108.26,239.51,55.04,59.2,49.05,28.52,0.71,19.1,36.04,3.76,7.49,,305.0,Very Poor,2017-01-10,Very Poor,338.14285714285717
Delhi,2017-01-11,146.04,314.69,65.31,67.72,56.02,31.36,0.79,21.36,29.92,4.36,7.8,,337.0,Very Poor,2017-01-11,Very Poor,323.57142857142856
Delhi,2017-01-12,216.73,423.24,111.19,79.35,75.14,43.41,0.95,20.33,32.17,6.13,11.09,,417.0,Severe,2017-01-12,Severe,337.7142857142857
Delhi,2017-01-13,232.37,426.02,109.5,85.07,71.97,45.76,1.03,24.71,33.09,6.29,12.12,,426.0,Severe,2017-01-13,Severe,342.85714285714283
Delhi,2017-01-14,309.28,318.52,113.37,84.75,49.23,36.49,0.37,11.7,29.53,3.22,7.2,,439.0,Severe,2017-01-14,Severe,358.14285714285717
Delhi,2017-01-15,222.66,281.83,45.03,63.97,33.71,24.33,0.45,17.67,24.93,3.04,6.1,,382.0,Very Poor,2017-01-15,Very Poor,372.2857142857143
Delhi,2017-01-16,188.08,284.88,38.14,60.94,37.11,39.47,0.93,20.6,33.86,3.98,7.94,,397.0,Very Poor,2017-01-16,Very Poor,386.14285714285717
Delhi,2017-01-17,177.67,206.63,39.9,51.44,35.24,33.13,0.63,18.44,36.21,3.79,6.3,,330.0,Very Poor,2017-01-17,Very Poor,389.7142857142857
Delhi,2017-01-18,218.63,268.67,57.03,66.94,38.35,31.97,0.7,20.52,34.21,6.36,13.3,,358.0,Very Poor,2017-01-18,Very Poor,392.7142857142857
Delhi,2017-01-19,227.68,225.03,30.18,55.95,22.56,25.48,0.6,20.86,34.42,5.75,11.47,,376.0,Very Poor,2017-01-19,Very Poor,386.85714285714283
Delhi,2017-01-20,217.55,207.03,43.74,63.7,36.69,31.55,0.6,22.23,39.1,4.8,9.03,,334.0,Very Poor,2017-01-20,Very Poor,373.7142857142857
Delhi,2017-01-21,349.98,226.74,51.87,63.36,30.05,19.27,0.03,17.93,18.33,1.05,1.49,,387.0,Very Poor,2017-01-21,Very Poor,366.2857142857143
Delhi,2017-01-22,286.6,360.04,78.33,63.71,38.59,24.1,0.09,18.75,19.1,1.24,2.6,,446.0,Severe,2017-01-22,Severe,375.42857142857144
Delhi,2017-01-23,189.45,277.25,80.42,67.27,46.06,33.51,0.53,20.61,20.57,3.67,8.67,,379.0,Very Poor,2017-01-23,Very Poor,372.85714285714283
Delhi,2017-01-24,230.94,386.49,122.41,92.12,77.3,56.08,1.3,24.56,37.93,7.11,18.8,,375.0,Very Poor,2017-01-24,Very Poor,379.2857142857143
Delhi,2017-01-25,241.78,370.37,128.62,88.02,51.5,69.27,1.08,23.95,40.58,7.0,21.75,,450.0,Severe,2017-01-25,Severe,392.42857142857144
Delhi,2017-01-26,135.87,166.57,22.6,50.39,27.1,48.42,0.32,22.04,34.78,3.7,8.16,,340.0,Very Poor,2017-01-26,Very Poor,387.2857142857143
Delhi,2017-01-27,74.92,80.21,32.05,42.24,31.15,31.84,0.35,18.11,36.05,2.29,4.47,,203.0,Poor,2017-01-27,Poor,368.57142857142856
Delhi,2017-01-28,109.13,144.49,34.83,45.82,33.52,28.3,0.44,18.1,36.87,3.75,6.52,,236.0,Poor,2017-01-28,Poor,347.0
Delhi,2017-01-29,132.35,171.91,39.04,46.68,34.02,28.3,0.35,18.12,39.39,3.36,5.81,,252.0,Poor,2017-01-29,Poor,319.2857142857143
Delhi,2017-01-30,166.71,276.2,110.02,65.43,57.64,40.53,0.83,20.29,36.47,5.54,10.22,,302.0,Very Poor,2017-01-30,Very Poor,308.2857142857143
Delhi,2017-01-31,214.23,316.16,176.81,82.78,73.16,54.92,0.79,22.81,35.58,6.63,18.38,,358.0,Very Poor,2017-01-31,Very Poor,305.85714285714283
Delhi,2017-02-01,136.02,251.31,97.62,64.08,50.05,46.63,0.9,19.51,34.75,4.32,9.29,,317.0,Very Poor,2017-02-01,Very Poor,286.85714285714283
Delhi,2017-02-02,198.24,410.79,190.34,93.86,67.78,60.67,1.26,18.84,36.78,6.76,15.89,,387.0,Very Poor,2017-02-02,Very Poor,293.57142857142856
Delhi,2017-02-03,194.99,427.02,155.9,88.38,66.62,62.33,1.26,19.98,39.02,5.72,14.11,,438.0,Severe,2017-02-03,Severe,327.14285714285717
Delhi,2017-02-04,186.65,324.14,70.65,62.01,40.48,57.26,0.92,17.04,43.9,4.05,11.24,,407.0,Severe,2017-02-04,Severe,351.57142857142856
Delhi,2017-02-05,146.49,286.46,33.48,49.57,29.4,40.73,0.84,18.3,44.68,2.87,6.0,,312.0,Very Poor,2017-02-05,Very Poor,360.14285714285717
Delhi,2017-02-06,176.04,414.89,87.2,60.62,54.74,46.21,1.03,17.23,35.21,4.0,9.33,,367.0,Very Poor,2017-02-06,Very Poor,369.42857142857144
Delhi,2017-02-07,77.85,218.27,31.01,55.29,34.25,28.73,0.62,16.07,36.12,2.5,5.44,,263.0,Poor,2017-02-07,Poor,355.85714285714283
Delhi,2017-02-08,129.1,325.78,66.7,69.98,54.66,31.42,0.83,17.2,34.28,3.57,7.19,,287.0,Poor,2017-02-08,Poor,351.57142857142856
Delhi,2017-02-09,133.12,303.04,61.19,67.24,53.3,39.7,0.75,20.84,36.78,3.34,7.05,,346.0,Very Poor,2017-02-09,Very Poor,345.7142857142857
Delhi,2017-02-10,120.43,272.12,66.43,62.77,55.46,47.34,0.68,20.09,35.09,3.17,5.86,,314.0,Very Poor,2017-02-10,Very Poor,328.0
Delhi,2017-02-11,129.09,275.18,92.87,58.31,59.11,55.54,0.54,17.55,31.87,2.84,5.56,,314.0,Very Poor,2017-02-11,Very Poor,314.7142857142857
Delhi,2017-02-12,166.55,250.37,97.85,56.97,61.64,95.27,0.38,19.9,31.11,2.2,3.89,,314.0,Very Poor,2017-02-12,Very Poor,315.0
Delhi,2017-02-13,130.62,268.92,81.77,73.3,61.81,51.62,0.79,21.25,36.88,3.71,8.26,,298.0,Poor,2017-02-13,Poor,305.14285714285717
Delhi,2017-02-14,168.96,358.24,65.02,81.51,57.92,50.31,0.87,21.87,35.28,4.04,7.54,,319.0,Very Poor,2017-02-14,Very Poor,313.14285714285717
Delhi,2017-02-15,183.98,386.01,82.12,82.14,64.01,54.38,0.78,21.26,31.92,4.76,8.33,,382.0,Very Poor,2017-02-15,Very Poor,326.7142857142857
Delhi,2017-02-16,163.86,335.5,62.07,78.82,55.79,55.87,0.72,21.02,31.57,3.67,7.68,,352.0,Very Poor,2017-02-16,Very Poor,327.57142857142856
Delhi,2017-02-17,112.02,330.9,50.86,72.55,52.64,53.4,0.71,19.33,32.42,3.42,6.45,,309.0,Very Poor,2017-02-17,Very Poor,326.85714285714283
Delhi,2017-02-18,107.13,352.54,81.6,71.98,57.13,62.34,0.66,19.29,30.24,4.05,7.84,,301.0,Very Poor,2017-02-18,Very Poor,325.0
Delhi,2017-02-19,109.38,364.83,105.3,68.84,64.27,75.4,0.78,18.33,29.1,3.12,6.7,,274.0,Poor,2017-02-19,Poor,319.2857142857143
Delhi,2017-02-20,126.74,406.49,152.15,67.45,82.63,83.01,1.06,23.96,35.07,3.79,11.64,,313.0,Very Poor,2017-02-20,Very Poor,321.42857142857144
Delhi,2017-02-21,106.92,303.47,67.69,60.72,60.22,66.01,0.7,19.57,33.71,3.44,5.9,,310.0,Very Poor,2017-02-21,Very Poor,320.14285714285717
Delhi,2017-02-22,93.03,270.3,84.46,65.62,62.23,58.5,0.8,19.84,38.35,3.83,10.09,,258.0,Poor,2017-02-22,Poor,302.42857142857144
Delhi,2017-02-23,182.29,158.96,37.77,55.22,34.91,38.51,0.27,13.77,44.58,2.29,4.93,,238.0,Poor,2017-02-23,Poor,286.14285714285717
Delhi,2017-02-24,451.25,104.82,22.53,42.2,16.05,29.63,0.0,6.64,55.11,0.33,2.44,,449.0,Severe,2017-02-24,Severe,306.14285714285717
Delhi,2017-02-25,425.22,103.74,28.71,46.64,19.0,34.4,0.0,8.41,55.2,0.39,2.19,,516.0,Severe,2017-02-25,Severe,336.85714285714283
Delhi,2017-02-26,328.23,198.09,50.17,59.34,38.8,40.72,0.41,17.55,31.79,1.84,5.09,,520.0,Severe,2017-02-26,Severe,372.0
Delhi,2017-02-27,178.5,255.65,68.74,72.8,57.4,43.29,0.8,21.66,35.64,3.67,7.86,,363.0,Very Poor,2017-02-27,Very Poor,379.14285714285717
Delhi,2017-02-28,149.73,382.34,135.95,94.66,72.79,76.09,1.42,28.15,38.79,5.21,15.38,,362.0,Very Poor,2017-02-28,Very Poor,386.57142857142856
Delhi,2017-03-01,127.9,359.47,122.04,79.46,60.34,73.27,0.92,24.07,45.24,5.06,14.64,,397.0,Very Poor,2017-03-01,Very Poor,406.42857142857144
Delhi,2017-03-02,114.68,300.55,64.39,69.08,48.81,62.98,0.47,23.53,35.22,3.36,9.96,,280.0,Poor,2017-03-02,Poor,412.42857142857144
Delhi,2017-03-03,67.83,181.19,45.45,56.64,41.38,41.85,0.57,19.69,32.02,2.78,7.1,,206.0,Poor,2017-03-03,Poor,377.7142857142857
Delhi,2017-03-04,82.32,196.84,48.61,60.55,44.96,39.3,0.57,22.03,27.77,3.6,7.78,,190.0,Moderate,2017-03-04,Moderate,331.14285714285717
Delhi,2017-03-05,90.6,229.62,42.58,61.48,43.44,34.4,0.69,25.34,31.88,3.71,6.61,,210.0,Poor,2017-03-05,Poor,286.85714285714283
Delhi,2017-03-06,91.6,242.14,47.05,64.99,47.02,33.66,0.76,26.91,30.68,3.63,6.57,,201.0,Poor,2017-03-06,Poor,263.7142857142857
Delhi,2017-03-07,112.41,307.78,84.73,65.16,58.96,43.71,0.89,30.7,34.43,4.43,11.46,,243.0,Poor,2017-03-07,Poor,246.71428571428572
Delhi,2017-03-08,134.4,224.36,37.88,49.88,33.11,36.04,0.43,24.14,35.35,2.93,6.45,,267.0,Poor,2017-03-08,Poor,228.14285714285714
Delhi,2017-03-09,106.45,142.78,36.2,39.68,21.71,32.12,0.23,20.15,45.45,2.28,5.59,,245.0,Poor,2017-03-09,Poor,223.14285714285714
Delhi,2017-03-10,68.88,106.39,23.17,33.32,15.14,25.51,0.21,17.93,47.51,1.58,4.4,,165.0,Moderate,2017-03-10,Moderate,217.28571428571428
Delhi,2017-03-11,37.49,110.65,29.5,32.0,17.11,24.61,0.25,19.4,47.14,1.84,5.33,,102.0,Moderate,2017-03-11,Moderate,204.71428571428572
Delhi,2017-03-12,64.42,169.87,31.79,32.11,17.93,24.24,0.26,20.11,42.82,2.76,5.78,,159.0,Moderate,2017-03-12,Moderate,197.42857142857142
Delhi,2017-03-13,74.58,182.79,17.82,27.78,11.86,21.02,0.24,19.33,34.2,2.78,3.95,,174.0,Moderate,2017-03-13,Moderate,193.57142857142858
Delhi,2017-03-14,102.46,284.27,36.09,34.28,21.26,22.58,0.4,22.37,34.99,3.56,7.23,,270.0,Poor,2017-03-14,Poor,197.42857142857142
Delhi,2017-03-15,112.71,319.97,59.15,42.06,30.58,37.36,0.45,23.96,32.01,3.83,9.02,,397.0,Very Poor,2017-03-15,Very Poor,216.0
Delhi,2017-03-16,125.8,348.95,73.95,42.18,35.0,43.07,0.52,23.59,31.9,3.93,9.51,,371.0,Very Poor,2017-03-16,Very Poor,234.0
Delhi,2017-03-17,114.07,288.64,36.4,38.7,20.84,29.62,0.65,21.42,32.6,3.29,6.72,,328.0,Very Poor,2017-03-17,Very Poor,257.2857142857143
Delhi,2017-03-18,96.39,267.96,43.27,46.65,25.98,33.5,0.6,22.29,33.42,3.35,7.45,,254.0,Poor,2017-03-18,Poor,279.0
Delhi,2017-03-19,120.43,350.42,80.86,51.65,41.4,43.17,0.81,22.89,31.83,4.4,9.77,,342.0,Very Poor,2017-03-19,Very Poor,305.14285714285717
Delhi,2017-03-20,121.21,332.73,41.69,49.53,26.14,34.32,0.77,22.25,30.92,3.66,6.47,,367.0,Very Poor,2017-03-20,Very Poor,332.7142857142857
Delhi,2017-03-21,128.51,365.67,46.31,51.94,29.59,33.99,0.83,24.38,28.61,4.41,7.75,,400.0,Very Poor,2017-03-21,Very Poor,351.2857142857143
Delhi,2017-03-22,120.88,405.64,86.41,69.31,31.85,49.03,0.58,28.88,20.88,4.89,10.6,,390.0,Very Poor,2017-03-22,Very Poor,350.2857142857143
Delhi,2017-03-23,151.17,342.53,135.8,70.55,29.17,73.23,0.55,27.21,31.7,2.33,5.55,,417.0,Severe,2017-03-23,Severe,356.85714285714283
Delhi,2017-03-24,149.42,282.88,45.21,79.52,32.77,76.02,0.68,22.09,19.74,1.7,3.68,,359.0,Very Poor,2017-03-24,Very Poor,361.2857142857143
Delhi,2017-03-25,168.23,254.71,49.68,83.82,45.26,59.37,0.31,15.18,22.26,1.5,2.76,,309.0,Very Poor,2017-03-25,Very Poor,369.14285714285717
Delhi,2017-03-26,118.34,247.77,43.09,78.84,42.21,53.05,0.31,14.85,23.14,1.56,2.36,,292.0,Poor,2017-03-26,Poor,362.0
Delhi,2017-03-27,156.38,218.98,38.44,79.24,40.77,52.56,0.33,17.55,23.49,1.53,2.67,,278.0,Poor,2017-03-27,Poor,349.2857142857143
Delhi,2017-03-28,152.66,289.95,61.08,85.54,53.58,61.73,0.42,18.24,18.81,2.47,4.81,,320.0,Very Poor,2017-03-28,Very Poor,337.85714285714283
Delhi,2017-03-29,113.62,311.56,77.91,75.87,59.57,58.95,0.45,17.26,15.36,3.28,5.26,,350.0,Very Poor,2017-03-29,Very Poor,332.14285714285717
Delhi,2017-03-30,69.44,204.22,61.61,76.28,46.32,57.35,0.37,23.72,14.88,1.59,2.94,,234.0,Poor,2017-03-30,Poor,306.0
Delhi,2017-03-31,91.19,285.69,76.66,84.22,56.29,67.36,0.41,20.48,22.61,2.01,4.14,,233.0,Poor,2017-03-31,Poor,288.0
Delhi,2017-04-01,105.71,291.02,84.88,81.75,63.72,68.33,0.52,20.05,22.94,2.85,6.71,,341.0,Very Poor,2017-04-01,Very Poor,292.57142857142856
Delhi,2017-04-02,83.36,210.86,49.44,77.96,46.98,59.67,0.42,19.33,34.73,2.13,4.93,,259.0,Poor,2017-04-02,Poor,287.85714285714283
Delhi,2017-04-03,70.62,192.27,55.93,83.8,49.07,58.96,0.37,24.03,32.92,1.52,3.35,,204.0,Poor,2017-04-03,Poor,277.2857142857143
Delhi,2017-04-04,84.4,234.82,57.09,73.67,43.73,63.38,0.39,24.14,31.95,1.58,2.83,,220.0,Poor,2017-04-04,Poor,263.0
Delhi,2017-04-05,47.67,207.72,34.82,64.65,34.67,66.8,0.32,19.75,29.86,1.09,4.83,,255.0,Poor,2017-04-05,Poor,249.42857142857142
Delhi,2017-04-06,62.44,252.48,39.61,67.13,39.78,59.04,0.3,17.21,30.66,0.96,2.04,,211.0,Poor,2017-04-06,Poor,246.14285714285714
Delhi,2017-04-07,150.76,543.0,61.75,74.99,47.72,51.4,0.35,27.69,35.44,1.68,3.49,,428.0,Severe,2017-04-07,Severe,274.0
Delhi,2017-04-08,151.25,410.15,104.57,77.6,56.4,55.26,0.48,33.4,36.52,2.03,3.68,,497.0,Severe,2017-04-08,Severe,296.2857142857143
Delhi,2017-04-09,68.88,190.42,36.79,68.1,34.4,38.77,0.27,22.78,52.48,0.89,1.81,,289.0,Poor,2017-04-09,Poor,300.57142857142856
Delhi,2017-04-10,129.15,237.88,33.56,72.06,34.8,37.48,0.29,21.85,54.89,1.16,2.21,,285.0,Poor,2017-04-10,Poor,312.14285714285717
Delhi,2017-04-11,146.59,253.07,40.88,71.58,39.52,40.69,0.33,24.49,45.45,1.83,6.95,,368.0,Very Poor,2017-04-11,Very Poor,333.2857142857143
Delhi,2017-04-12,107.69,309.37,45.69,61.17,50.77,43.01,0.64,32.76,33.49,3.08,17.79,,304.0,Very Poor,2017-04-12,Very Poor,340.2857142857143
Delhi,2017-04-13,163.97,375.82,146.3,87.79,59.71,54.53,1.06,43.82,27.66,4.98,22.01,,377.0,Very Poor,2017-04-13,Very Poor,364.0
Delhi,2017-04-14,184.69,371.87,140.56,110.15,65.91,67.47,1.1,50.31,43.31,6.04,29.96,,418.0,Severe,2017-04-14,Severe,362.57142857142856
Delhi,2017-04-15,176.54,343.62,156.79,102.4,58.09,63.27,1.0,42.8,28.5,6.94,42.03,,355.0,Very Poor,2017-04-15,Very Poor,342.2857142857143
Delhi,2017-04-16,175.23,409.95,114.73,102.55,57.91,38.41,1.12,62.6,40.1,8.34,41.02,,416.0,Severe,2017-04-16,Severe,360.42857142857144
Delhi,2017-04-17,145.22,389.03,62.73,102.55,48.4,42.18,0.75,42.39,35.43,5.76,31.63,,403.0,Severe,2017-04-17,Severe,377.2857142857143
Delhi,2017-04-18,152.84,400.78,56.91,88.05,32.95,41.14,0.4,44.15,28.65,5.52,23.71,,415.0,Severe,2017-04-18,Severe,384.0
Delhi,2017-04-19,136.35,356.47,90.13,80.08,43.78,50.75,0.67,41.33,32.02,4.79,21.33,,412.0,Severe,2017-04-19,Severe,399.42857142857144
Delhi,2017-04-20,152.99,324.19,145.19,93.15,64.74,64.48,0.9,37.38,49.2,4.42,18.78,,394.0,Very Poor,2017-04-20,Very Poor,401.85714285714283
Delhi,2017-04-21,130.13,409.7,43.34,103.25,32.82,54.57,0.54,30.82,56.86,2.39,14.76,,357.0,Very Poor,2017-04-21,Very Poor,393.14285714285717
Delhi,2017-04-22,110.54,263.66,38.45,93.8,20.08,39.46,0.0,,,0.5,0.0,,291.0,Poor,2017-04-22,Poor,384.0
Delhi,2017-04-23,103.42,260.82,69.5,75.05,37.43,40.33,0.28,29.4,55.86,1.0,5.6,,244.0,Poor,2017-04-23,Poor,359.42857142857144
Delhi,2017-04-24,99.09,266.24,59.96,61.32,37.61,34.43,1.09,31.95,42.6,2.04,18.62,,287.0,Poor,2017-04-24,Poor,342.85714285714283
Delhi,2017-04-25,96.07,287.92,46.18,69.59,44.02,31.0,0.63,39.9,50.43,2.06,14.87,,254.0,Poor,2017-04-25,Poor,319.85714285714283
Delhi,2017-04-26,72.31,189.5,69.69,72.94,57.76,34.01,0.63,29.27,38.6,1.62,18.82,,242.0,Poor,2017-04-26,Poor,295.57142857142856
Delhi,2017-04-27,93.14,271.06,73.82,73.49,59.27,37.41,0.72,46.69,41.04,2.0,15.72,,223.0,Poor,2017-04-27,Poor,271.14285714285717
Delhi,2017-04-28,109.36,271.94,61.19,68.76,52.75,33.57,0.86,39.58,33.66,2.14,13.35,,243.0,Poor,2017-04-28,Poor,254.85714285714286
Delhi,2017-04-29,126.74,303.75,82.18,85.21,66.92,42.48,1.1,54.52,40.95,3.13,16.23,,237.0,Poor,2017-04-29,Poor,247.14285714285714
Delhi,2017-04-30,80.81,234.05,33.5,65.55,32.27,34.42,0.71,46.62,57.8,2.1,13.6,,275.0,Poor,2017-04-30,Poor,251.57142857142858
Delhi,2017-05-01,85.8,211.83,64.66,70.38,41.01,40.22,1.05,56.64,42.85,2.89,16.32,,183.0,Moderate,2017-05-01,Moderate,236.71428571428572
Delhi,2017-05-02,198.2,313.23,133.01,108.48,65.63,44.95,1.41,50.78,58.08,3.14,16.69,,370.0,Very Poor,2017-05-02,Very Poor,253.28571428571428
Delhi,2017-05-03,145.74,367.73,62.01,97.21,58.52,44.27,1.06,54.83,43.78,3.15,16.32,,419.0,Severe,2017-05-03,Severe,278.57142857142856
Delhi,2017-05-04,109.91,302.02,44.86,67.76,43.5,34.41,0.83,34.97,45.95,1.7,12.37,,317.0,Very Poor,2017-05-04,Very Poor,292.0
Delhi,2017-05-05,207.4,429.32,68.51,75.66,56.71,32.24,0.99,46.67,50.69,3.17,12.7,,455.0,Severe,2017-05-05,Severe,322.2857142857143
Delhi,2017-05-06,204.56,363.53,126.22,92.19,74.14,37.01,1.5,51.7,43.3,3.96,16.74,,435.0,Severe,2017-05-06,Severe,350.57142857142856
Delhi,2017-05-07,220.77,376.33,150.24,92.34,91.72,41.82,2.08,45.39,42.33,4.33,17.84,,468.0,Severe,2017-05-07,Severe,378.14285714285717
Delhi,2017-05-08,183.82,392.34,78.17,94.19,68.74,50.62,1.34,52.99,39.49,4.58,16.63,,442.0,Severe,2017-05-08,Severe,415.14285714285717
Delhi,2017-05-09,109.76,334.65,24.91,65.21,35.7,36.69,0.64,36.94,43.99,2.73,21.07,,400.0,Very Poor,2017-05-09,Very Poor,419.42857142857144
Delhi,2017-05-10,74.42,242.54,11.75,46.48,21.01,34.59,0.6,35.61,61.69,1.94,14.05,,223.0,Poor,2017-05-10,Poor,391.42857142857144
Delhi,2017-05-11,94.28,263.87,25.99,62.22,35.29,30.7,0.85,44.94,68.53,2.83,17.74,,220.0,Poor,2017-05-11,Poor,377.57142857142856
Delhi,2017-05-12,216.96,500.59,47.65,70.84,46.27,35.38,0.89,65.5,66.7,3.33,18.9,,474.0,Severe,2017-05-12,Severe,380.2857142857143
Delhi,2017-05-13,198.09,356.85,72.18,87.53,69.94,42.62,1.17,53.24,63.83,4.61,26.2,,479.0,Severe,2017-05-13,Severe,386.57142857142856
Delhi,2017-05-14,121.76,334.51,61.83,70.37,58.22,32.57,0.89,44.98,41.08,4.09,23.08,,373.0,Very Poor,2017-05-14,Very Poor,373.0
Delhi,2017-05-15,135.54,381.35,89.05,75.55,69.21,37.08,0.7,46.16,34.75,3.43,18.26,,354.0,Very Poor,2017-05-15,Very Poor,360.42857142857144
Delhi,2017-05-16,123.21,375.15,34.5,54.83,30.75,20.17,0.57,41.96,52.5,2.51,14.55,,349.0,Very Poor,2017-05-16,Very Poor,353.14285714285717
Delhi,2017-05-17,78.18,287.99,24.59,47.84,30.59,12.09,0.4,39.01,48.38,1.62,12.72,,264.0,Poor,2017-05-17,Poor,359.0
Delhi,2017-05-18,126.04,279.92,9.76,50.3,20.34,13.57,0.41,55.11,52.39,2.24,13.46,,188.0,Moderate,2017-05-18,Moderate,354.42857142857144
Delhi,2017-05-19,139.1,329.12,37.79,58.93,38.72,27.59,0.71,41.31,45.33,1.72,11.14,,294.0,Poor,2017-05-19,Poor,328.7142857142857
Delhi,2017-05-20,233.82,352.76,58.84,59.74,41.26,25.31,0.9,36.26,46.67,1.84,11.51,,334.0,Very Poor,2017-05-20,Very Poor,308.0
Delhi,2017-05-21,178.44,505.07,65.22,52.38,37.23,13.02,0.88,40.4,49.89,2.42,13.96,,505.0,Severe,2017-05-21,Severe,326.85714285714283
Delhi,2017-05-22,110.1,386.67,72.51,63.7,49.96,39.38,0.99,35.36,40.92,3.31,17.75,,349.0,Very Poor,2017-05-22,Very Poor,326.14285714285717
Delhi,2017-05-23,118.43,326.02,135.99,84.21,38.66,56.89,0.89,37.55,39.59,3.5,18.52,,421.0,Severe,2017-05-23,Severe,336.42857142857144
Delhi,2017-05-24,107.37,252.35,32.51,80.72,21.67,42.37,0.47,42.21,39.1,3.96,18.3,,238.0,Poor,2017-05-24,Poor,332.7142857142857
Delhi,2017-05-25,113.9,222.88,20.0,65.71,23.38,33.07,0.56,41.43,30.8,2.74,14.63,,204.0,Poor,2017-05-25,Poor,335.0
Delhi,2017-05-26,103.75,301.57,19.37,79.07,31.23,49.97,0.65,41.4,53.9,2.56,11.12,,289.0,Poor,2017-05-26,Poor,334.2857142857143
Delhi,2017-05-27,69.88,317.07,8.83,50.12,15.96,39.95,0.53,38.55,53.22,1.35,9.27,,236.0,Poor,2017-05-27,Poor,320.2857142857143
Delhi,2017-05-28,40.33,150.34,7.16,45.6,15.27,37.97,0.49,31.5,57.01,1.37,9.65,,148.0,Moderate,2017-05-28,Moderate,269.2857142857143
Delhi,2017-05-29,48.95,150.23,18.15,55.2,23.76,41.24,0.54,26.99,49.0,1.8,11.24,,94.0,Satisfactory,2017-05-29,Satisfactory,232.85714285714286
Delhi,2017-05-30,63.27,174.62,17.45,64.11,26.54,47.68,0.5,26.15,54.23,2.2,13.37,,130.0,Moderate,2017-05-30,Moderate,191.28571428571428
Delhi,2017-05-31,56.38,137.62,26.49,69.98,30.75,53.68,0.83,21.94,50.95,2.37,12.75,,123.0,Moderate,2017-05-31,Moderate,174.85714285714286
Delhi,2017-06-01,95.23,257.16,53.45,97.33,52.3,57.81,1.08,23.0,65.67,3.26,15.28,,192.0,Moderate,2017-06-01,Moderate,173.14285714285714
Delhi,2017-06-02,123.44,354.35,82.72,131.55,58.97,60.86,1.08,24.75,45.77,3.2,14.9,,324.0,Very Poor,2017-06-02,Very Poor,178.14285714285714
Delhi,2017-06-03,122.2,362.94,96.1,119.37,71.01,62.41,1.1,23.23,42.56,3.27,14.76,,357.0,Very Poor,2017-06-03,Very Poor,195.42857142857142
Delhi,2017-06-04,121.1,436.35,89.35,92.68,61.23,55.02,0.72,22.69,29.97,2.38,13.45,,393.0,Very Poor,2017-06-04,Very Poor,230.42857142857142
Delhi,2017-06-05,71.89,320.91,58.98,64.07,47.44,41.28,0.56,18.63,20.67,1.6,15.57,,302.0,Very Poor,2017-06-05,Very Poor,260.14285714285717
Delhi,2017-06-06,80.37,348.79,47.89,57.63,42.42,43.51,0.56,16.51,26.41,1.52,15.28,,239.0,Poor,2017-06-06,Poor,275.7142857142857
Delhi,2017-06-07,40.87,233.62,23.35,70.77,22.9,48.84,0.29,23.51,39.61,1.11,7.26,,210.0,Poor,2017-06-07,Poor,288.14285714285717
Delhi,2017-06-08,41.83,264.59000000000003,20.44,79.9,9.88,40.3,0.0,,,0.62,0.0,,77.0,Satisfactory,2017-06-08,Satisfactory,271.7142857142857
Delhi,2017-06-09,66.73,295.56,14.64,76.52,9.53,41.19,0.0,,,0.65,0.0,,89.0,Satisfactory,2017-06-09,Satisfactory,238.14285714285714
Delhi,2017-06-10,64.63,252.45666666666668,22.12,80.04,7.62,41.51,0.0,,,0.6,0.0,,143.0,Moderate,2017-06-10,Moderate,207.57142857142858
Delhi,2017-06-11,43.02,209.35333333333335,19.89,77.07,10.77,38.68,0.0,,,0.6,0.0,,80.0,Satisfactory,2017-06-11,Satisfactory,162.85714285714286
Delhi,2017-06-12,57.4,166.25,35.93,106.23,16.06,50.52,0.0,,,0.58,0.0,,92.0,Satisfactory,2017-06-12,Satisfactory,132.85714285714286
Delhi,2017-06-13,48.6,244.14,73.59,96.64,18.94,58.1,0.0,,,0.6,0.0,,112.0,Moderate,2017-06-13,Moderate,114.71428571428571
Delhi,2017-06-14,62.0,310.73,37.26,86.9,8.6,52.51,0.0,,,0.89,0.0,,117.0,Moderate,2017-06-14,Moderate,101.42857142857143
Delhi,2017-06-15,80.14,205.5,41.28,139.09,5.03,54.71,0.0,,,2.16,0.0,,101.0,Moderate,2017-06-15,Moderate,104.85714285714286
Delhi,2017-06-16,51.6,124.35,43.17,80.43,12.37,51.3,0.0,,,0.1,0.0,,106.0,Moderate,2017-06-16,Moderate,107.28571428571429
Delhi,2017-06-17,41.96,87.16,38.8,70.93,10.95,48.94,0.0,,,1.23,0.0,,88.0,Satisfactory,2017-06-17,Satisfactory,99.42857142857143
Delhi,2017-06-18,65.19,218.93,48.7,56.65,11.02,48.14,0.0,,,1.04,0.0,,94.0,Satisfactory,2017-06-18,Satisfactory,101.42857142857143
Delhi,2017-06-19,60.9,228.2,49.53,36.63,9.3,46.71,0.0,,,0.11,0.0,,150.0,Moderate,2017-06-19,Moderate,109.71428571428571
Delhi,2017-06-20,35.1,88.82,57.03,99.75,18.49,59.54,0.0,,,0.39,0.0,,97.0,Satisfactory,2017-06-20,Satisfactory,107.57142857142857
Delhi,2017-06-21,58.27,87.74,61.79,63.2,13.55,50.91,0.0,,,0.25,0.0,,109.0,Moderate,2017-06-21,Moderate,106.42857142857143
Delhi,2017-06-22,61.93,124.6,110.0,36.35,11.06,69.13,0.0,,,0.18,0.0,,124.0,Moderate,2017-06-22,Moderate,109.71428571428571
Delhi,2017-06-24,63.62,245.23,55.51,83.84,14.32,58.3,0.0,,,0.51,0.0,,111.0,Moderate,2017-06-24,Moderate,110.42857142857143
Delhi,2017-06-25,76.1,325.29,17.77,71.42,8.2,45.21,0.0,,,0.48,0.0,,148.0,Moderate,2017-06-25,Moderate,119.0
Delhi,2017-06-26,51.52,359.19,20.96,53.97,7.09,38.93,0.0,,,0.6,0.0,,108.0,Moderate,2017-06-26,Moderate,121.0
Delhi,2017-06-27,36.62,286.38,16.9,54.02,6.56,37.64,0.0,,,0.76,0.0,,73.0,Satisfactory,2017-06-27,Satisfactory,110.0
Delhi,2017-06-28,29.83,128.18,30.92,58.02,9.28,41.14,0.0,,,0.71,0.0,,58.0,Satisfactory,2017-06-28,Satisfactory,104.42857142857143
Delhi,2017-06-29,22.98,103.8,21.6,35.01,5.52,33.87,0.0,,,0.48,0.0,,58.0,Satisfactory,2017-06-29,Satisfactory,97.14285714285714
Delhi,2017-06-30,25.83,90.41,44.88,32.97,8.43,41.27,0.0,,,0.37,0.0,,46.0,Good,2017-06-30,Good,86.0
Delhi,2017-07-01,43.35,224.62,62.09,17.4,9.35,44.12,0.0,,,0.42,0.0,,84.0,Satisfactory,2017-07-01,Satisfactory,82.14285714285714
Delhi,2017-07-02,20.52,223.56,28.19,11.37,4.19,32.97,0.0,,,0.2,0.0,,54.0,Satisfactory,2017-07-02,Satisfactory,68.71428571428571
Delhi,2017-07-03,46.71,246.98,28.86,20.06,5.17,32.02,0.0,,,0.58,0.0,,49.0,Good,2017-07-03,Good,60.285714285714285
Delhi,2017-07-04,116.12,243.31666666666666,27.08,19.37,4.82,28.8,0.0,,,0.63,0.0,,149.0,Moderate,2017-07-04,Moderate,71.14285714285714
Delhi,2017-07-05,50.81,239.65333333333334,27.08,14.86,5.05,25.81,0.0,,,0.58,0.0,,212.0,Poor,2017-07-05,Poor,93.14285714285714
Delhi,2017-07-06,47.17,235.98999999999998,18.19,18.32,4.13,24.82,0.0,,,0.1,0.0,,85.0,Satisfactory,2017-07-06,Satisfactory,97.0
Delhi,2017-07-07,41.42,232.32666666666665,30.0,18.21,5.09,30.98,0.0,,,0.12,0.0,,77.0,Satisfactory,2017-07-07,Satisfactory,101.42857142857143
Delhi,2017-07-08,45.31,228.66333333333333,32.87,23.52,6.01,28.82,0.0,,,0.1,0.0,,65.0,Satisfactory,2017-07-08,Satisfactory,98.71428571428571
Delhi,2017-07-09,58.46,225.0,67.54,21.16,10.42,41.79,0.0,,,0.14,0.0,,108.0,Moderate,2017-07-09,Moderate,106.42857142857143
Delhi,2017-07-10,41.92,221.33666666666664,25.63,18.81,4.9,27.22,0.0,,,0.15,0.0,,78.0,Satisfactory,2017-07-10,Satisfactory,110.57142857142857
Delhi,2017-08-31,41.62,60.15,16.56,50.7,28.34,25.08,0.76,,27.78,0.25,0.35,0.19,94.0,Satisfactory,2017-08-31,Satisfactory,102.71428571428571
Delhi,2017-09-01,25.58,41.64,23.55,26.64,12.21,17.6,0.54,,24.03,0.18,0.21,0.23,91.0,Satisfactory,2017-09-01,Satisfactory,85.42857142857143
Delhi,2017-09-02,20.06,45.86,23.23,26.09,10.33,33.97,0.48,,25.0,0.12,0.0,,88.0,Satisfactory,2017-09-02,Satisfactory,85.85714285714286
Delhi,2017-09-03,38.19,79.78,20.33,27.32,8.88,25.9,0.4,,25.07,0.13,0.0,,88.0,Satisfactory,2017-09-03,Satisfactory,87.42857142857143
Delhi,2017-09-04,47.89,84.29,33.84,25.85,11.14,86.67,0.36,,24.93,0.2,0.0,,89.0,Satisfactory,2017-09-04,Satisfactory,90.85714285714286
Delhi,2017-09-05,35.61,75.82,20.61,30.29,8.93,30.21,0.37,,25.08,0.11,0.0,,88.0,Satisfactory,2017-09-05,Satisfactory,88.0
Delhi,2017-09-06,39.41,85.23,21.1,35.92,9.89,31.07,0.33,,24.95,0.23,0.0,0.0,88.0,Satisfactory,2017-09-06,Satisfactory,89.42857142857143
Delhi,2017-09-07,40.34,67.06,21.91,23.75,7.9,36.46,0.36,,24.93,0.13,0.0,,88.0,Satisfactory,2017-09-07,Satisfactory,88.57142857142857
Delhi,2017-09-08,51.7,101.89,18.18,16.52,9.84,27.05,0.49,,25.88,0.22,0.0,,106.0,Moderate,2017-09-08,Moderate,90.71428571428571
Delhi,2017-09-09,54.83,111.65,20.65,17.54,11.27,31.1,0.45,,25.77,0.22,0.0,,96.0,Satisfactory,2017-09-09,Satisfactory,91.85714285714286
Delhi,2017-09-10,60.46,119.5,30.53,19.76,14.83,49.74,0.48,,26.39,0.44,0.0,,118.0,Moderate,2017-09-10,Moderate,96.14285714285714
Delhi,2017-09-11,63.97,120.06,22.99,20.25,12.0,48.0,0.45,,27.92,0.18,0.0,,119.0,Moderate,2017-09-11,Moderate,100.42857142857143
Delhi,2017-09-12,46.65,103.84,17.92,16.56,10.14,,0.42,,24.84,0.14,0.0,,106.0,Moderate,2017-09-12,Moderate,103.0
Delhi,2017-09-13,54.77,143.16,25.08,10.76,5.71,,0.13,,24.38,0.89,0.0,,115.0,Moderate,2017-09-13,Moderate,106.85714285714286
Delhi,2017-09-14,80.47,186.11,81.89,31.88,10.24,43.06,0.12,,26.98,0.24,0.0,,142.0,Moderate,2017-09-14,Moderate,114.57142857142857
Delhi,2017-09-15,64.37,127.68,25.94,34.75,12.73,31.02,0.36,,27.32,0.17,0.0,,169.0,Moderate,2017-09-15,Moderate,123.57142857142857
Delhi,2017-09-16,51.56,82.26,19.27,36.6,14.42,40.92,0.44,,26.7,0.14,0.0,,110.0,Moderate,2017-09-16,Moderate,125.57142857142857
Delhi,2017-09-17,53.05,85.65,23.98,37.33,13.49,31.89,0.33,,26.7,0.15,0.0,,106.0,Moderate,2017-09-17,Moderate,123.85714285714286
Delhi,2017-09-18,60.83,102.29,20.23,56.67,11.54,33.88,0.21,,30.08,0.19,0.0,,99.0,Satisfactory,2017-09-18,Satisfactory,121.0
Delhi,2017-09-19,55.55,112.21,19.87,34.72,16.17,45.0,0.43,,28.73,0.27,0.0,,109.0,Moderate,2017-09-19,Moderate,121.42857142857143
Delhi,2017-09-20,70.81,111.9,29.89,21.49,21.37,56.47,0.44,,31.95,0.21,0.0,,137.0,Moderate,2017-09-20,Moderate,124.57142857142857
Delhi,2017-09-21,55.93,76.81,27.16,22.74,16.34,31.36,0.46,,23.1,0.18,0.0,,144.0,Moderate,2017-09-21,Moderate,124.85714285714286
Delhi,2017-09-22,11.81,18.59,20.34,22.4,11.24,17.63,0.32,,24.88,0.2,0.0,,92.0,Satisfactory,2017-09-22,Satisfactory,113.85714285714286
Delhi,2017-09-23,17.76,43.57,20.38,18.63,12.97,17.47,0.35,,22.19,0.08,0.0,,83.0,Satisfactory,2017-09-23,Satisfactory,110.0
Delhi,2017-09-24,35.5,81.42,18.8,17.01,12.69,19.11,0.37,,22.63,0.12,0.0,,84.0,Satisfactory,2017-09-24,Satisfactory,106.85714285714286
Delhi,2017-09-25,50.09,100.02,14.59,27.25,13.13,19.81,0.37,,24.48,0.13,0.0,,104.0,Moderate,2017-09-25,Moderate,107.57142857142857
Delhi,2017-09-26,66.12,114.15,23.12,27.52,18.35,34.54,0.6,7.13,30.45,0.25,1.38,0.13,131.0,Moderate,2017-09-26,Moderate,110.71428571428571
Delhi,2017-09-27,80.94,125.39,26.98,21.39,22.31,50.34,0.61,6.62,29.26,0.35,1.74,0.12,165.0,Moderate,2017-09-27,Moderate,114.71428571428571
Delhi,2017-09-28,75.4,102.91,50.72,38.55,23.52,54.37,0.43,6.08,34.06,0.27,1.54,0.11,176.0,Moderate,2017-09-28,Moderate,119.28571428571429
Delhi,2017-09-29,89.38,140.94,37.45,29.45,18.61,41.19,0.45,7.17,40.26,0.44,1.82,0.13,172.0,Moderate,2017-09-29,Moderate,130.71428571428572
Delhi,2017-09-30,74.2,125.73,21.1,26.08,8.59,44.1,0.3,6.64,38.44,0.22,1.73,0.1,137.0,Moderate,2017-09-30,Moderate,138.42857142857142
Delhi,2017-10-01,68.47,120.56,25.43,28.66,14.66,50.15,0.46,3.46,32.9,0.46,2.34,0.03,131.0,Moderate,2017-10-01,Moderate,145.14285714285714
Delhi,2017-10-02,63.41,128.15,22.86,25.2,12.1,39.12,0.43,2.94,30.1,0.54,2.43,0.05,132.0,Moderate,2017-10-02,Moderate,149.14285714285714
Delhi,2017-10-03,69.45,127.48,22.75,26.09,11.47,31.36,0.2,5.81,34.34,0.24,1.27,0.1,115.0,Moderate,2017-10-03,Moderate,146.85714285714286
Delhi,2017-10-04,76.81,138.81,24.88,28.99,14.09,39.43,0.19,11.7,35.79,0.35,2.07,0.08,151.0,Moderate,2017-10-04,Moderate,144.85714285714286
Delhi,2017-10-05,75.73,125.31,15.35,24.45,13.8,37.22,0.27,11.96,36.81,0.25,1.59,0.09,180.0,Moderate,2017-10-05,Moderate,145.42857142857142
Delhi,2017-10-06,79.81,111.43,14.82,27.44,12.19,31.48,0.33,13.91,38.67,0.39,2.11,0.15,183.0,Moderate,2017-10-06,Moderate,147.0
Delhi,2017-10-07,70.98,151.15,17.2,25.61,14.27,35.37,0.32,22.29,34.44,0.27,1.72,0.09,193.0,Moderate,2017-10-07,Moderate,155.0
Delhi,2017-10-08,102.2,155.03,20.71,24.51,14.05,41.02,0.24,24.0,35.32,0.31,2.14,0.09,224.0,Poor,2017-10-08,Poor,168.28571428571428
Delhi,2017-10-09,107.63,173.87,33.9,27.06,17.82,50.93,0.24,23.51,31.11,0.57,2.97,0.09,268.0,Poor,2017-10-09,Poor,187.71428571428572
Delhi,2017-10-10,105.88,158.68,23.0,31.67,13.81,56.42,0.26,7.6,30.89,0.63,3.28,0.1,253.0,Poor,2017-10-10,Poor,207.42857142857142
Delhi,2017-10-11,104.45,122.3,25.09,30.92,14.22,64.21,0.25,6.57,29.67,0.68,2.71,0.1,208.0,Poor,2017-10-11,Poor,215.57142857142858
Delhi,2017-10-12,106.85,186.91,21.91,31.1,12.39,44.32,0.33,7.65,35.14,0.71,2.56,0.08,211.0,Poor,2017-10-12,Poor,220.0
Delhi,2017-10-13,137.42,207.87,31.87,29.16,14.41,45.28,0.33,9.36,37.98,0.6,2.34,0.09,246.0,Poor,2017-10-13,Poor,229.0
Delhi,2017-10-14,147.07,208.87,67.91,30.14,23.78,55.52,0.37,14.64,42.39,0.72,3.4,0.09,319.0,Very Poor,2017-10-14,Very Poor,247.0
Delhi,2017-10-15,147.83,195.47,41.91,30.0,15.25,44.61,0.33,14.31,37.15,0.89,3.62,0.09,317.0,Very Poor,2017-10-15,Very Poor,260.2857142857143
Delhi,2017-10-16,152.61,213.98,48.82,58.53,40.14,51.88,1.02,23.09,30.49,0.86,3.42,0.09,310.0,Very Poor,2017-10-16,Very Poor,266.2857142857143
Delhi,2017-10-17,121.7,212.35,48.01,57.08,49.91,42.92,1.36,17.44,30.46,0.99,3.39,0.09,313.0,Very Poor,2017-10-17,Very Poor,274.85714285714283
Delhi,2017-10-18,152.16,204.03,66.01,63.15,55.52,44.57,1.05,27.42,35.86,0.83,3.38,0.08,310.0,Very Poor,2017-10-18,Very Poor,289.42857142857144
Delhi,2017-10-19,176.17,259.0,55.94,53.51,53.32,50.7,1.18,22.15,36.35,1.26,4.52,0.08,336.0,Very Poor,2017-10-19,Very Poor,307.2857142857143
Delhi,2017-10-20,426.52,387.13,56.28,54.76,47.28,48.79,1.06,36.85,41.14,2.15,5.54,0.07,497.0,Severe,2017-10-20,Severe,343.14285714285717
Delhi,2017-10-21,213.12,317.52,42.71,50.13,49.3,50.8,1.46,20.55,34.52,0.88,4.02,0.07,404.0,Severe,2017-10-21,Severe,355.2857142857143
Delhi,2017-10-22,146.01,201.91,54.57,55.88,31.89,45.72,0.93,24.42,34.88,0.8,4.04,0.08,338.0,Very Poor,2017-10-22,Very Poor,358.2857142857143
Delhi,2017-10-23,163.35,242.73,89.4,64.25,63.05,48.44,1.45,27.79,52.91,1.16,4.65,0.09,327.0,Very Poor,2017-10-23,Very Poor,360.7142857142857
Delhi,2017-10-24,188.24,331.64,72.71,81.33,87.22,53.82,1.51,23.19,86.13,1.15,5.47,0.07,366.0,Very Poor,2017-10-24,Very Poor,368.2857142857143
Delhi,2017-10-25,203.03,326.46,56.81,80.62,57.55,55.14,1.01,23.77,106.16,0.93,5.08,0.07,357.0,Very Poor,2017-10-25,Very Poor,375.0
Delhi,2017-10-26,178.91,290.41,56.9,90.56,63.21,61.45,1.15,24.12,99.71,1.3,4.28,0.07,328.0,Very Poor,2017-10-26,Very Poor,373.85714285714283
Delhi,2017-10-27,167.54,293.68,26.14,65.44,52.4,48.68,0.98,21.24,82.93,1.26,4.94,0.06,345.0,Very Poor,2017-10-27,Very Poor,352.14285714285717
Delhi,2017-10-28,198.37,329.05,35.39,84.45,60.5,51.2,0.9,27.88,110.71,1.65,7.47,0.07,379.0,Very Poor,2017-10-28,Very Poor,348.57142857142856
Delhi,2017-10-29,187.82,300.92,28.91,60.61,57.94,50.6,1.16,25.08,83.99,1.56,6.8,0.08,362.0,Very Poor,2017-10-29,Very Poor,352.0
Delhi,2017-10-30,196.37,308.22,41.29,69.51,64.94,52.67,1.47,23.68,88.38,2.51,5.67,0.09,340.0,Very Poor,2017-10-30,Very Poor,353.85714285714283
Delhi,2017-10-31,211.64,323.45,65.55,53.08,75.68,64.28,1.84,19.36,65.34,3.36,11.75,0.08,366.0,Very Poor,2017-10-31,Very Poor,353.85714285714283
Delhi,2017-11-01,179.17,265.9,29.65,46.83,43.9,47.36,1.13,16.01,56.79,1.43,6.36,0.07,344.0,Very Poor,2017-11-01,Very Poor,352.0
Delhi,2017-11-02,160.69,227.41,26.09,47.7,56.86,49.88,1.4,17.19,61.91,2.51,9.71,0.07,305.0,Very Poor,2017-11-02,Very Poor,348.7142857142857
Delhi,2017-11-03,168.16,239.73,45.29,46.49,60.96,53.2,1.31,15.29,62.16,2.74,6.06,0.07,310.0,Very Poor,2017-11-03,Very Poor,343.7142857142857
Delhi,2017-11-04,190.33,292.7,45.11,47.28,74.75,52.75,1.83,18.87,73.16,3.18,5.21,0.07,345.0,Very Poor,2017-11-04,Very Poor,338.85714285714283
Delhi,2017-11-05,209.61,334.64,65.25,60.56,97.76,61.8,2.33,19.55,86.74,6.46,12.85,0.08,370.0,Very Poor,2017-11-05,Very Poor,340.0
Delhi,2017-11-06,216.53,330.27,64.5,57.27,96.0,65.81,1.94,18.74,72.82,4.6,14.37,0.07,377.0,Very Poor,2017-11-06,Very Poor,345.2857142857143
Delhi,2017-11-07,517.93,654.68,51.67,65.17,103.77,91.87,2.37,15.29,56.06,5.11,26.96,0.06,532.0,Severe,2017-11-07,Severe,369.0
Delhi,2017-11-08,639.19,796.88,55.83,77.51,104.65,82.96,2.74,20.46,55.51,7.73,25.53,0.06,675.0,Severe,2017-11-08,Severe,416.2857142857143
Delhi,2017-11-09,495.9,652.21,54.71,81.67,104.52,74.84,2.37,15.68,86.62,6.99,25.25,0.07,677.0,Severe,2017-11-09,Severe,469.42857142857144
Delhi,2017-11-10,370.73,496.48,55.07,80.73,109.98,84.1,2.45,17.84,104.94,7.33,28.06,0.08,597.0,Severe,2017-11-10,Severe,510.42857142857144
Delhi,2017-11-11,363.77,511.44,78.16,78.61,117.92,90.64,2.32,17.8,95.54,8.39,32.33,0.06,471.0,Severe,2017-11-11,Severe,528.4285714285714
Delhi,2017-11-12,465.08,622.4,66.78,70.1,104.82,73.63,2.44,13.94,88.03,7.84,28.2,0.06,613.0,Severe,2017-11-12,Severe,563.1428571428571
Delhi,2017-11-13,354.56,498.63,65.36,65.77,105.48,73.85,2.33,15.58,94.42,5.47,18.48,0.08,561.0,Severe,2017-11-13,Severe,589.4285714285714
Delhi,2017-11-14,254.36,365.91,34.12,56.46,75.36,55.71,1.74,13.67,69.5,4.44,11.39,0.07,444.0,Severe,2017-11-14,Severe,576.8571428571429
Delhi,2017-11-15,192.04,279.26,36.7,57.85,79.14,48.83,1.64,19.24,60.28,4.38,13.31,0.07,378.0,Very Poor,2017-11-15,Very Poor,534.4285714285714
Delhi,2017-11-16,191.57,278.95,38.61,53.86,82.34,50.06,1.55,22.89,62.01,4.06,12.03,0.12,357.0,Very Poor,2017-11-16,Very Poor,488.7142857142857
Delhi,2017-11-17,150.79,220.08,32.01,47.38,70.95,45.56,1.51,16.32,47.92,3.0,8.48,0.18,330.0,Very Poor,2017-11-17,Very Poor,450.57142857142856
Delhi,2017-11-18,143.51,202.59,20.23,43.91,50.62,38.55,1.16,13.3,37.68,2.29,5.38,0.08,309.0,Very Poor,2017-11-18,Very Poor,427.42857142857144
Delhi,2017-11-19,128.65,190.51,19.58,45.6,55.24,34.83,1.2,15.12,47.8,2.04,5.24,0.09,297.0,Poor,2017-11-19,Poor,382.2857142857143
Delhi,2017-11-20,171.34,249.28,24.44,52.73,64.19,36.28,1.3,13.7,54.08,2.38,6.34,0.1,329.0,Very Poor,2017-11-20,Very Poor,349.14285714285717
Delhi,2017-11-21,178.08,253.38,32.84,54.75,75.18,40.58,1.52,15.02,57.13,4.37,10.71,0.1,341.0,Very Poor,2017-11-21,Very Poor,334.42857142857144
Delhi,2017-11-22,177.41,258.11,30.75,54.64,74.09,40.37,1.51,18.13,57.6,4.92,11.65,0.1,348.0,Very Poor,2017-11-22,Very Poor,330.14285714285717
Delhi,2017-11-23,175.56,251.23,34.73,55.04,70.15,40.03,1.55,18.32,54.34,4.53,11.97,0.1,340.0,Very Poor,2017-11-23,Very Poor,327.7142857142857
Delhi,2017-11-24,187.97,256.92,44.24,64.15,82.97,44.62,1.65,19.2,54.02,5.18,13.88,0.11,348.0,Very Poor,2017-11-24,Very Poor,330.2857142857143
Delhi,2017-11-25,185.31,268.09,45.12,76.48,88.0,47.81,1.74,17.95,48.1,5.3,15.24,0.1,347.0,Very Poor,2017-11-25,Very Poor,335.7142857142857
Delhi,2017-11-26,224.37,338.82,77.85,67.6,101.44,63.81,1.97,21.01,44.82,20.64,17.26,0.1,368.0,Very Poor,2017-11-26,Very Poor,345.85714285714283
Delhi,2017-11-27,198.34,328.09,45.64,68.93,87.3,52.5,1.64,18.95,41.09,4.33,13.04,0.1,382.0,Very Poor,2017-11-27,Very Poor,353.42857142857144
Delhi,2017-11-28,167.74,290.47,61.44,62.53,93.71,60.94,1.76,19.39,34.78,16.1,19.68,0.1,360.0,Very Poor,2017-11-28,Very Poor,356.14285714285717
Delhi,2017-11-29,215.17,327.64,109.88,75.37,132.94,83.31,2.31,20.1,40.91,7.08,28.86,0.11,359.0,Very Poor,2017-11-29,Very Poor,357.7142857142857
Delhi,2017-11-30,219.84,344.17,71.11,57.73,108.26,77.53,2.11,16.83,44.4,8.15,23.32,0.1,388.0,Very Poor,2017-11-30,Very Poor,364.57142857142856
Delhi,2017-12-01,190.45,309.07,61.21,56.83,94.55,65.47,1.83,17.59,31.62,6.41,20.7,0.1,377.0,Very Poor,2017-12-01,Very Poor,368.7142857142857
Delhi,2017-12-02,208.87,324.46,80.33,65.66,102.69,92.4,2.1,20.17,36.62,7.94,25.81,0.1,356.0,Very Poor,2017-12-02,Very Poor,370.0
Delhi,2017-12-03,240.87,359.22,67.41,65.83,99.76,85.25,2.28,19.92,37.61,8.46,26.32,0.1,384.0,Very Poor,2017-12-03,Very Poor,372.2857142857143
Delhi,2017-12-04,261.82,390.1,74.66,65.49,101.07,90.28,2.49,20.17,32.64,7.62,23.27,0.1,415.0,Severe,2017-12-04,Severe,377.0
Delhi,2017-12-05,230.56,358.86,61.13,64.61,104.85,71.16,2.41,18.29,50.69,5.42,15.21,0.1,404.0,Severe,2017-12-05,Severe,383.2857142857143
Delhi,2017-12-06,120.91,210.21,23.19,51.02,68.08,45.92,1.65,20.88,43.68,2.94,8.36,0.12,330.0,Very Poor,2017-12-06,Very Poor,379.14285714285717
Delhi,2017-12-07,88.95,170.12,24.67,45.83,39.33,36.04,1.49,18.17,41.43,2.6,7.35,0.1,215.0,Poor,2017-12-07,Poor,354.42857142857144
Delhi,2017-12-08,115.08,204.38,23.86,53.85,3.63,41.49,1.56,21.69,50.26,3.13,7.98,0.1,220.0,Poor,2017-12-08,Poor,332.0
Delhi,2017-12-09,165.76,268.35,60.14,70.14,9.06,57.73,1.77,24.22,68.58,7.52,17.98,0.18,312.0,Very Poor,2017-12-09,Very Poor,325.7142857142857
Delhi,2017-12-10,230.34,341.87,102.0,83.94,16.38,77.11,2.18,25.97,90.07,9.07,29.86,0.25,389.0,Very Poor,2017-12-10,Very Poor,326.42857142857144
Delhi,2017-12-11,218.87,338.45,97.35,71.25,13.13,86.87,2.28,24.39,66.07,5.22,19.42,0.1,406.0,Severe,2017-12-11,Severe,325.14285714285717
Delhi,2017-12-12,109.18,152.76,22.41,45.94,3.04,50.54,1.51,11.71,38.75,1.96,6.88,0.11,280.0,Poor,2017-12-12,Poor,307.42857142857144
Delhi,2017-12-13,134.99,203.48,20.14,40.27,2.59,48.27,1.34,10.81,46.28,2.51,6.59,0.11,263.0,Poor,2017-12-13,Poor,297.85714285714283
Delhi,2017-12-14,126.67,189.9,19.4,36.59,2.33,46.26,1.31,11.18,42.19,2.18,5.87,0.11,276.0,Poor,2017-12-14,Poor,306.57142857142856
Delhi,2017-12-15,127.57,194.15,20.33,34.73,3.26,42.56,1.28,9.69,38.04,1.89,4.83,0.11,292.0,Poor,2017-12-15,Poor,316.85714285714283
Delhi,2017-12-16,100.72,152.72,17.77,29.84,2.87,39.74,1.06,4.98,23.98,1.92,2.85,0.1,228.0,Poor,2017-12-16,Poor,304.85714285714283
Delhi,2017-12-17,95.58,163.65,17.4,37.37,2.44,35.36,1.2,12.68,36.4,1.87,3.48,0.12,195.0,Moderate,2017-12-17,Moderate,277.14285714285717
Delhi,2017-12-18,115.19,189.64,20.4,45.8,2.15,45.71,1.28,16.97,45.37,2.46,6.42,0.1,223.0,Poor,2017-12-18,Poor,251.0
Delhi,2017-12-19,168.33,257.19,35.44,54.84,4.37,56.27,1.48,23.03,49.68,3.93,10.74,0.1,291.0,Poor,2017-12-19,Poor,252.57142857142858
Delhi,2017-12-20,283.24,410.74,44.05,66.41,5.96,78.25,1.91,25.0,67.35,4.65,14.07,0.05,378.0,Very Poor,2017-12-20,Very Poor,269.0
Delhi,2017-12-21,293.14,435.23,32.3,61.63,3.57,72.97,1.45,22.54,66.06,4.12,10.87,0.08,467.0,Severe,2017-12-21,Severe,296.2857142857143
Delhi,2017-12-22,157.72,241.38,22.11,50.73,2.69,55.36,1.17,20.47,48.84,2.88,7.93,0.19,370.0,Very Poor,2017-12-22,Very Poor,307.42857142857144
Delhi,2017-12-23,117.72,181.59,31.51,50.97,3.61,51.89,1.54,19.95,43.85,3.9,9.81,0.28,253.0,Poor,2017-12-23,Poor,311.0
Delhi,2017-12-24,203.18,301.71,79.8,66.65,9.75,73.83,1.74,23.73,59.85,6.52,14.99,1.04,309.0,Very Poor,2017-12-24,Very Poor,327.2857142857143
Delhi,2017-12-25,259.0,368.35,61.55,58.92,7.06,68.61,1.68,23.76,56.1,5.63,15.78,0.39,398.0,Very Poor,2017-12-25,Very Poor,352.2857142857143
Delhi,2017-12-26,224.42,326.11,46.41,57.6,6.18,62.83,1.57,22.1,38.93,5.37,12.99,0.42,372.0,Very Poor,2017-12-26,Very Poor,363.85714285714283
Delhi,2017-12-27,224.27,317.87,58.71,65.61,9.76,71.71,1.69,23.17,58.98,5.95,18.27,0.03,379.0,Very Poor,2017-12-27,Very Poor,364.0
Delhi,2017-12-28,249.17,362.39,80.57,70.25,11.62,79.07,1.86,25.51,66.0,6.36,23.66,0.0,398.0,Very Poor,2017-12-28,Very Poor,354.14285714285717
Delhi,2017-12-29,227.28,347.63,70.6,59.7,10.69,68.22,1.7,25.54,61.36,5.35,19.38,0.77,399.0,Very Poor,2017-12-29,Very Poor,358.2857142857143
Delhi,2017-12-30,273.56,401.15,69.31,60.4,15.32,75.04,1.96,21.01,61.73,6.96,25.19,1.18,421.0,Severe,2017-12-30,Severe,382.2857142857143
Delhi,2017-12-31,306.17,445.58,83.77,66.97,23.13,83.55,1.95,17.97,76.45,7.01,21.12,0.35,451.0,Severe,2017-12-31,Severe,402.57142857142856
Delhi,2018-01-01,303.41,415.09,62.76,63.92,11.79,73.16,1.8,18.58,68.75,5.72,14.77,0.24,462.0,Severe,2018-01-01,Severe,411.7142857142857
Delhi,2018-01-02,277.48,422.59,31.26,53.73,4.26,55.61,1.52,12.43,68.68,3.98,9.71,0.27,439.0,Severe,2018-01-02,Severe,421.2857142857143
Delhi,2018-01-03,217.01,336.87,37.98,52.24,2.87,50.81,1.29,10.28,54.94,3.09,6.6,0.21,405.0,Severe,2018-01-03,Severe,425.0
Delhi,2018-01-04,248.54,377.61,35.56,61.57,4.24,55.17,1.36,14.42,66.31,3.79,8.2,0.39,394.0,Very Poor,2018-01-04,Very Poor,424.42857142857144
Delhi,2018-01-05,240.42,360.99,38.73,54.8,4.57,51.36,1.38,13.2,48.57,3.63,8.14,0.26,398.0,Very Poor,2018-01-05,Very Poor,424.2857142857143
Delhi,2018-01-06,252.57,378.9,65.27,59.12,8.53,63.78,1.59,18.15,39.65,5.69,13.64,0.42,403.0,Severe,2018-01-06,Severe,421.7142857142857
Delhi,2018-01-07,191.66,292.74,26.49,47.02,4.99,50.09,1.3,16.27,57.39,3.19,6.5,0.22,384.0,Very Poor,2018-01-07,Very Poor,412.14285714285717
Delhi,2018-01-08,152.98,259.13,37.51,51.6,5.28,47.52,1.33,17.15,54.55,3.36,7.87,0.34,314.0,Very Poor,2018-01-08,Very Poor,391.0
Delhi,2018-01-09,233.1,355.21,62.59,66.19,10.36,58.65,1.54,21.82,66.79,5.31,13.99,0.68,373.0,Very Poor,2018-01-09,Very Poor,381.57142857142856
Delhi,2018-01-10,186.26,294.24,34.44,60.21,3.98,48.38,1.4,18.98,58.51,3.26,7.3,0.7,366.0,Very Poor,2018-01-10,Very Poor,376.0
Delhi,2018-01-11,154.64,243.95,30.06,63.57,3.47,47.42,1.47,17.4,56.22,3.27,6.83,0.7,318.0,Very Poor,2018-01-11,Very Poor,365.14285714285717
Delhi,2018-01-12,168.87,281.06,40.02,65.3,3.73,55.07,1.56,24.03,62.37,4.23,11.32,1.39,306.0,Very Poor,2018-01-12,Very Poor,352.0
Delhi,2018-01-13,230.5,355.43,68.69,61.28,3.2,75.88,2.12,24.28,75.14,7.62,21.81,4.23,370.0,Very Poor,2018-01-13,Very Poor,347.2857142857143
Delhi,2018-01-14,191.47,308.74,36.32,54.37,1.87,55.35,1.72,22.47,64.8,4.3,10.03,1.71,365.0,Very Poor,2018-01-14,Very Poor,344.57142857142856
Delhi,2018-01-15,177.71,309.85,32.47,52.51,2.15,54.6,1.42,19.12,59.73,3.26,7.7,1.26,352.0,Very Poor,2018-01-15,Very Poor,350.0
Delhi,2018-01-16,133.56,231.04,31.78,46.86,3.92,43.23,1.36,19.06,54.0,3.09,9.36,0.4,278.0,Poor,2018-01-16,Poor,336.42857142857144
Delhi,2018-01-17,235.06,353.55,44.3,47.86,34.61,52.37,1.61,14.48,64.1,4.22,12.58,0.32,350.0,Very Poor,2018-01-17,Very Poor,334.14285714285717
Delhi,2018-01-18,276.25,428.08,48.32,55.08,85.75,59.73,2.04,21.02,72.89,5.19,14.81,0.05,411.0,Severe,2018-01-18,Severe,347.42857142857144
Delhi,2018-01-19,253.7,398.16,41.26,49.45,81.11,63.31,1.82,22.27,73.6,5.47,16.52,0.0,451.0,Severe,2018-01-19,Severe,368.14285714285717
Delhi,2018-01-20,152.33,252.92,21.5,38.87,53.34,66.51,1.31,14.45,43.18,2.37,4.43,0.0,351.0,Very Poor,2018-01-20,Very Poor,365.42857142857144
Delhi,2018-01-21,153.61,274.5,33.93,44.09,63.87,63.25,1.51,16.91,41.49,2.74,7.02,0.0,310.0,Very Poor,2018-01-21,Very Poor,357.57142857142856
Delhi,2018-01-22,202.11,352.68,54.86,56.45,72.5,63.15,1.87,21.64,68.33,4.09,10.9,0.0,362.0,Very Poor,2018-01-22,Very Poor,359.0
Delhi,2018-01-23,160.79,248.48,25.98,47.26,67.65,51.07,1.43,14.25,48.67,2.68,6.67,0.0,343.0,Very Poor,2018-01-23,Very Poor,368.2857142857143
Delhi,2018-01-24,130.16,192.19,25.05,35.33,56.27,43.08,1.32,11.9,42.04,2.26,6.23,0.0,286.0,Poor,2018-01-24,Poor,359.14285714285717
Delhi,2018-01-25,111.75,167.31,24.28,40.13,48.6,40.74,1.37,6.84,43.99,2.22,3.87,0.3,267.0,Poor,2018-01-25,Poor,338.57142857142856
Delhi,2018-01-26,128.45,207.66,28.91,38.17,57.6,44.28,1.43,7.99,44.09,2.46,3.7,0.6,263.0,Poor,2018-01-26,Poor,311.7142857142857
Delhi,2018-01-27,155.2,271.1,34.29,45.14,60.99,46.22,1.4,7.94,56.12,2.29,4.87,0.52,284.0,Poor,2018-01-27,Poor,302.14285714285717
Delhi,2018-01-28,150.96,248.26,41.85,47.6,73.57,45.66,1.85,10.26,54.01,2.07,4.36,0.84,334.0,Very Poor,2018-01-28,Very Poor,305.57142857142856
Delhi,2018-01-29,162.48,272.45,45.81,54.51,74.45,44.78,1.96,12.61,60.56,2.18,5.5,0.76,332.0,Very Poor,2018-01-29,Very Poor,301.2857142857143
Delhi,2018-01-30,126.84,212.59,23.71,47.59,51.3,38.68,2.0,14.47,56.85,1.84,4.26,0.49,300.0,Poor,2018-01-30,Poor,295.14285714285717
Delhi,2018-01-31,123.48,205.56,22.07,45.46,48.06,39.32,2.52,11.35,53.7,1.72,3.78,0.38,271.0,Poor,2018-01-31,Poor,293.0
Delhi,2018-02-01,157.33,298.58,38.37,63.88,67.65,46.95,1.62,18.67,60.7,2.08,5.48,0.62,293.0,Poor,2018-02-01,Poor,296.7142857142857
Delhi,2018-02-02,140.35,282.16,34.69,54.28,71.59,52.36,1.49,12.25,52.12,1.72,5.93,0.79,318.0,Very Poor,2018-02-02,Very Poor,304.57142857142856
Delhi,2018-02-03,115.05,239.61,27.97,51.46,64.81,46.26,1.29,14.2,52.29,1.35,4.57,0.45,277.0,Poor,2018-02-03,Poor,303.57142857142856
Delhi,2018-02-04,133.8,252.13,22.5,46.74,56.52,45.13,1.3,13.2,52.23,1.44,3.23,0.4,284.0,Poor,2018-02-04,Poor,296.42857142857144
Delhi,2018-02-05,163.6,308.37,42.64,63.42,78.45,45.41,1.33,14.77,43.11,2.04,4.47,0.36,313.0,Very Poor,2018-02-05,Very Poor,293.7142857142857
Delhi,2018-02-06,143.29,274.72,28.45,56.51,67.62,44.96,1.21,14.94,41.11,1.74,4.88,0.42,324.0,Very Poor,2018-02-06,Very Poor,297.14285714285717
Delhi,2018-02-07,131.49,246.92,26.04,54.53,55.33,43.31,1.18,14.58,49.34,1.64,3.92,0.36,287.0,Poor,2018-02-07,Poor,299.42857142857144
Delhi,2018-02-08,186.19,338.61,66.23,74.83,86.77,47.89,1.75,13.8,45.91,3.21,6.09,0.78,334.0,Very Poor,2018-02-08,Very Poor,305.2857142857143
Delhi,2018-02-09,203.33,348.94,56.38,74.5,84.22,49.6,1.7,14.35,49.11,3.32,6.44,0.61,375.0,Very Poor,2018-02-09,Very Poor,313.42857142857144
Delhi,2018-02-10,209.7,373.06,71.59,99.06,86.85,47.52,2.55,13.77,53.31,6.94,11.0,1.21,378.0,Very Poor,2018-02-10,Very Poor,327.85714285714283
Delhi,2018-02-11,148.13,300.96,57.19,62.4,82.24,51.43,1.56,14.45,43.54,3.53,5.29,0.67,350.0,Very Poor,2018-02-11,Very Poor,337.2857142857143
Delhi,2018-02-12,72.36,153.11,16.51,33.08,42.62,46.64,0.97,8.58,37.47,0.8,2.11,0.29,218.0,Poor,2018-02-12,Poor,323.7142857142857
Delhi,2018-02-13,103.93,170.12,37.45,46.48,72.84,50.89,1.21,10.25,38.83,1.73,4.16,0.35,189.0,Moderate,2018-02-13,Moderate,304.42857142857144
Delhi,2018-02-14,76.92,149.43,16.31,34.92,44.75,40.88,0.96,9.03,38.43,1.02,2.66,0.23,217.0,Poor,2018-02-14,Poor,294.42857142857144
Delhi,2018-02-15,94.49,173.59,16.78,38.54,47.11,44.48,1.03,11.47,40.95,1.16,2.82,0.16,189.0,Moderate,2018-02-15,Moderate,273.7142857142857
Delhi,2018-02-16,123.19,219.11,24.78,48.33,60.03,49.81,1.21,12.49,38.4,1.52,3.48,0.21,248.0,Poor,2018-02-16,Poor,255.57142857142858
Delhi,2018-02-17,127.8,244.27,24.55,49.9,60.9,49.73,1.27,15.01,44.13,1.73,3.91,0.33,277.0,Poor,2018-02-17,Poor,241.14285714285714
Delhi,2018-02-18,127.27,234.67,35.15,50.94,67.43,45.32,1.36,12.17,45.75,2.15,3.78,0.31,284.0,Poor,2018-02-18,Poor,231.71428571428572
Delhi,2018-02-19,172.55,315.75,68.88,71.76,88.37,46.22,1.96,15.25,49.74,3.07,5.52,0.79,321.0,Very Poor,2018-02-19,Very Poor,246.42857142857142
Delhi,2018-02-20,167.16,317.53,56.44,68.29,87.59,49.25,1.89,14.53,51.27,3.34,5.42,0.53,335.0,Very Poor,2018-02-20,Very Poor,267.2857142857143
Delhi,2018-02-21,172.99,346.46,72.82,92.54,94.31,49.47,2.42,13.97,57.47,5.24,8.8,0.93,347.0,Very Poor,2018-02-21,Very Poor,285.85714285714283
Delhi,2018-02-22,159.67,313.47,59.65,66.4,90.58,55.72,1.8,15.89,47.69,4.0,8.11,0.55,333.0,Very Poor,2018-02-22,Very Poor,306.42857142857144
Delhi,2018-02-23,163.75,333.99,59.63,70.77,92.54,59.64,1.81,16.26,48.62,3.89,9.53,0.0,331.0,Very Poor,2018-02-23,Very Poor,318.2857142857143
Delhi,2018-02-24,164.2,349.29,47.09,62.66,80.95,62.61,1.52,15.09,55.26,2.85,5.82,0.27,347.0,Very Poor,2018-02-24,Very Poor,328.2857142857143
Delhi,2018-02-25,106.26,222.46,25.0,42.88,59.15,50.57,1.0,14.34,43.87,2.05,3.94,0.2,317.0,Very Poor,2018-02-25,Very Poor,333.0
Delhi,2018-02-26,67.27,156.72,14.44,33.59,43.27,41.83,0.88,9.64,43.19,1.09,2.1,0.05,170.0,Moderate,2018-02-26,Moderate,311.42857142857144
Delhi,2018-02-27,85.53,178.51,24.54,43.12,56.44,43.85,1.15,10.72,40.51,1.93,3.03,0.06,167.0,Moderate,2018-02-27,Moderate,287.42857142857144
Delhi,2018-02-28,143.25,279.26,42.48,52.5,78.41,53.64,1.47,14.52,46.16,2.47,6.26,0.26,274.0,Poor,2018-02-28,Poor,277.0
Delhi,2018-03-01,120.71,256.86,45.93,51.74,79.9,49.29,1.43,14.9,40.69,2.3,5.76,0.56,293.0,Poor,2018-03-01,Poor,271.2857142857143
Delhi,2018-03-02,139.18,253.32,46.05,50.64,78.23,48.86,1.64,11.52,45.55,3.01,4.5,0.77,300.0,Poor,2018-03-02,Poor,266.85714285714283
Delhi,2018-03-03,98.25,205.92,26.84,41.07,59.03,44.26,1.18,12.93,38.38,1.85,3.67,0.57,244.0,Poor,2018-03-03,Poor,252.14285714285714
Delhi,2018-03-04,79.83,182.26,25.27,39.02,56.08,39.35,0.99,12.95,34.95,1.63,2.92,0.14,205.0,Poor,2018-03-04,Poor,236.14285714285714
Delhi,2018-03-05,76.96,164.74,24.87,39.58,56.62,38.32,0.99,12.7,40.45,1.39,2.92,0.0,180.0,Moderate,2018-03-05,Moderate,237.57142857142858
Delhi,2018-03-06,75.45,163.52,15.1,37.92,44.67,34.56,0.94,12.99,44.99,1.26,2.83,0.0,170.0,Moderate,2018-03-06,Moderate,238.0
Delhi,2018-03-07,87.62,178.53,25.71,45.6,54.4,36.46,1.11,13.23,45.24,1.7,3.57,0.0,192.0,Moderate,2018-03-07,Moderate,226.28571428571428
Delhi,2018-03-08,139.88,283.57,60.76,79.5,82.26,43.35,1.84,16.98,57.76,6.59,7.04,0.0,262.0,Poor,2018-03-08,Poor,221.85714285714286
Delhi,2018-03-09,134.76,274.89,45.51,65.86,75.45,46.02,1.64,18.68,52.43,4.54,6.65,0.0,316.0,Very Poor,2018-03-09,Very Poor,224.14285714285714
Delhi,2018-03-10,75.67,171.69,16.27,39.85,47.05,39.35,0.95,14.8,41.74,1.36,4.0,0.0,207.0,Poor,2018-03-10,Poor,218.85714285714286
Delhi,2018-03-11,88.3,183.74,23.14,41.81,55.86,39.62,1.08,15.41,46.28,1.28,3.12,0.0,179.0,Moderate,2018-03-11,Moderate,215.14285714285714
Delhi,2018-03-12,105.29,223.67,28.38,45.32,65.27,42.8,1.18,17.48,44.49,1.29,3.51,0.0,236.0,Poor,2018-03-12,Poor,223.14285714285714
Delhi,2018-03-13,109.22,245.66,41.54,56.5,73.67,42.23,1.54,17.22,43.79,1.87,4.78,0.0,241.0,Poor,2018-03-13,Poor,233.28571428571428
Delhi,2018-03-14,116.62,328.98,60.02,64.82,87.49,40.47,1.63,17.39,48.03,2.85,5.34,0.0,287.0,Poor,2018-03-14,Poor,246.85714285714286
Delhi,2018-03-15,108.98,314.72,36.34,48.86,66.89,43.23,1.23,16.08,37.77,3.53,5.3,0.0,314.0,Very Poor,2018-03-15,Very Poor,254.28571428571428
Delhi,2018-03-16,111.67,256.67,27.56,41.48,62.19,42.2,1.09,16.61,43.04,4.14,4.59,0.0,269.0,Poor,2018-03-16,Poor,247.57142857142858
Delhi,2018-03-17,81.57,170.16,21.81,32.61,44.69,33.72,1.09,13.63,37.89,1.73,2.68,0.0,218.0,Poor,2018-03-17,Poor,249.14285714285714
Delhi,2018-03-18,82.15,173.07,18.88,31.72,41.03,30.32,1.2,17.22,45.83,0.93,2.17,0.0,177.0,Moderate,2018-03-18,Moderate,248.85714285714286
Delhi,2018-03-19,81.93,197.13,28.38,43.85,62.83,37.7,1.1,16.95,44.89,1.06,4.02,0.0,177.0,Moderate,2018-03-19,Moderate,240.42857142857142
Delhi,2018-03-20,109.99,249.2,44.27,55.71,82.08,44.26,1.42,20.52,51.95,3.19,7.16,0.0,224.0,Poor,2018-03-20,Poor,238.0
Delhi,2018-03-21,133.53,280.94,30.35,45.33,66.03,49.85,1.36,24.36,52.82,4.03,5.93,0.0,302.0,Very Poor,2018-03-21,Very Poor,240.14285714285714
Delhi,2018-03-22,83.4,176.02,13.53,33.49,41.53,42.95,1.0,17.14,45.99,1.92,3.93,0.0,226.0,Poor,2018-03-22,Poor,227.57142857142858
Delhi,2018-03-23,64.2,151.45,14.86,34.53,42.49,34.91,0.89,12.75,46.6,1.57,3.61,0.0,171.0,Moderate,2018-03-23,Moderate,213.57142857142858
Delhi,2018-03-24,78.4,186.62,15.2,37.32,44.39,35.84,0.91,14.56,50.02,2.36,3.53,0.0,183.0,Moderate,2018-03-24,Moderate,208.57142857142858
Delhi,2018-03-25,85.34,190.95,11.77,34.66,41.31,37.35,0.96,15.57,54.47,1.74,2.91,0.0,202.0,Poor,2018-03-25,Poor,212.14285714285714
Delhi,2018-03-26,85.9,198.67,19.04,41.2,51.42,36.49,1.06,16.28,52.72,2.64,3.4,0.0,203.0,Poor,2018-03-26,Poor,215.85714285714286
Delhi,2018-03-27,111.26,256.4,42.38,60.75,76.0,37.92,1.52,18.5,49.55,4.42,5.92,0.0,246.0,Poor,2018-03-27,Poor,219.0
Delhi,2018-03-28,117.78,280.25,55.87,71.04,79.52,37.48,1.74,16.27,57.85,6.14,7.37,0.0,293.0,Poor,2018-03-28,Poor,217.71428571428572
Delhi,2018-03-29,95.98,217.49,17.1,41.56,49.23,37.18,1.01,16.53,57.43,2.72,3.78,0.0,238.0,Poor,2018-03-29,Poor,219.42857142857142
Delhi,2018-03-30,96.45,241.13,21.45,45.84,58.22,37.57,1.11,15.95,58.75,3.12,5.64,0.0,234.0,Poor,2018-03-30,Poor,228.42857142857142
Delhi,2018-03-31,101.59,292.49,25.6,44.76,57.92,42.4,1.17,16.59,67.56,2.96,5.24,0.0,269.0,Poor,2018-03-31,Poor,240.71428571428572
Delhi,2018-04-01,75.14,199.8,15.98,37.97,46.42,37.86,1.01,14.13,68.76,2.97,3.11,0.0,217.0,Poor,2018-04-01,Poor,242.85714285714286
Delhi,2018-04-02,96.38,241.96,26.07,48.52,64.03,43.29,1.22,16.54,64.33,3.33,4.77,0.0,217.0,Poor,2018-04-02,Poor,244.85714285714286
Delhi,2018-04-03,101.18,252.21,27.42,51.63,66.35,45.56,1.28,17.36,67.6,3.22,4.13,0.0,239.0,Poor,2018-04-03,Poor,243.85714285714286
Delhi,2018-04-04,111.82,262.69,32.79,52.51,69.5,50.48,1.44,16.58,65.46,2.64,4.85,0.0,244.0,Poor,2018-04-04,Poor,236.85714285714286
Delhi,2018-04-05,152.56,337.64,43.18,60.24,76.02,49.53,1.76,19.67,64.73,4.62,6.26,0.0,329.0,Very Poor,2018-04-05,Very Poor,249.85714285714286
Delhi,2018-04-06,100.5,231.2,25.66,44.92,62.14,43.35,1.42,19.96,54.04,2.64,4.14,0.0,271.0,Poor,2018-04-06,Poor,255.14285714285714
Delhi,2018-04-07,48.46,132.97,18.92,36.94,50.39,42.48,1.12,10.48,54.42,1.43,3.32,0.0,170.0,Moderate,2018-04-07,Moderate,241.0
Delhi,2018-04-08,50.27,137.52,13.22,34.29,41.32,44.48,1.09,10.5,56.29,0.95,2.63,0.0,142.0,Moderate,2018-04-08,Moderate,230.28571428571428
Delhi,2018-04-09,49.56,123.41,24.07,39.45,53.81,44.12,1.35,10.77,42.76,2.34,4.47,0.0,133.0,Moderate,2018-04-09,Moderate,218.28571428571428
Delhi,2018-04-10,93.89,251.98,35.24,45.16,65.04,52.07,1.57,12.65,60.94,4.38,13.51,0.0,205.0,Poor,2018-04-10,Poor,213.42857142857142
Delhi,2018-04-11,48.61,125.53,16.25,32.33,41.68,39.88,0.99,11.21,46.34,4.24,11.48,0.0,179.0,Moderate,2018-04-11,Moderate,204.14285714285714
Delhi,2018-04-12,46.21,109.03,20.89,40.94,49.98,33.55,1.3,10.07,48.2,4.98,6.09,0.0,135.0,Moderate,2018-04-12,Moderate,176.42857142857142
Delhi,2018-04-13,83.96,196.02,34.37,54.68,64.81,36.1,1.78,13.37,47.74,1.6,3.64,0.0,201.0,Poor,2018-04-13,Poor,166.42857142857142
Delhi,2018-04-14,97.16,235.01,42.69,59.41,73.26,39.49,2.12,15.77,47.69,2.45,4.84,0.0,233.0,Poor,2018-04-14,Poor,175.42857142857142
Delhi,2018-04-15,107.36,258.52,49.0,67.79,75.59,40.66,2.26,17.56,53.47,3.68,4.67,0.0,240.0,Poor,2018-04-15,Poor,189.42857142857142
Delhi,2018-04-16,119.75,334.05,51.52,76.17,79.53,46.53,2.51,21.02,55.85,4.66,6.12,0.0,296.0,Poor,2018-04-16,Poor,212.71428571428572
Delhi,2018-04-17,81.97,260.67,35.67,57.84,69.28,39.2,1.56,13.57,49.19,3.36,3.77,0.0,266.0,Poor,2018-04-17,Poor,221.42857142857142
Delhi,2018-04-18,73.44,256.18,16.91,40.44,46.57,33.33,1.04,13.29,51.01,1.72,2.79,0.0,216.0,Poor,2018-04-18,Poor,226.71428571428572
Delhi,2018-04-19,89.49,282.24,27.08,51.78,62.47,35.35,1.19,16.76,53.3,2.44,3.63,0.0,242.0,Poor,2018-04-19,Poor,242.0
Delhi,2018-04-20,100.01,385.04,20.62,40.56,49.75,36.14,0.91,15.55,48.98,2.23,3.71,0.0,271.0,Poor,2018-04-20,Poor,252.0
Delhi,2018-04-21,119.24,480.07,9.64,30.99,35.73,31.94,0.89,12.08,61.05,1.13,2.73,0.0,444.0,Severe,2018-04-21,Severe,282.14285714285717
Delhi,2018-04-22,62.06,208.53,9.34,31.63,35.38,29.3,0.85,16.92,60.81,1.43,2.24,0.0,302.0,Very Poor,2018-04-22,Very Poor,291.0
Delhi,2018-04-23,76.11,219.94,17.48,39.43,43.95,27.09,1.03,12.89,63.78,1.83,3.31,0.0,197.0,Moderate,2018-04-23,Moderate,276.85714285714283
Delhi,2018-04-24,108.64,274.05,27.8,57.07,61.05,32.19,1.28,17.01,59.45,3.36,5.14,0.0,242.0,Poor,2018-04-24,Poor,273.42857142857144
Delhi,2018-04-25,117.56,313.41,46.07,82.47,77.25,31.94,2.02,15.1,48.81,6.04,8.18,0.0,287.0,Poor,2018-04-25,Poor,283.57142857142856
Delhi,2018-04-26,142.82,397.1,44.46,78.5,78.44,41.32,2.09,17.89,65.07,5.52,6.76,0.0,329.0,Very Poor,2018-04-26,Very Poor,296.0
Delhi,2018-04-27,107.47,336.49,22.69,49.86,54.16,51.03,1.41,12.96,69.49,2.86,4.75,0.0,351.0,Very Poor,2018-04-27,Very Poor,307.42857142857144
Delhi,2018-04-28,84.13,316.52,11.33,36.11,41.23,44.78,1.14,12.38,75.5,1.7,3.23,0.0,288.0,Poor,2018-04-28,Poor,285.14285714285717
Delhi,2018-04-29,89.1,259.12,13.32,42.57,48.22,47.69,1.26,16.1,69.07,1.87,3.3,0.0,259.0,Poor,2018-04-29,Poor,279.0
Delhi,2018-04-30,79.3,214.51,21.81,46.42,58.38,49.72,1.12,11.9,60.39,1.71,3.66,0.0,221.0,Poor,2018-04-30,Poor,282.42857142857144
Delhi,2018-05-01,54.88,165.91,11.11,33.37,41.04,44.37,0.81,8.8,65.54,1.18,1.91,0.0,173.0,Moderate,2018-05-01,Moderate,272.57142857142856
Delhi,2018-05-02,66.74,189.28,14.43,34.14,42.86,37.69,1.02,7.65,64.55,1.19,1.84,0.0,161.0,Moderate,2018-05-02,Moderate,254.57142857142858
Delhi,2018-05-03,47.25,153.75,15.63,31.77,40.96,38.01,1.23,9.52,50.16,0.94,2.3,0.0,167.0,Moderate,2018-05-03,Moderate,231.42857142857142
Delhi,2018-05-04,49.09,123.82,11.61,30.44,37.96,38.61,1.17,9.06,59.09,1.41,2.55,0.0,146.0,Moderate,2018-05-04,Moderate,202.14285714285714
Delhi,2018-05-05,74.82,196.76,23.26,46.75,55.93,44.85,1.74,11.85,59.48,2.46,4.28,0.0,174.0,Moderate,2018-05-05,Moderate,185.85714285714286
Delhi,2018-05-06,110.48,290.63,42.39,53.69,71.2,44.57,2.05,14.61,57.57,3.75,5.89,0.0,280.0,Poor,2018-05-06,Poor,188.85714285714286
Delhi,2018-05-07,111.95,302.1,42.33,54.75,76.02,45.99,2.2,16.31,57.48,3.61,5.38,0.0,243.0,Poor,2018-05-07,Poor,192.0
Delhi,2018-05-08,61.0,177.71,10.01,27.66,32.84,27.14,1.31,6.97,61.42,1.37,2.67,0.0,252.0,Poor,2018-05-08,Poor,203.28571428571428
Delhi,2018-05-09,71.99,177.76,19.68,46.09,56.74,43.68,1.46,12.35,53.1,1.93,4.49,0.0,168.0,Moderate,2018-05-09,Moderate,204.28571428571428
Delhi,2018-05-10,93.45,215.34,28.94,52.15,68.21,53.84,2.41,12.02,57.78,2.3,4.57,0.0,218.0,Poor,2018-05-10,Poor,211.57142857142858
Delhi,2018-05-11,132.39,315.8,35.51,65.41,75.54,51.67,2.73,16.58,65.24,4.4,5.38,0.0,292.0,Poor,2018-05-11,Poor,232.42857142857142
Delhi,2018-05-12,144.33,353.5,45.32,74.13,88.45,65.63,3.2,17.75,67.9,4.15,5.23,0.0,330.0,Very Poor,2018-05-12,Very Poor,254.71428571428572
Delhi,2018-05-13,80.64,236.35,17.22,31.22,44.1,59.34,2.1,11.48,67.88,1.31,2.15,0.0,285.0,Poor,2018-05-13,Poor,255.42857142857142
Delhi,2018-05-14,49.22,137.39,13.4,40.3,41.85,46.61,2.05,11.3,56.2,1.07,2.34,0.0,174.0,Moderate,2018-05-14,Moderate,245.57142857142858
Delhi,2018-05-15,67.23,177.03,13.34,39.81,43.92,49.62,1.91,11.9,62.52,1.85,3.06,0.0,173.0,Moderate,2018-05-15,Moderate,234.28571428571428
Delhi,2018-05-16,78.74,221.21,16.47,41.79,45.65,43.11,1.11,9.25,54.41,2.59,3.61,0.0,194.0,Moderate,2018-05-16,Moderate,238.0
Delhi,2018-05-17,105.99,288.92,17.3,44.14,44.55,45.08,0.85,13.61,70.39,1.84,3.94,0.0,240.0,Poor,2018-05-17,Poor,241.14285714285714
Delhi,2018-05-18,96.96,241.99,27.74,53.88,63.16,54.12,1.07,13.97,58.67,3.02,5.04,0.0,254.0,Poor,2018-05-18,Poor,235.71428571428572
Delhi,2018-05-19,103.98,284.44,49.67,65.52,81.75,55.99,1.46,12.48,57.66,5.23,6.98,0.0,270.0,Poor,2018-05-19,Poor,227.14285714285714
Delhi,2018-05-20,83.66,228.61,20.35,45.88,50.04,45.4,1.08,12.65,55.77,2.72,5.24,0.0,231.0,Poor,2018-05-20,Poor,219.42857142857142
Delhi,2018-05-21,71.25,209.67,14.16,42.68,48.33,41.07,0.91,12.73,60.27,3.04,5.34,0.0,208.0,Poor,2018-05-21,Poor,224.28571428571428
Delhi,2018-05-22,91.16,243.14,28.41,59.07,60.5,40.31,1.17,15.56,59.41,3.53,6.23,0.0,207.0,Poor,2018-05-22,Poor,229.14285714285714
Delhi,2018-05-23,129.23,324.0,53.83,77.28,86.18,46.95,1.66,17.57,59.46,5.79,9.66,0.0,306.0,Very Poor,2018-05-23,Very Poor,245.14285714285714
Delhi,2018-05-24,114.13,298.07,37.09,57.51,67.13,51.03,1.34,17.78,53.43,3.1,6.97,0.0,303.0,Very Poor,2018-05-24,Very Poor,254.14285714285714
Delhi,2018-05-25,83.88,249.82,42.75,59.34,63.04,36.45,1.31,12.73,48.95,4.03,6.57,0.0,260.0,Poor,2018-05-25,Poor,255.0
Delhi,2018-05-26,103.02,263.49,41.7,64.88,61.71,37.33,1.47,14.9,49.85,4.77,6.65,0.0,244.0,Poor,2018-05-26,Poor,251.28571428571428
Delhi,2018-05-27,97.37,314.96,31.92,58.31,57.05,35.05,1.1,11.59,56.75,3.73,4.64,0.0,268.0,Poor,2018-05-27,Poor,256.57142857142856
Delhi,2018-05-28,117.56,290.96,29.36,54.01,57.51,48.36,1.33,15.54,59.11,2.77,5.02,0.0,276.0,Poor,2018-05-28,Poor,266.2857142857143
Delhi,2018-05-29,112.6,312.18,41.22,60.34,66.84,51.9,1.4,11.93,59.1,3.88,5.4,0.0,303.0,Very Poor,2018-05-29,Very Poor,280.0
Delhi,2018-05-30,65.76,295.94,13.19,33.21,42.64,54.38,0.95,8.58,59.9,1.2,1.85,0.0,272.0,Poor,2018-05-30,Poor,275.14285714285717
Delhi,2018-05-31,71.99,235.22,14.54,40.76,44.17,50.49,1.0,9.71,50.6,1.88,3.53,0.0,223.0,Poor,2018-05-31,Poor,263.7142857142857
Delhi,2018-06-01,79.98,233.97,8.65,30.14,33.87,48.38,0.81,8.24,58.87,1.48,3.18,0.0,196.0,Moderate,2018-06-01,Moderate,254.57142857142858
Delhi,2018-06-02,52.6,154.66,12.65,29.28,35.13,41.24,0.98,9.08,60.12,1.51,3.67,0.0,183.0,Moderate,2018-06-02,Moderate,245.85714285714286
Delhi,2018-06-03,59.52,140.21,16.93,31.51,43.09,43.82,0.84,7.79,57.87,1.32,3.37,0.0,154.0,Moderate,2018-06-03,Moderate,229.57142857142858
Delhi,2018-06-04,64.42,179.31,14.32,30.68,38.57,49.08,0.81,8.14,57.03,2.13,3.41,0.0,170.0,Moderate,2018-06-04,Moderate,214.42857142857142
Delhi,2018-06-05,61.72,152.57,9.58,27.67,32.62,43.21,0.82,7.51,48.46,2.52,4.69,0.0,160.0,Moderate,2018-06-05,Moderate,194.0
Delhi,2018-06-06,57.68,159.45,8.99,31.11,33.05,39.58,0.88,9.34,48.47,2.71,6.46,0.0,146.0,Moderate,2018-06-06,Moderate,176.0
Delhi,2018-06-07,73.77,165.33,10.21,33.8,37.99,40.17,0.96,10.1,60.18,4.76,6.4,0.0,166.0,Moderate,2018-06-07,Moderate,167.85714285714286
Delhi,2018-06-08,76.78,196.34,9.8,31.27,36.1,46.72,0.95,7.75,54.22,2.56,4.55,0.0,180.0,Moderate,2018-06-08,Moderate,165.57142857142858
Delhi,2018-06-09,52.79,136.75,10.94,27.39,36.36,40.4,0.9,6.41,41.95,2.72,4.57,0.0,153.0,Moderate,2018-06-09,Moderate,161.28571428571428
Delhi,2018-06-10,67.02,141.09,16.94,34.23,38.52,49.24,0.93,7.35,45.16,2.67,7.04,0.0,153.0,Moderate,2018-06-10,Moderate,161.14285714285714
Delhi,2018-06-11,73.22,218.14,11.9,34.85,35.75,48.15,0.9,6.94,46.66,2.57,5.41,0.0,186.0,Moderate,2018-06-11,Moderate,163.42857142857142
Delhi,2018-06-12,141.28,497.9,11.06,31.72,34.01,40.05,0.87,8.73,37.85,2.26,6.1,0.0,285.0,Poor,2018-06-12,Poor,181.28571428571428
Delhi,2018-06-13,261.77,743.98,11.58,25.75,30.62,32.58,0.77,6.91,27.45,2.33,4.31,0.0,453.0,Severe,2018-06-13,Severe,225.14285714285714
Delhi,2018-06-14,225.49,761.91,11.75,25.37,29.01,27.3,0.72,7.22,43.38,2.25,9.35,0.0,522.0,Severe,2018-06-14,Severe,276.0
Delhi,2018-06-15,153.28,613.34,12.05,24.61,29.31,26.27,0.7,7.31,40.15,2.98,10.64,0.0,593.0,Severe,2018-06-15,Severe,335.0
Delhi,2018-06-16,127.32,516.85,10.15,25.0,29.76,28.12,0.68,7.29,45.76,3.36,5.58,0.0,531.0,Severe,2018-06-16,Severe,389.0
Delhi,2018-06-17,84.47,289.18,8.45,22.78,27.88,27.53,0.68,6.18,44.56,2.78,6.3,0.0,384.0,Very Poor,2018-06-17,Very Poor,422.0
Delhi,2018-06-18,61.06,166.71,11.44,26.68,31.17,33.27,0.77,7.71,46.41,2.82,8.24,0.0,179.0,Moderate,2018-06-18,Moderate,421.0
Delhi,2018-06-19,52.76,152.06,10.85,26.52,29.02,31.25,0.68,6.5,53.39,3.73,8.34,0.03,146.0,Moderate,2018-06-19,Moderate,401.14285714285717
Delhi,2018-06-20,67.55,201.22,13.82,33.71,37.25,36.03,0.77,10.05,60.2,4.51,10.83,0.0,175.0,Moderate,2018-06-20,Moderate,361.42857142857144
Delhi,2018-06-21,76.98,273.16,11.17,34.82,35.93,38.44,0.75,9.73,66.75,3.89,11.19,0.0,221.0,Poor,2018-06-21,Poor,318.42857142857144
Delhi,2018-06-22,83.98,247.55,23.62,45.06,53.22,44.46,0.99,12.38,64.38,4.69,13.08,21.62,249.0,Poor,2018-06-22,Poor,269.2857142857143
Delhi,2018-06-23,81.33,242.29,17.78,44.23,49.29,44.27,0.96,11.68,66.18,4.26,13.63,18.61,228.0,Poor,2018-06-23,Poor,226.0
Delhi,2018-06-24,54.15,163.89,10.39,34.98,37.1,34.64,0.77,13.73,59.17,2.66,10.24,7.98,194.0,Moderate,2018-06-24,Moderate,198.85714285714286
Delhi,2018-06-25,46.9,155.61,10.81,34.92,31.12,32.64,0.74,12.17,39.06,1.93,11.0,2.05,168.0,Moderate,2018-06-25,Moderate,197.28571428571428
Delhi,2018-06-26,29.98,92.12,8.89,34.16,26.14,35.67,0.72,13.16,33.09,1.81,17.81,0.76,128.0,Moderate,2018-06-26,Moderate,194.71428571428572
Delhi,2018-06-27,52.48,111.4,9.03,31.0,25.96,44.57,0.84,10.43,44.04,2.24,22.29,1.31,126.0,Moderate,2018-06-27,Moderate,187.71428571428572
Delhi,2018-06-28,30.07,71.42,8.68,29.01,23.9,44.84,0.76,8.48,33.17,1.65,18.35,0.44,99.0,Satisfactory,2018-06-28,Satisfactory,170.28571428571428
Delhi,2018-06-29,37.11,84.12,10.99,30.43,26.78,42.44,0.87,9.36,31.43,2.22,17.18,1.01,90.0,Satisfactory,2018-06-29,Satisfactory,147.57142857142858
Delhi,2018-06-30,41.41,103.75,10.42,32.89,28.23,40.71,0.91,9.55,31.21,2.3,21.04,1.02,113.0,Moderate,2018-06-30,Moderate,131.14285714285714
Delhi,2018-07-01,34.18,97.81,10.82,28.46,26.45,44.47,0.78,8.53,28.09,1.56,20.66,1.0,102.0,Moderate,2018-07-01,Moderate,118.0
Delhi,2018-07-02,34.24,122.23,7.87,25.74,22.61,36.17,0.65,8.82,33.79,0.98,15.01,0.37,111.0,Moderate,2018-07-02,Moderate,109.85714285714286
Delhi,2018-07-03,44.55,109.65,11.74,37.27,32.19,38.7,0.86,10.11,39.78,1.82,21.86,1.98,122.0,Moderate,2018-07-03,Moderate,109.0
Delhi,2018-07-04,45.76,113.75,8.01,31.17,25.67,37.0,0.78,10.14,45.71,1.88,22.27,5.74,128.0,Moderate,2018-07-04,Moderate,109.28571428571429
Delhi,2018-07-05,50.41,133.6,13.52,38.05,33.66,38.45,0.95,11.14,41.14,2.57,32.38,14.04,130.0,Moderate,2018-07-05,Moderate,113.71428571428571
Delhi,2018-07-06,57.12,163.19,16.15,36.71,35.28,48.7,0.94,10.27,40.01,2.31,31.73,3.26,147.0,Moderate,2018-07-06,Moderate,121.85714285714286
Delhi,2018-07-07,61.93,158.13,8.99,34.43,28.17,51.84,0.9,10.4,53.82,2.06,24.89,2.46,155.0,Moderate,2018-07-07,Moderate,127.85714285714286
Delhi,2018-07-08,68.2,179.05,14.86,39.85,35.86,57.11,0.98,11.6,65.27,2.31,30.07,2.62,176.0,Moderate,2018-07-08,Moderate,138.42857142857142
Delhi,2018-07-09,70.48,169.96,9.06,35.14,28.69,55.38,0.93,11.0,54.8,1.66,20.19,1.01,168.0,Moderate,2018-07-09,Moderate,146.57142857142858
Delhi,2018-07-10,47.48,112.45,7.74,28.19,24.09,47.18,0.81,10.92,43.89,1.07,17.31,0.24,140.0,Moderate,2018-07-10,Moderate,149.14285714285714
Delhi,2018-07-11,39.78,102.39,8.76,31.82,26.63,39.31,0.84,11.26,34.6,1.49,21.21,0.39,111.0,Moderate,2018-07-11,Moderate,146.71428571428572
Delhi,2018-07-12,46.53,127.08,10.21,34.22,28.48,35.01,0.76,10.92,45.16,1.49,21.79,1.1,130.0,Moderate,2018-07-12,Moderate,146.71428571428572
Delhi,2018-07-13,28.44,61.6,12.27,31.94,29.09,33.49,0.88,10.69,26.96,1.55,24.0,0.99,109.0,Moderate,2018-07-13,Moderate,141.28571428571428
Delhi,2018-07-14,33.82,70.35,13.24,31.63,31.3,34.11,0.84,11.13,29.2,1.81,29.69,1.03,96.0,Satisfactory,2018-07-14,Satisfactory,132.85714285714286
Delhi,2018-07-15,37.76,78.42,8.28,28.9,25.51,32.08,0.78,10.64,28.01,1.19,21.78,0.41,92.0,Satisfactory,2018-07-15,Satisfactory,120.85714285714286
Delhi,2018-07-16,37.32,83.03,13.87,33.31,32.44,36.19,0.96,9.51,23.59,1.61,31.33,1.3,95.0,Satisfactory,2018-07-16,Satisfactory,110.42857142857143
Delhi,2018-07-17,34.26,84.78,11.89,30.73,28.81,41.85,0.87,10.2,31.96,1.53,28.84,0.85,105.0,Moderate,2018-07-17,Moderate,105.42857142857143
Delhi,2018-07-18,37.76,97.11,12.45,29.45,28.39,46.23,0.82,11.04,32.43,1.48,25.94,0.83,114.0,Moderate,2018-07-18,Moderate,105.85714285714286
Delhi,2018-07-19,35.04,83.54,10.58,27.41,25.71,41.74,0.8,11.14,31.96,1.31,22.7,0.47,106.0,Moderate,2018-07-19,Moderate,102.42857142857143
Delhi,2018-07-20,37.26,80.33,12.22,33.46,30.45,38.54,0.89,10.4,24.18,1.87,30.82,0.91,90.0,Satisfactory,2018-07-20,Satisfactory,99.71428571428571
Delhi,2018-07-21,50.21,95.93,17.99,36.48,37.03,43.54,0.97,11.2,32.23,2.32,32.24,0.88,114.0,Moderate,2018-07-21,Moderate,102.28571428571429
Delhi,2018-07-22,25.81,47.63,12.14,27.55,27.12,37.26,0.83,9.85,24.91,1.28,23.18,0.63,87.0,Satisfactory,2018-07-22,Satisfactory,101.57142857142857
Delhi,2018-07-23,32.39,69.73,14.28,28.74,29.43,39.3,0.81,10.43,26.11,1.39,23.1,0.48,80.0,Satisfactory,2018-07-23,Satisfactory,99.42857142857143
Delhi,2018-07-24,39.3,94.8,12.18,29.15,26.72,40.08,0.83,10.78,34.46,1.5,24.69,0.45,101.0,Moderate,2018-07-24,Moderate,98.85714285714286
Delhi,2018-07-25,34.7,80.13,15.59,27.58,28.48,39.46,0.81,9.99,21.39,1.18,26.71,0.56,90.0,Satisfactory,2018-07-25,Satisfactory,95.42857142857143
Delhi,2018-07-26,32.22,57.98,16.81,25.1,28.9,38.33,0.89,9.27,18.6,1.26,25.4,0.6,90.0,Satisfactory,2018-07-26,Satisfactory,93.14285714285714
Delhi,2018-07-27,21.75,35.79,14.04,23.41,25.77,33.02,0.91,9.13,19.82,1.46,30.17,0.54,68.0,Satisfactory,2018-07-27,Satisfactory,90.0
Delhi,2018-07-28,37.69,67.2,13.43,21.59,24.43,29.08,0.73,9.55,24.11,1.36,22.84,0.45,71.0,Satisfactory,2018-07-28,Satisfactory,83.85714285714286
Delhi,2018-07-29,44.03,116.89,18.34,25.02,30.46,36.7,0.74,9.37,26.19,1.24,22.57,0.44,100.0,Satisfactory,2018-07-29,Satisfactory,85.71428571428571
Delhi,2018-07-30,39.89,122.86,15.98,25.06,28.28,42.39,0.8,8.96,28.09,1.08,22.42,0.29,122.0,Moderate,2018-07-30,Moderate,91.71428571428571
Delhi,2018-07-31,50.59,165.4,15.59,28.84,30.1,41.94,0.91,9.12,27.81,1.28,24.33,0.57,135.0,Moderate,2018-07-31,Moderate,96.57142857142857
Delhi,2018-08-01,55.77,195.09,19.92,26.14,32.34,38.58,0.94,9.71,29.94,1.38,22.32,0.28,155.0,Moderate,2018-08-01,Moderate,105.85714285714286
Delhi,2018-08-02,71.5,268.29,20.56,25.2,32.61,36.33,0.86,10.22,29.3,1.47,23.26,0.31,215.0,Poor,2018-08-02,Poor,123.71428571428571
Delhi,2018-08-03,65.46,248.8,19.1,26.08,31.73,34.43,0.78,9.48,28.1,1.4,20.79,0.21,228.0,Poor,2018-08-03,Poor,146.57142857142858
Delhi,2018-08-04,69.75,264.97,19.25,28.77,32.96,33.4,0.76,9.61,29.61,1.23,22.81,0.33,215.0,Poor,2018-08-04,Poor,167.14285714285714
Delhi,2018-08-05,63.57,246.89,17.71,24.82,29.73,33.84,0.71,9.86,25.4,1.08,17.19,0.4,234.0,Poor,2018-08-05,Poor,186.28571428571428
Delhi,2018-08-06,50.64,131.76,19.28,26.59,32.23,45.36,0.9,9.4,27.42,1.44,22.79,0.49,166.0,Moderate,2018-08-06,Moderate,192.57142857142858
Delhi,2018-08-07,44.54,110.19,18.64,26.15,31.04,40.11,0.98,10.65,32.06,1.55,24.7,0.59,123.0,Moderate,2018-08-07,Moderate,190.85714285714286
Delhi,2018-08-08,36.7,76.04,19.04,25.24,30.33,38.57,1.02,9.47,31.12,1.55,23.23,0.58,108.0,Moderate,2018-08-08,Moderate,184.14285714285714
Delhi,2018-08-09,36.84,91.15,17.18,24.98,29.1,38.58,0.89,9.85,34.11,1.37,21.43,0.47,102.0,Moderate,2018-08-09,Moderate,168.0
Delhi,2018-08-10,46.24,115.63,27.59,34.82,42.63,40.95,1.11,9.66,31.83,1.81,28.91,0.33,111.0,Moderate,2018-08-10,Moderate,151.28571428571428
Delhi,2018-08-11,32.72,98.26,18.61,24.06,28.8,36.5,0.7,8.84,27.66,1.28,22.4,0.27,106.0,Moderate,2018-08-11,Moderate,135.71428571428572
Delhi,2018-08-12,25.7,83.58,14.86,23.5,25.93,30.55,0.66,9.09,23.92,0.97,20.03,0.1,92.0,Satisfactory,2018-08-12,Satisfactory,115.42857142857143
Delhi,2018-08-13,32.75,106.03,16.15,25.04,28.15,34.65,0.84,9.26,27.7,1.11,23.38,0.09,102.0,Moderate,2018-08-13,Moderate,106.28571428571429
Delhi,2018-08-14,46.85,126.7,14.03,29.49,30.34,39.38,1.09,9.86,32.47,1.57,31.99,0.19,122.0,Moderate,2018-08-14,Moderate,106.14285714285714
Delhi,2018-08-15,43.0,117.21,9.88,23.72,22.86,37.96,0.84,8.85,34.04,1.41,30.1,0.07,128.0,Moderate,2018-08-15,Moderate,109.0
Delhi,2018-08-16,36.49,88.06,18.67,29.32,33.72,40.19,1.21,10.43,31.87,1.88,38.17,0.11,109.0,Moderate,2018-08-16,Moderate,110.0
Delhi,2018-08-17,32.98,80.82,18.25,24.58,30.72,37.68,0.98,9.26,30.62,1.88,35.61,0.23,109.0,Moderate,2018-08-17,Moderate,109.71428571428571
Delhi,2018-08-18,32.11,77.4,12.87,26.17,26.14,32.83,0.88,10.05,30.9,1.61,31.04,0.05,90.0,Satisfactory,2018-08-18,Satisfactory,107.42857142857143
Delhi,2018-08-19,47.01,96.0,18.92,31.85,33.12,31.46,1.07,11.4,32.1,1.63,32.28,0.03,100.0,Satisfactory,2018-08-19,Satisfactory,108.57142857142857
Delhi,2018-08-20,61.1,125.39,23.17,32.54,37.99,38.4,1.18,10.88,39.36,1.66,30.16,0.12,138.0,Moderate,2018-08-20,Moderate,113.71428571428571
Delhi,2018-08-21,30.98,77.56,11.76,27.85,26.25,32.36,1.02,11.99,31.02,1.09,20.9,0.09,105.0,Moderate,2018-08-21,Moderate,111.28571428571429
Delhi,2018-08-22,29.75,74.91,14.93,28.18,28.73,28.58,0.9,11.43,25.33,1.23,25.98,0.05,91.0,Satisfactory,2018-08-22,Satisfactory,106.0
Delhi,2018-08-23,31.19,73.3,15.41,24.72,27.95,32.42,0.82,10.82,18.25,1.16,25.82,0.04,86.0,Satisfactory,2018-08-23,Satisfactory,102.71428571428571
Delhi,2018-08-24,23.71,88.0,17.54,24.6,29.81,28.45,0.8,10.4,19.29,1.15,27.47,0.16,89.0,Satisfactory,2018-08-24,Satisfactory,99.85714285714286
Delhi,2018-08-25,21.96,82.69,14.99,22.78,26.16,25.87,0.68,10.9,20.69,1.19,26.57,0.03,100.0,Satisfactory,2018-08-25,Satisfactory,101.28571428571429
Delhi,2018-08-26,23.96,77.21,9.89,19.92,20.16,24.13,0.6,10.31,24.77,0.96,20.49,0.08,85.0,Satisfactory,2018-08-26,Satisfactory,99.14285714285714
Delhi,2018-08-27,24.78,56.62,10.67,23.6,23.07,26.04,0.78,10.82,26.5,1.31,23.78,0.07,82.0,Satisfactory,2018-08-27,Satisfactory,91.14285714285714
Delhi,2018-08-28,29.26,58.76,14.65,25.52,27.65,27.99,0.85,10.84,21.91,1.53,28.19,0.09,81.0,Satisfactory,2018-08-28,Satisfactory,87.71428571428571
Delhi,2018-08-29,36.06,65.58,15.31,26.12,27.86,29.36,0.9,10.23,21.53,1.6,28.23,0.08,88.0,Satisfactory,2018-08-29,Satisfactory,87.28571428571429
Delhi,2018-08-30,41.26,95.47,21.4,28.28,34.45,29.82,0.95,9.97,27.06,1.78,30.81,0.2,97.0,Satisfactory,2018-08-30,Satisfactory,88.85714285714286
Delhi,2018-08-31,47.53,152.29,13.54,25.96,26.93,28.79,0.82,9.67,23.57,1.47,29.67,0.12,127.0,Moderate,2018-08-31,Moderate,94.28571428571429
Delhi,2018-09-01,45.19,110.35,19.47,28.51,31.54,31.04,1.02,10.53,19.58,2.24,34.3,0.04,132.0,Moderate,2018-09-01,Moderate,98.85714285714286
Delhi,2018-09-02,40.9,80.4,20.91,23.44,29.51,31.34,0.87,9.81,23.36,1.95,33.74,0.15,116.0,Moderate,2018-09-02,Moderate,103.28571428571429
Delhi,2018-09-03,42.06,72.38,17.6,27.63,30.0,30.05,1.06,9.96,26.15,2.11,29.86,0.79,89.0,Satisfactory,2018-09-03,Satisfactory,104.28571428571429
Delhi,2018-09-04,55.72,105.56,34.09,35.94,49.8,32.41,1.29,10.8,26.55,2.89,37.58,0.13,118.0,Moderate,2018-09-04,Moderate,109.57142857142857
Delhi,2018-09-05,39.77,101.8,21.85,30.63,37.55,29.56,1.04,9.62,20.64,2.12,31.65,0.08,108.0,Moderate,2018-09-05,Moderate,112.42857142857143
Delhi,2018-09-06,49.44,138.52,28.45,30.88,43.56,30.78,0.96,10.13,26.24,2.19,29.94,0.03,137.0,Moderate,2018-09-06,Moderate,118.14285714285714
Delhi,2018-09-07,42.11,87.03,30.95,37.91,49.1,32.06,1.1,10.75,28.23,2.51,36.86,0.28,117.0,Moderate,2018-09-07,Moderate,116.71428571428571
Delhi,2018-09-08,35.45,72.63,17.48,26.65,31.93,28.17,0.84,11.38,23.65,1.84,28.88,0.06,105.0,Moderate,2018-09-08,Moderate,112.85714285714286
Delhi,2018-09-09,29.1,56.92,10.53,23.58,24.12,24.71,0.72,10.98,26.36,1.05,17.3,0.14,86.0,Satisfactory,2018-09-09,Satisfactory,108.57142857142857
Delhi,2018-09-10,36.99,83.98,15.56,29.61,30.96,24.26,0.88,11.21,29.46,1.29,20.47,0.23,92.0,Satisfactory,2018-09-10,Satisfactory,109.0
Delhi,2018-09-11,28.33,78.11,19.0,26.0,32.0,23.37,0.78,9.77,23.21,1.36,24.81,0.06,91.0,Satisfactory,2018-09-11,Satisfactory,105.14285714285714
Delhi,2018-09-12,28.55,103.27,17.17,24.4,29.28,22.38,0.71,10.31,22.44,1.44,25.14,0.03,96.0,Satisfactory,2018-09-12,Satisfactory,103.42857142857143
Delhi,2018-09-13,27.49,115.88,19.96,23.21,30.78,20.34,0.63,11.24,23.11,1.28,24.6,0.03,108.0,Moderate,2018-09-13,Moderate,99.28571428571429
Delhi,2018-09-14,31.38,113.92,20.52,25.18,32.01,19.9,0.7,11.21,24.58,1.44,24.24,0.07,113.0,Moderate,2018-09-14,Moderate,98.71428571428571
Delhi,2018-09-15,37.48,125.81,26.65,27.72,37.7,22.31,0.8,11.74,25.86,2.29,24.43,0.12,126.0,Moderate,2018-09-15,Moderate,101.71428571428571
Delhi,2018-09-16,43.09,131.43,21.14,25.92,31.12,24.13,0.72,11.14,26.12,1.78,23.98,0.0,124.0,Moderate,2018-09-16,Moderate,107.14285714285714
Delhi,2018-09-17,55.86,157.59,22.25,29.15,33.99,25.37,0.78,11.12,35.01,1.68,21.94,0.01,135.0,Moderate,2018-09-17,Moderate,113.28571428571429
Delhi,2018-09-18,54.94,165.11,15.0,29.8,28.63,24.13,0.75,11.95,38.79,1.71,23.97,0.0,154.0,Moderate,2018-09-18,Moderate,122.28571428571429
Delhi,2018-09-19,58.63,175.12,26.29,37.36,40.98,26.44,0.89,13.43,40.04,2.12,27.54,0.0,157.0,Moderate,2018-09-19,Moderate,131.0
Delhi,2018-09-20,73.3,185.23,28.51,38.16,42.01,29.96,0.98,14.41,49.18,2.75,35.2,0.01,173.0,Moderate,2018-09-20,Moderate,140.28571428571428
Delhi,2018-09-21,46.73,112.51,11.6,26.7,24.32,28.6,0.75,12.74,30.31,1.98,22.78,0.01,155.0,Moderate,2018-09-21,Moderate,146.28571428571428
Delhi,2018-09-22,24.29,46.36,10.07,21.72,19.92,23.58,0.73,11.11,23.89,1.7,24.61,0.01,76.0,Satisfactory,2018-09-22,Satisfactory,139.14285714285714
Delhi,2018-09-23,30.71,54.77,7.37,19.88,16.84,22.73,0.67,11.59,28.89,1.4,17.36,0.0,69.0,Satisfactory,2018-09-23,Satisfactory,131.28571428571428
Delhi,2018-09-24,21.46,35.84,14.91,25.07,25.46,22.73,0.74,11.08,19.54,2.44,21.7,0.0,63.0,Satisfactory,2018-09-24,Satisfactory,121.0
Delhi,2018-09-25,21.45,49.41,20.54,25.67,30.35,22.28,0.81,10.88,22.48,3.12,30.75,0.01,63.0,Satisfactory,2018-09-25,Satisfactory,108.0
Delhi,2018-09-26,42.83,108.67,31.86,32.38,42.65,24.2,1.03,11.59,28.54,2.94,40.14,0.01,99.0,Satisfactory,2018-09-26,Satisfactory,99.71428571428571
Delhi,2018-09-27,71.44,171.42,66.23,37.42,73.58,30.7,1.5,12.78,35.24,4.84,60.29,0.06,151.0,Moderate,2018-09-27,Moderate,96.57142857142857
Delhi,2018-09-28,83.78,214.66,86.96,44.68,93.15,35.57,1.78,12.98,37.24,6.51,75.0,0.12,200.0,Moderate,2018-09-28,Moderate,103.0
Delhi,2018-09-29,92.46,230.62,61.52,46.15,74.55,37.78,1.57,13.08,41.92,6.0,72.97,0.1,229.0,Poor,2018-09-29,Poor,124.85714285714286
Delhi,2018-09-30,69.49,155.26,20.83,34.52,35.4,31.15,1.0,12.38,35.54,2.9,34.63,0.03,176.0,Moderate,2018-09-30,Moderate,140.14285714285714
Delhi,2018-10-01,65.78,177.08,30.83,40.86,47.61,31.58,1.13,12.7,38.52,3.29,45.58,0.04,148.0,Moderate,2018-10-01,Moderate,152.28571428571428
Delhi,2018-10-02,76.03,185.21,31.9,36.68,46.51,35.08,1.11,12.25,35.8,3.8,47.19,0.04,186.0,Moderate,2018-10-02,Moderate,169.85714285714286
Delhi,2018-10-03,63.37,177.17,39.9,42.57,56.37,31.83,1.13,13.36,36.72,3.74,45.68,0.32,160.0,Moderate,2018-10-03,Moderate,178.57142857142858
Delhi,2018-10-04,97.4,235.14,40.37,48.01,59.34,37.79,1.34,14.42,45.63,4.97,56.91,1.1,206.0,Poor,2018-10-04,Poor,186.42857142857142
Delhi,2018-10-05,121.12,270.61,65.84,53.69,83.28,42.52,1.62,17.27,44.88,6.75,76.45,1.64,268.0,Poor,2018-10-05,Poor,196.14285714285714
Delhi,2018-10-06,78.87,199.37,44.04,44.71,61.88,36.24,1.23,13.42,32.93,4.74,50.77,0.83,237.0,Poor,2018-10-06,Poor,197.28571428571428
Delhi,2018-10-07,81.14,221.03,39.4,44.81,57.51,35.47,1.25,14.33,42.38,4.61,50.09,0.57,189.0,Moderate,2018-10-07,Moderate,199.14285714285714
Delhi,2018-10-08,118.6,279.23,37.87,56.21,63.0,36.86,1.51,16.13,51.05,5.34,60.1,0.82,253.0,Poor,2018-10-08,Poor,214.14285714285714
Delhi,2018-10-09,103.26,263.89,31.79,54.24,56.31,37.85,1.59,19.67,52.46,5.33,51.48,0.73,269.0,Poor,2018-10-09,Poor,226.0
Delhi,2018-10-10,93.36,256.14,23.75,47.73,45.93,39.4,1.51,16.55,43.9,4.55,45.79,0.61,263.0,Poor,2018-10-10,Poor,240.71428571428572
Delhi,2018-10-11,70.42,208.39,14.93,37.74,33.12,33.16,1.02,14.54,37.04,3.1,35.5,0.41,219.0,Poor,2018-10-11,Poor,242.57142857142858
Delhi,2018-10-12,67.93,172.04,29.52,44.48,47.82,25.13,1.13,16.06,42.01,3.68,47.52,0.66,163.0,Moderate,2018-10-12,Moderate,227.57142857142858
Delhi,2018-10-13,132.93,264.13,54.11,49.89,68.66,33.8,1.41,17.91,42.0,5.82,56.08,1.96,264.0,Poor,2018-10-13,Poor,231.42857142857142
Delhi,2018-10-14,91.88,217.12,36.38,47.34,53.99,30.33,1.3,16.07,40.16,4.23,41.27,1.1,237.0,Poor,2018-10-14,Poor,238.28571428571428
Delhi,2018-10-15,115.96,280.24,50.19,55.44,68.24,33.54,1.61,17.96,44.92,5.51,57.84,1.22,253.0,Poor,2018-10-15,Poor,238.28571428571428
Delhi,2018-10-16,139.18,342.5,84.92,64.18,100.51,43.63,2.2,19.19,54.38,7.92,78.45,3.04,309.0,Very Poor,2018-10-16,Very Poor,244.0
Delhi,2018-10-17,137.29,323.31,67.3,52.81,81.62,42.22,1.93,17.13,44.29,6.99,63.99,1.98,332.0,Very Poor,2018-10-17,Very Poor,253.85714285714286
Delhi,2018-10-18,143.2,337.98,100.87,57.64,112.6,48.05,2.47,18.46,44.65,8.83,83.91,3.63,330.0,Very Poor,2018-10-18,Very Poor,269.7142857142857
Delhi,2018-10-19,137.73,313.84,40.85,54.31,61.47,41.31,1.66,18.35,51.05,6.59,58.94,1.9,300.0,Poor,2018-10-19,Poor,289.2857142857143
Delhi,2018-10-20,168.87,328.13,37.49,54.04,59.64,37.9,1.55,19.82,47.64,5.99,54.68,1.57,344.0,Very Poor,2018-10-20,Very Poor,300.7142857142857
Delhi,2018-10-21,141.15,294.36,49.17,55.77,71.3,38.07,1.52,20.59,42.61,5.73,57.74,1.59,325.0,Very Poor,2018-10-21,Very Poor,313.2857142857143
Delhi,2018-10-22,121.65,274.68,49.3,55.49,71.09,36.59,1.55,17.74,41.32,5.75,49.87,1.88,296.0,Poor,2018-10-22,Poor,319.42857142857144
Delhi,2018-10-23,119.4,302.16,65.36,63.32,87.65,35.0,1.84,19.49,44.7,7.1,62.35,2.39,274.0,Poor,2018-10-23,Poor,314.42857142857144
Delhi,2018-10-24,174.04,384.46,103.62,77.72,129.52,44.37,2.52,20.95,56.09,10.68,100.96,4.26,354.0,Very Poor,2018-10-24,Very Poor,317.57142857142856
Delhi,2018-10-25,168.82,368.33,97.53,72.23,120.26,45.37,2.35,22.51,62.29,9.42,88.49,3.59,356.0,Very Poor,2018-10-25,Very Poor,321.2857142857143
Delhi,2018-10-26,203.12,396.01,114.02,74.04,133.52,48.25,2.72,20.76,53.02,10.6,94.71,4.01,394.0,Very Poor,2018-10-26,Very Poor,334.7142857142857
Delhi,2018-10-27,206.05,408.94,123.46,77.3,143.02,52.18,3.14,19.9,52.9,11.57,103.0,3.47,396.0,Very Poor,2018-10-27,Very Poor,342.14285714285717
Delhi,2018-10-28,205.0,375.23,81.11,57.66,100.04,47.85,2.45,15.62,52.78,8.94,77.78,3.28,403.0,Severe,2018-10-28,Severe,353.2857142857143
Delhi,2018-10-29,231.83,427.06,84.12,62.22,104.22,48.43,2.67,16.66,53.2,9.06,74.48,3.04,397.0,Very Poor,2018-10-29,Very Poor,367.7142857142857
Delhi,2018-10-30,263.39,459.45,98.5,70.46,119.07,52.74,2.9,17.62,50.55,10.08,90.31,3.69,456.0,Severe,2018-10-30,Severe,393.7142857142857
Delhi,2018-10-31,225.17,405.94,99.9,68.02,122.87,55.85,2.91,18.11,47.05,9.95,92.3,3.41,422.0,Severe,2018-10-31,Severe,403.42857142857144
Delhi,2018-11-01,236.67,416.97,106.68,71.63,133.14,58.01,2.97,20.12,45.98,10.79,94.12,3.76,433.0,Severe,2018-11-01,Severe,414.42857142857144
Delhi,2018-11-02,205.44,373.61,57.41,65.98,86.56,51.21,1.99,19.65,46.13,7.93,64.64,2.6,391.0,Very Poor,2018-11-02,Very Poor,414.0
Delhi,2018-11-03,159.56,298.85,21.22,47.39,45.59,48.63,1.43,17.1,45.43,4.98,35.39,0.89,353.0,Very Poor,2018-11-03,Very Poor,407.85714285714283
Delhi,2018-11-04,97.27,179.85,14.18,34.18,30.79,36.62,1.0,15.01,51.96,2.56,19.99,0.31,238.0,Poor,2018-11-04,Poor,384.2857142857143
Delhi,2018-11-05,361.98,500.01,26.22,48.25,48.8,44.82,1.88,14.63,45.0,5.5,34.14,0.91,424.0,Severe,2018-11-05,Severe,388.14285714285717
Delhi,2018-11-06,177.88,312.87,23.48,43.78,44.84,31.18,1.29,15.37,45.01,3.88,24.85,0.75,411.0,Severe,2018-11-06,Severe,381.7142857142857
Delhi,2018-11-07,175.43,300.54,30.57,45.14,52.43,30.5,1.44,19.39,51.22,4.15,20.77,0.44,317.0,Very Poor,2018-11-07,Very Poor,366.7142857142857
Delhi,2018-11-08,420.3,509.73,89.1,64.57,106.68,44.2,2.45,26.52,38.35,9.12,44.0,2.07,452.0,Severe,2018-11-08,Severe,369.42857142857144
Delhi,2018-11-09,300.91,440.76,89.45,68.25,109.68,49.84,2.65,17.41,47.94,9.12,55.65,2.96,487.0,Severe,2018-11-09,Severe,383.14285714285717
Delhi,2018-11-10,288.86,447.4,99.32,79.5,127.11,55.35,3.01,18.01,42.55,10.17,81.74,2.63,430.0,Severe,2018-11-10,Severe,394.14285714285717
Delhi,2018-11-11,256.68,425.12,91.92,70.55,113.81,55.03,2.89,16.2,51.68,9.37,71.1,3.79,454.0,Severe,2018-11-11,Severe,425.0
Delhi,2018-11-12,271.7,464.28,75.93,71.88,101.5,58.85,2.85,17.4,53.37,9.5,69.49,2.31,437.0,Severe,2018-11-12,Severe,426.85714285714283
Delhi,2018-11-13,265.06,441.43,85.28,74.72,111.18,62.24,2.74,18.72,37.8,9.65,74.6,3.26,454.0,Severe,2018-11-13,Severe,433.0
Delhi,2018-11-14,136.2,225.77,41.75,59.36,67.48,53.0,1.68,16.02,31.95,5.38,42.88,1.87,361.0,Very Poor,2018-11-14,Very Poor,439.2857142857143
Delhi,2018-11-15,98.53,175.95,29.85,47.83,51.99,49.76,1.29,15.03,32.95,4.17,39.67,1.54,251.0,Poor,2018-11-15,Poor,410.57142857142856
Delhi,2018-11-16,138.49,230.56,19.55,42.41,41.05,41.19,1.24,14.2,40.74,3.27,24.64,0.86,302.0,Very Poor,2018-11-16,Very Poor,384.14285714285717
Delhi,2018-11-17,135.21,255.42,38.85,51.93,61.7,40.93,1.6,14.37,36.97,4.06,32.22,1.72,292.0,Poor,2018-11-17,Poor,364.42857142857144
Delhi,2018-11-18,166.43,313.67,68.53,61.82,92.64,44.39,2.0,16.29,39.51,6.3,48.08,6.73,330.0,Very Poor,2018-11-18,Very Poor,346.7142857142857
Delhi,2018-11-19,179.79,319.12,18.31,56.73,47.93,48.41,1.56,16.32,51.15,4.66,33.16,1.68,340.0,Very Poor,2018-11-19,Very Poor,332.85714285714283
Delhi,2018-11-20,224.1,374.77,53.4,63.96,80.38,54.51,2.04,16.11,46.03,6.37,51.31,2.77,367.0,Very Poor,2018-11-20,Very Poor,320.42857142857144
Delhi,2018-11-21,209.96,349.54,54.16,63.79,81.87,46.84,1.79,14.22,40.22,5.32,42.92,0.94,396.0,Very Poor,2018-11-21,Very Poor,325.42857142857144
Delhi,2018-11-22,139.02,292.92,91.36,74.93,120.74,42.27,2.09,16.89,37.22,6.05,56.92,0.92,317.0,Very Poor,2018-11-22,Very Poor,334.85714285714283
Delhi,2018-11-23,187.85,331.22,77.16,61.06,102.45,45.84,2.04,16.39,40.01,6.49,61.33,2.27,356.0,Very Poor,2018-11-23,Very Poor,342.57142857142856
Delhi,2018-11-24,107.73,223.33,26.91,46.57,50.88,36.97,1.34,15.12,37.48,3.33,30.31,0.99,296.0,Poor,2018-11-24,Poor,343.14285714285717
Delhi,2018-11-25,133.62,268.83,59.31,58.16,84.38,39.78,1.72,16.56,37.17,4.61,43.22,0.9,266.0,Poor,2018-11-25,Poor,334.0
Delhi,2018-11-26,200.69,362.41,94.45,68.3,120.55,47.15,2.43,20.11,39.8,7.01,61.96,2.34,349.0,Very Poor,2018-11-26,Very Poor,335.2857142857143
Delhi,2018-11-27,205.53,378.23,152.0,78.94,176.98,53.89,3.32,18.31,34.02,10.54,92.77,4.61,396.0,Very Poor,2018-11-27,Very Poor,339.42857142857144
Delhi,2018-11-28,193.1,356.12,120.37,69.6,146.11,53.87,2.85,15.96,34.61,8.67,73.8,2.44,363.0,Very Poor,2018-11-28,Very Poor,334.7142857142857
Delhi,2018-11-29,205.17,363.12,101.42,63.68,124.27,51.41,2.52,12.76,35.79,8.64,78.97,3.41,384.0,Very Poor,2018-11-29,Very Poor,344.2857142857143
Delhi,2018-11-30,190.36,340.56,62.12,56.74,86.03,46.35,1.96,13.69,35.79,6.19,48.33,1.91,365.0,Very Poor,2018-11-30,Very Poor,345.57142857142856
Delhi,2018-12-01,147.48,297.66,68.71,56.43,90.73,42.49,1.91,14.4,35.45,5.99,46.53,1.44,335.0,Very Poor,2018-12-01,Very Poor,351.14285714285717
Delhi,2018-12-02,164.63,331.5,131.08,67.18,152.89,45.3,2.77,16.62,39.35,8.92,70.64,3.02,329.0,Very Poor,2018-12-02,Very Poor,360.14285714285717
Delhi,2018-12-03,178.87,356.2,120.66,66.91,144.74,47.02,2.74,16.52,38.44,8.11,66.53,2.75,356.0,Very Poor,2018-12-03,Very Poor,361.14285714285717
Delhi,2018-12-04,211.57,393.74,140.77,74.17,169.75,51.21,3.17,16.28,38.12,9.77,84.12,3.2,394.0,Very Poor,2018-12-04,Very Poor,360.85714285714283
Delhi,2018-12-05,181.62,345.32,121.66,65.87,142.92,49.26,2.59,15.89,32.33,7.76,60.99,2.6,374.0,Very Poor,2018-12-05,Very Poor,362.42857142857144
Delhi,2018-12-06,218.06,395.33,136.49,71.73,156.61,52.53,3.04,16.49,40.87,10.22,86.38,3.23,385.0,Very Poor,2018-12-06,Very Poor,362.57142857142856
Delhi,2018-12-07,193.81,353.86,85.29,54.83,105.05,49.16,2.09,14.11,32.45,7.45,57.31,10.5,376.0,Very Poor,2018-12-07,Very Poor,364.14285714285717
Delhi,2018-12-08,202.83,358.72,85.16,59.06,107.05,49.42,2.2,15.47,37.6,7.6,57.49,5.16,366.0,Very Poor,2018-12-08,Very Poor,368.57142857142856
Delhi,2018-12-09,226.35,388.23,103.19,65.3,127.78,50.23,2.67,18.08,39.85,9.42,70.17,2.02,389.0,Very Poor,2018-12-09,Very Poor,377.14285714285717
Delhi,2018-12-10,264.63,453.77,89.36,66.58,121.45,55.63,2.75,16.74,42.51,8.92,57.53,5.42,431.0,Severe,2018-12-10,Severe,387.85714285714283
Delhi,2018-12-11,274.97,461.98,93.61,68.87,124.9,58.67,2.78,15.49,41.9,8.53,59.75,3.03,464.0,Severe,2018-12-11,Severe,397.85714285714283
Delhi,2018-12-12,209.63,327.23,56.21,55.1,80.05,51.27,1.95,14.64,36.34,6.65,49.37,8.65,443.0,Severe,2018-12-12,Severe,407.7142857142857
Delhi,2018-12-13,94.29,162.44,35.89,42.59,56.05,40.31,1.21,13.07,24.89,3.74,34.89,3.29,264.0,Poor,2018-12-13,Poor,390.42857142857144
Delhi,2018-12-14,113.42,196.85,39.15,45.22,60.27,42.01,1.22,12.5,27.74,3.76,27.97,3.69,248.0,Poor,2018-12-14,Poor,372.14285714285717
Delhi,2018-12-15,122.69,211.8,30.33,47.31,53.33,41.97,1.22,13.34,29.58,3.88,27.13,1.01,274.0,Poor,2018-12-15,Poor,359.0
Delhi,2018-12-16,150.28,252.01,42.76,50.86,65.32,45.92,1.42,15.76,32.7,4.34,31.02,0.78,295.0,Poor,2018-12-16,Poor,345.57142857142856
Delhi,2018-12-17,182.78,322.5,70.9,58.08,94.61,50.27,1.93,16.14,32.85,6.06,44.09,0.95,338.0,Very Poor,2018-12-17,Very Poor,332.2857142857143
Delhi,2018-12-18,204.08,339.38,55.86,61.34,82.18,51.04,1.78,17.76,37.13,6.28,43.12,0.95,370.0,Very Poor,2018-12-18,Very Poor,318.85714285714283
Delhi,2018-12-19,205.22,351.7,61.91,63.77,89.2,48.82,1.92,17.41,37.05,6.34,39.02,1.35,370.0,Very Poor,2018-12-19,Very Poor,308.42857142857144
Delhi,2018-12-20,258.1,429.33,114.21,68.97,139.08,54.66,2.64,17.68,40.5,8.96,62.49,4.93,423.0,Severe,2018-12-20,Severe,331.14285714285717
Delhi,2018-12-21,252.2,403.18,74.98,66.03,103.06,57.91,2.22,15.9,38.38,7.39,46.63,2.46,422.0,Severe,2018-12-21,Severe,356.0
Delhi,2018-12-22,326.79,502.83,85.55,78.71,117.64,60.21,2.59,18.47,44.98,8.63,55.27,2.37,468.0,Severe,2018-12-22,Severe,383.7142857142857
Delhi,2018-12-23,401.58,560.68,112.95,77.63,145.67,67.29,3.36,18.21,50.65,10.84,74.07,19.67,557.0,Severe,2018-12-23,Severe,421.14285714285717
Delhi,2018-12-24,378.68,546.59,123.73,75.26,152.77,65.75,3.36,17.86,43.25,10.58,73.62,2.75,577.0,Severe,2018-12-24,Severe,455.2857142857143
Delhi,2018-12-25,268.2,399.37,45.37,61.2,74.6,57.34,1.9,14.14,36.37,6.63,38.49,10.85,475.0,Severe,2018-12-25,Severe,470.2857142857143
Delhi,2018-12-26,241.0,366.1,59.69,65.2,89.51,50.38,1.99,15.37,39.09,6.56,36.39,3.65,405.0,Severe,2018-12-26,Severe,475.2857142857143
Delhi,2018-12-27,290.1,453.45,110.91,78.43,143.91,56.6,2.87,18.03,40.96,10.25,70.74,3.06,458.0,Severe,2018-12-27,Severe,480.2857142857143
Delhi,2018-12-28,249.23,387.84,39.19,60.59,68.5,55.46,1.66,14.8,37.38,5.4,30.25,0.47,413.0,Severe,2018-12-28,Severe,479.0
Delhi,2018-12-29,248.12,399.14,74.28,64.97,102.0,51.53,1.96,16.49,39.29,6.34,37.55,1.05,420.0,Severe,2018-12-29,Severe,472.14285714285717
Delhi,2018-12-30,336.42,503.99,127.84,76.89,157.78,57.55,2.94,19.91,42.87,9.87,65.05,2.31,484.0,Severe,2018-12-30,Severe,461.7142857142857
Delhi,2018-12-31,319.69,494.51,105.28,70.54,133.87,56.0,2.7,17.38,41.44,9.1,59.74,2.53,509.0,Severe,2018-12-31,Severe,452.0
Delhi,2019-01-01,287.34,461.02,92.04,69.46,121.07,56.66,2.54,17.77,39.58,8.09,48.84,2.21,475.0,Severe,2019-01-01,Severe,452.0
Delhi,2019-01-02,331.2,515.72,101.08,75.06,133.85,63.63,2.78,18.27,43.3,10.04,58.7,2.42,501.0,Severe,2019-01-02,Severe,465.7142857142857
Delhi,2019-01-03,355.4,519.34,77.92,66.2,106.99,61.02,2.55,15.12,39.77,8.91,56.57,3.28,537.0,Severe,2019-01-03,Severe,477.0
Delhi,2019-01-04,246.46,388.79,47.83,57.53,74.39,53.09,2.01,13.22,28.75,6.78,40.5,0.93,432.0,Severe,2019-01-04,Severe,479.7142857142857
Delhi,2019-01-05,262.53,411.49,64.97,60.35,90.67,56.49,2.23,15.59,36.33,8.5,51.69,1.29,440.0,Severe,2019-01-05,Severe,482.57142857142856
Delhi,2019-01-06,174.26,254.66,28.3,51.94,54.18,55.71,1.49,13.65,31.48,5.08,31.15,0.52,371.0,Very Poor,2019-01-06,Very Poor,466.42857142857144
Delhi,2019-01-07,181.74,283.88,49.0,52.45,72.14,56.06,1.57,15.49,27.11,5.29,34.1,0.59,331.0,Very Poor,2019-01-07,Very Poor,441.0
Delhi,2019-01-08,156.26,242.02,31.32,48.95,54.76,49.69,1.31,14.67,27.37,4.16,24.24,0.4,340.0,Very Poor,2019-01-08,Very Poor,421.7142857142857
Delhi,2019-01-09,143.66,238.94,26.14,49.49,50.88,43.53,1.3,15.09,30.9,3.91,22.96,0.5,321.0,Very Poor,2019-01-09,Very Poor,396.0
Delhi,2019-01-10,165.95,278.87,54.31,58.22,80.36,44.67,1.75,16.81,30.92,5.15,33.81,0.81,317.0,Very Poor,2019-01-10,Very Poor,364.57142857142856
Delhi,2019-01-11,278.95,432.2,118.55,76.71,151.4,56.53,2.9,20.03,35.61,10.0,73.38,1.44,401.0,Severe,2019-01-11,Severe,360.14285714285717
Delhi,2019-01-12,311.03,465.89,117.23,85.14,148.93,63.46,3.11,17.81,39.78,10.49,73.27,1.54,482.0,Severe,2019-01-12,Severe,366.14285714285717
Delhi,2019-01-13,272.45,403.32,64.96,66.11,94.9,63.66,2.36,17.83,37.53,7.7,50.53,1.11,464.0,Severe,2019-01-13,Severe,379.42857142857144
Delhi,2019-01-14,94.44,173.94,18.5,42.16,40.87,40.52,1.04,15.05,31.33,2.77,19.45,0.1,320.0,Very Poor,2019-01-14,Very Poor,377.85714285714283
Delhi,2019-01-15,134.57,229.1,36.34,52.45,61.72,39.74,1.37,17.09,29.85,3.88,24.31,0.3,248.0,Poor,2019-01-15,Poor,364.7142857142857
Delhi,2019-01-16,271.96,424.07,108.12,83.75,142.71,55.19,2.58,20.35,33.75,8.8,53.96,2.04,383.0,Very Poor,2019-01-16,Very Poor,373.57142857142856
Delhi,2019-01-17,358.91,519.49,108.96,84.74,147.7,60.95,3.13,19.63,39.76,10.74,66.34,2.26,515.0,Severe,2019-01-17,Severe,401.85714285714283
Delhi,2019-01-18,237.22,364.61,56.97,68.58,88.33,48.6,2.06,14.7,30.35,7.09,44.42,0.89,437.0,Severe,2019-01-18,Severe,407.0
Delhi,2019-01-19,262.68,402.21,100.7,77.9,133.24,50.3,2.35,18.07,34.75,8.27,55.89,1.72,411.0,Severe,2019-01-19,Severe,396.85714285714283
Delhi,2019-01-20,314.59,478.43,158.63,106.04,195.81,62.37,3.66,20.98,45.03,12.17,92.09,3.26,480.0,Severe,2019-01-20,Severe,399.14285714285717
Delhi,2019-01-21,175.49,289.4,58.34,63.04,85.11,57.52,1.83,16.82,32.77,6.36,36.57,1.0,413.0,Severe,2019-01-21,Severe,412.42857142857144
Delhi,2019-01-22,53.25,72.61,14.1,38.56,34.22,39.73,1.01,11.87,27.01,2.16,19.7,0.1,174.0,Moderate,2019-01-22,Moderate,401.85714285714283
Delhi,2019-01-23,135.68,211.71,55.53,48.14,76.5,42.37,1.62,14.17,26.51,5.6,40.42,0.64,186.0,Moderate,2019-01-23,Moderate,373.7142857142857
Delhi,2019-01-24,130.59,218.93,37.42,44.11,58.86,41.06,1.44,15.29,30.57,4.78,44.97,0.43,328.0,Very Poor,2019-01-24,Very Poor,347.0
Delhi,2019-01-25,81.2,136.43,16.96,40.03,38.45,34.17,1.01,14.62,30.01,2.42,27.94,0.08,188.0,Moderate,2019-01-25,Moderate,311.42857142857144
Delhi,2019-01-26,101.61,169.32,15.3,38.43,35.94,33.64,0.98,14.48,35.41,2.57,16.99,0.03,231.0,Poor,2019-01-26,Poor,285.7142857142857
Delhi,2019-01-27,136.47,217.45,19.78,45.27,42.16,35.34,1.1,15.89,33.34,3.13,19.33,0.05,275.0,Poor,2019-01-27,Poor,256.42857142857144
Delhi,2019-01-28,126.48,212.42,22.97,49.13,46.7,34.49,1.06,15.76,33.6,3.19,20.16,0.17,301.0,Very Poor,2019-01-28,Very Poor,240.42857142857142
Delhi,2019-01-29,142.0,235.85,33.51,51.47,58.67,36.19,1.24,18.56,33.83,3.87,27.11,0.37,297.0,Poor,2019-01-29,Poor,258.0
Delhi,2019-01-30,206.14,334.21,61.02,63.7,89.54,42.99,1.76,24.75,35.84,5.45,42.52,0.71,342.0,Very Poor,2019-01-30,Very Poor,280.2857142857143
Delhi,2019-01-31,204.25,335.07,72.47,65.7,101.46,49.6,1.9,20.48,37.52,6.82,50.25,0.36,397.0,Very Poor,2019-01-31,Very Poor,290.14285714285717
Delhi,2019-02-01,178.68,265.65,23.24,50.75,48.72,49.42,1.34,17.83,33.12,4.43,26.59,0.1,329.0,Very Poor,2019-02-01,Very Poor,310.2857142857143
Delhi,2019-02-02,177.32,266.3,17.57,35.89,35.82,43.55,1.24,11.55,30.88,3.93,22.16,0.12,338.0,Very Poor,2019-02-02,Very Poor,325.57142857142856
Delhi,2019-02-03,131.1,209.41,20.77,34.53,37.93,40.43,1.32,11.7,29.44,3.28,20.96,0.14,323.0,Very Poor,2019-02-03,Very Poor,332.42857142857144
Delhi,2019-02-04,144.62,248.49,53.8,52.85,76.95,39.88,1.81,14.06,33.42,4.9,33.18,0.88,301.0,Very Poor,2019-02-04,Very Poor,332.42857142857144
Delhi,2019-02-05,256.33,408.32,122.8,75.89,153.6,53.81,2.95,22.38,46.33,8.99,77.07,2.92,398.0,Very Poor,2019-02-05,Very Poor,346.85714285714283
Delhi,2019-02-06,177.25,270.92,39.1,50.55,62.85,53.76,1.64,15.59,34.4,5.1,33.57,1.37,380.0,Very Poor,2019-02-06,Very Poor,352.2857142857143
Delhi,2019-02-07,65.65,107.83,12.05,30.8,27.94,37.84,0.84,11.12,30.25,2.15,16.32,2.96,233.0,Poor,2019-02-07,Poor,328.85714285714283
Delhi,2019-02-08,72.29,156.6,31.23,39.24,49.45,29.11,0.94,12.66,30.59,2.78,24.72,4.03,136.0,Moderate,2019-02-08,Moderate,301.2857142857143
Delhi,2019-02-09,82.5,165.94,22.67,38.31,41.45,28.42,0.96,13.25,33.55,2.51,21.49,0.78,169.0,Moderate,2019-02-09,Moderate,277.14285714285717
Delhi,2019-02-10,143.31,255.47,47.91,49.26,69.38,33.83,1.36,16.41,33.03,4.12,28.28,4.16,277.0,Poor,2019-02-10,Poor,270.57142857142856
Delhi,2019-02-11,173.61,304.98,72.35,58.56,95.55,39.17,1.78,17.52,37.03,5.97,41.78,6.94,332.0,Very Poor,2019-02-11,Very Poor,275.0
Delhi,2019-02-12,208.64,357.36,74.17,66.37,101.01,46.24,2.09,19.93,43.29,7.38,59.23,6.24,357.0,Very Poor,2019-02-12,Very Poor,269.14285714285717
Delhi,2019-02-13,198.26,336.99,65.24,70.04,96.09,47.95,1.94,18.61,43.36,6.6,46.95,6.47,372.0,Very Poor,2019-02-13,Very Poor,268.0
Delhi,2019-02-14,153.73,237.08,27.78,53.15,54.06,45.64,1.42,14.53,32.61,4.69,29.52,3.87,350.0,Very Poor,2019-02-14,Very Poor,284.7142857142857
Delhi,2019-02-15,123.46,194.76,25.13,44.28,45.94,39.19,1.22,15.38,28.15,3.64,24.5,2.02,275.0,Poor,2019-02-15,Poor,304.57142857142856
Delhi,2019-02-16,112.34,181.64,17.27,33.33,33.34,35.16,1.13,12.92,26.45,2.79,20.22,0.76,288.0,Poor,2019-02-16,Poor,321.57142857142856
Delhi,2019-02-17,99.27,180.93,23.24,42.59,41.77,31.82,1.09,15.14,34.81,2.82,20.46,0.95,247.0,Poor,2019-02-17,Poor,317.2857142857143
Delhi,2019-02-18,109.11,215.05,32.98,56.12,56.8,33.82,1.18,16.78,33.69,3.38,26.07,0.81,278.0,Poor,2019-02-18,Poor,309.57142857142856
Delhi,2019-02-19,126.12,229.75,40.67,55.44,65.95,41.33,1.56,15.93,36.66,3.97,34.03,1.36,232.0,Poor,2019-02-19,Poor,291.7142857142857
Delhi,2019-02-20,102.3,185.4,38.46,51.88,63.41,41.41,1.4,17.16,23.68,4.45,40.74,2.78,305.0,Very Poor,2019-02-20,Very Poor,282.14285714285717
Delhi,2019-02-21,73.33,178.07,46.44,47.15,67.04,38.24,1.37,20.1,34.41,3.76,31.74,2.24,158.0,Moderate,2019-02-21,Moderate,254.71428571428572
Delhi,2019-02-22,73.9,147.86,25.55,33.95,41.61,39.11,1.07,13.94,28.45,3.24,24.76,2.66,191.0,Moderate,2019-02-22,Moderate,242.71428571428572
Delhi,2019-02-23,56.51,115.07,11.62,36.12,30.5,26.26,0.85,15.66,37.26,2.09,15.68,0.89,116.0,Moderate,2019-02-23,Moderate,218.14285714285714
Delhi,2019-02-24,89.34,161.89,19.34,46.26,42.89,29.95,1.03,18.99,38.02,2.43,22.6,0.92,169.0,Moderate,2019-02-24,Moderate,207.0
Delhi,2019-02-25,92.36,172.59,35.85,53.86,62.0,34.51,1.24,18.07,42.49,3.13,31.49,1.18,221.0,Poor,2019-02-25,Poor,198.85714285714286
Delhi,2019-02-26,59.97,120.3,24.36,50.31,48.45,32.19,0.95,16.88,32.19,2.49,28.02,0.74,144.0,Moderate,2019-02-26,Moderate,186.28571428571428
Delhi,2019-02-27,47.18,91.52,14.25,35.07,33.41,26.57,0.79,12.52,31.38,1.67,20.26,0.73,112.0,Moderate,2019-02-27,Moderate,158.71428571428572
Delhi,2019-02-28,96.38,180.46,40.92,45.02,60.89,31.23,1.25,16.98,35.95,3.14,31.82,1.1,198.0,Moderate,2019-02-28,Moderate,164.42857142857142
Delhi,2019-03-01,93.83,181.26,37.55,48.87,60.61,30.2,1.17,15.81,37.75,3.02,33.92,0.72,222.0,Poor,2019-03-01,Poor,168.85714285714286
Delhi,2019-03-02,109.6,182.54,40.68,62.05,70.66,36.48,1.36,17.96,25.07,4.51,41.24,1.45,227.0,Poor,2019-03-02,Poor,184.71428571428572
Delhi,2019-03-03,62.92,105.16,20.21,40.61,41.09,30.98,1.16,13.48,33.59,2.32,25.83,0.73,172.0,Moderate,2019-03-03,Moderate,185.14285714285714
Delhi,2019-03-04,105.93,180.84,49.62,40.1,67.55,37.26,1.54,14.75,38.13,3.92,33.07,0.98,217.0,Poor,2019-03-04,Poor,184.57142857142858
Delhi,2019-03-05,68.86,135.4,18.77,40.05,37.94,28.71,1.01,14.26,36.3,2.73,21.24,0.33,173.0,Moderate,2019-03-05,Moderate,188.71428571428572
Delhi,2019-03-06,83.45,168.32,32.02,45.3,53.83,29.05,1.25,15.16,33.71,3.38,28.52,1.0,189.0,Moderate,2019-03-06,Moderate,199.71428571428572
Delhi,2019-03-07,104.61,212.7,55.04,51.9,78.33,32.79,1.48,16.39,39.32,5.34,40.26,1.11,228.0,Poor,2019-03-07,Poor,204.0
Delhi,2019-03-08,92.07,199.28,38.94,51.75,63.98,32.86,1.27,17.44,37.86,4.78,39.27,0.67,220.0,Poor,2019-03-08,Poor,203.71428571428572
Delhi,2019-03-09,73.31,162.18,20.1,40.84,41.64,30.68,0.99,17.3,33.51,3.06,27.63,0.47,194.0,Moderate,2019-03-09,Moderate,199.0
Delhi,2019-03-10,73.98,163.8,20.28,44.17,43.2,27.17,0.96,16.36,44.11,3.34,22.35,0.61,157.0,Moderate,2019-03-10,Moderate,196.85714285714286
Delhi,2019-03-11,82.17,205.43,27.71,52.91,53.94,30.69,1.24,18.44,42.09,4.35,28.53,0.47,190.0,Moderate,2019-03-11,Moderate,193.0
Delhi,2019-03-12,57.28,129.4,14.64,37.45,34.98,29.97,0.93,13.82,37.15,2.9,28.82,0.37,149.0,Moderate,2019-03-12,Moderate,189.57142857142858
Delhi,2019-03-13,89.17,231.19,31.0,57.03,59.86,32.39,1.27,22.48,33.94,4.61,38.19,1.04,168.0,Moderate,2019-03-13,Moderate,186.57142857142858
Delhi,2019-03-14,111.2,217.74,45.43,48.81,69.01,39.07,1.36,17.54,28.81,5.84,43.04,1.03,281.0,Poor,2019-03-14,Poor,194.14285714285714
Delhi,2019-03-15,74.88,144.35,30.36,41.27,50.74,32.74,1.0,16.21,33.4,3.55,26.99,0.49,183.0,Moderate,2019-03-15,Moderate,188.85714285714286
Delhi,2019-03-16,68.64,140.6,15.28,40.6,37.43,27.95,0.92,15.72,43.66,2.82,19.21,0.27,143.0,Moderate,2019-03-16,Moderate,181.57142857142858
Delhi,2019-03-17,93.61,184.01,26.28,46.88,50.26,30.56,1.07,19.96,42.0,3.79,26.23,0.28,198.0,Moderate,2019-03-17,Moderate,187.42857142857142
Delhi,2019-03-18,100.32,202.01,30.43,50.33,56.61,32.06,1.19,20.36,43.21,4.13,28.14,0.29,221.0,Poor,2019-03-18,Poor,191.85714285714286
Delhi,2019-03-19,103.77,227.07,43.9,55.47,71.06,33.86,1.29,20.72,40.14,4.94,35.57,0.58,239.0,Poor,2019-03-19,Poor,204.71428571428572
Delhi,2019-03-20,89.82,237.61,37.34,54.67,64.3,36.5,1.35,21.42,40.41,4.72,32.18,0.44,234.0,Poor,2019-03-20,Poor,214.14285714285714
Delhi,2019-03-21,112.29,197.17,20.46,34.63,37.11,39.26,1.34,19.99,46.64,4.69,20.48,0.29,272.0,Poor,2019-03-21,Poor,212.85714285714286
Delhi,2019-03-22,38.43,119.87,13.54,32.19,28.73,27.85,0.74,16.06,46.73,1.85,12.49,0.19,141.0,Moderate,2019-03-22,Moderate,206.85714285714286
Delhi,2019-03-23,55.62,138.56,8.76,34.57,27.32,26.54,0.89,17.52,52.24,2.27,14.11,0.25,131.0,Moderate,2019-03-23,Moderate,205.14285714285714
Delhi,2019-03-24,53.28,133.47,12.55,34.25,30.81,27.52,0.82,19.06,42.57,2.1,18.18,0.21,126.0,Moderate,2019-03-24,Moderate,194.85714285714286
Delhi,2019-03-25,65.0,150.34,11.9,34.84,30.48,30.32,0.93,20.19,36.06,2.59,18.57,0.26,136.0,Moderate,2019-03-25,Moderate,182.71428571428572
Delhi,2019-03-26,75.82,169.16,16.61,40.8,37.75,29.95,1.04,19.26,41.35,3.25,20.89,0.32,162.0,Moderate,2019-03-26,Moderate,171.71428571428572
Delhi,2019-03-27,78.37,186.49,26.56,49.68,50.71,29.54,1.22,20.35,43.23,3.96,26.16,0.37,177.0,Moderate,2019-03-27,Moderate,163.57142857142858
Delhi,2019-03-28,116.55,260.26,55.47,60.18,81.85,34.47,1.76,24.86,48.44,6.64,46.43,0.94,245.0,Poor,2019-03-28,Poor,159.71428571428572
Delhi,2019-03-29,112.67,257.27,62.67,60.4,89.35,40.53,1.8,19.52,46.51,6.85,54.66,1.04,273.0,Poor,2019-03-29,Poor,178.57142857142858
Delhi,2019-03-30,102.27,238.99,38.68,53.75,64.31,41.4,1.51,22.39,51.49,5.34,39.48,0.61,252.0,Poor,2019-03-30,Poor,195.85714285714286
Delhi,2019-03-31,58.96,177.53,15.14,38.42,35.27,32.06,0.94,18.9,48.72,2.54,19.16,0.82,198.0,Moderate,2019-03-31,Moderate,206.14285714285714
Delhi,2019-04-01,59.08,170.14,11.3,38.55,32.02,27.21,0.88,20.09,54.95,2.46,14.87,0.58,153.0,Moderate,2019-04-01,Moderate,208.57142857142858
Delhi,2019-04-02,90.1,211.47,29.38,55.76,57.47,29.3,1.19,24.4,54.67,4.02,27.15,1.03,194.0,Moderate,2019-04-02,Moderate,213.14285714285714
Delhi,2019-04-03,85.02,206.04,30.83,54.91,58.01,30.85,1.32,21.6,51.06,4.1,30.97,0.91,208.0,Poor,2019-04-03,Poor,217.57142857142858
Delhi,2019-04-04,119.71,270.77,53.23,63.62,81.06,37.04,1.8,29.11,60.25,6.57,44.58,1.27,260.0,Poor,2019-04-04,Poor,219.71428571428572
Delhi,2019-04-05,125.44,281.53,61.96,64.7,90.76,41.23,1.96,28.67,57.0,6.53,44.11,1.04,284.0,Poor,2019-04-05,Poor,221.28571428571428
Delhi,2019-04-06,96.6,303.71,29.62,48.72,53.28,37.35,1.32,23.23,50.84,4.68,31.87,1.13,269.0,Poor,2019-04-06,Poor,223.71428571428572
Delhi,2019-04-07,152.91,355.22,31.7,44.64,52.96,52.01,1.49,21.35,53.16,5.88,27.68,1.04,315.0,Very Poor,2019-04-07,Very Poor,240.42857142857142
Delhi,2019-04-08,81.3,280.23,24.07,45.87,47.31,41.0,1.06,15.1,51.32,2.83,23.2,0.43,284.0,Poor,2019-04-08,Poor,259.14285714285717
Delhi,2019-04-09,87.74,225.5,33.85,53.88,60.44,38.26,1.44,22.03,57.86,4.92,31.98,0.66,240.0,Poor,2019-04-09,Poor,265.7142857142857
Delhi,2019-04-10,101.94,247.53,55.11,56.82,80.11,40.97,1.76,20.84,50.86,6.07,38.21,1.31,263.0,Poor,2019-04-10,Poor,273.57142857142856
Delhi,2019-04-11,70.25,204.19,29.03,47.54,53.99,34.96,1.21,21.51,48.59,3.28,32.83,0.84,196.0,Moderate,2019-04-11,Moderate,264.42857142857144
Delhi,2019-04-12,61.34,217.0,19.27,40.09,40.63,34.06,1.12,19.48,51.94,2.79,27.97,0.87,202.0,Poor,2019-04-12,Poor,252.71428571428572
Delhi,2019-04-13,55.93,175.93,15.35,37.89,35.19,33.66,1.06,20.82,45.3,2.42,25.55,0.47,175.0,Moderate,2019-04-13,Moderate,239.28571428571428
Delhi,2019-04-14,51.51,168.11,15.19,36.61,34.28,29.84,1.02,20.65,41.86,2.02,20.11,0.71,150.0,Moderate,2019-04-14,Moderate,215.71428571428572
Delhi,2019-04-15,54.84,187.59,29.69,41.92,50.81,29.21,1.28,22.2,42.3,2.74,25.15,0.8,163.0,Moderate,2019-04-15,Moderate,198.42857142857142
Delhi,2019-04-16,59.08,186.75,17.1,35.01,35.08,30.98,1.1,12.59,47.49,2.52,18.41,0.34,206.0,Poor,2019-04-16,Poor,193.57142857142858
Delhi,2019-04-17,22.14,62.49,9.73,26.84,23.56,26.7,0.9,11.1,45.44,1.16,10.16,0.64,102.0,Moderate,2019-04-17,Moderate,170.57142857142858
Delhi,2019-04-18,38.92,91.55,15.97,39.07,35.02,26.28,1.01,15.05,50.12,2.26,16.68,0.74,104.0,Moderate,2019-04-18,Moderate,157.42857142857142
Delhi,2019-04-19,71.62,155.39,26.94,47.56,49.15,29.85,1.24,21.22,45.45,3.13,22.01,1.49,151.0,Moderate,2019-04-19,Moderate,150.14285714285714
Delhi,2019-04-20,90.55,193.76,30.3,55.28,56.28,29.35,1.42,26.03,55.67,3.8,21.84,1.13,199.0,Moderate,2019-04-20,Moderate,153.57142857142858
Delhi,2019-04-21,95.24,219.06,44.24,58.95,69.32,31.53,1.66,22.16,50.13,4.44,29.87,1.6,225.0,Poor,2019-04-21,Poor,164.28571428571428
Delhi,2019-04-22,110.16,255.31,48.31,61.72,74.42,36.99,1.87,29.31,56.24,5.89,36.82,2.07,246.0,Poor,2019-04-22,Poor,176.14285714285714
Delhi,2019-04-23,104.17,277.28,56.94,63.45,83.46,38.2,1.92,25.76,53.24,6.09,47.16,3.07,257.0,Poor,2019-04-23,Poor,183.42857142857142
Delhi,2019-04-24,85.7,262.58,12.55,51.58,39.67,37.64,1.41,19.17,61.45,3.75,25.22,1.91,232.0,Poor,2019-04-24,Poor,202.0
Delhi,2019-04-25,86.41,274.39,9.48,39.89,30.31,40.86,1.31,17.67,65.26,3.38,23.29,1.42,251.0,Poor,2019-04-25,Poor,223.0
Delhi,2019-04-26,82.37,244.21,30.38,50.69,52.86,32.2,1.34,26.12,47.45,4.54,35.45,1.73,223.0,Poor,2019-04-26,Poor,233.28571428571428
Delhi,2019-04-27,73.06,301.82,15.19,39.8,34.4,28.15,1.05,21.85,52.16,2.92,23.25,1.17,248.0,Poor,2019-04-27,Poor,240.28571428571428
Delhi,2019-04-28,76.44,285.73,17.66,40.9,35.31,25.63,1.06,20.02,54.0,2.53,25.12,0.86,269.0,Poor,2019-04-28,Poor,246.57142857142858
Delhi,2019-04-29,84.04,274.83,33.17,52.04,53.91,27.82,1.33,23.71,50.32,4.05,31.9,0.85,256.0,Poor,2019-04-29,Poor,248.0
Delhi,2019-04-30,95.72,284.13,32.91,59.32,57.61,31.91,1.62,26.58,57.54,4.92,33.92,0.75,257.0,Poor,2019-04-30,Poor,248.0
Delhi,2019-05-01,111.57,323.97,35.18,63.15,58.94,36.73,1.61,27.67,65.95,4.87,31.18,0.72,285.0,Poor,2019-05-01,Poor,255.57142857142858
Delhi,2019-05-02,77.72,282.83,20.46,43.19,36.46,36.44,1.19,18.26,65.33,3.25,24.4,0.69,275.0,Poor,2019-05-02,Poor,259.0
Delhi,2019-05-03,52.16,149.1,25.52,49.82,43.92,32.34,1.09,17.91,64.36,2.63,20.92,0.68,202.0,Poor,2019-05-03,Poor,256.0
Delhi,2019-05-04,77.96,196.87,38.81,59.78,54.6,30.39,1.26,18.19,46.34,3.06,23.01,1.04,182.0,Moderate,2019-05-04,Moderate,246.57142857142858
Delhi,2019-05-05,101.25,249.97,39.94,55.16,57.99,22.41,1.51,21.93,52.97,2.68,20.52,0.48,231.0,Poor,2019-05-05,Poor,241.14285714285714
Delhi,2019-05-06,118.9,295.84,62.99,70.81,84.3,31.51,1.93,23.72,55.91,5.08,37.46,0.7,267.0,Poor,2019-05-06,Poor,242.71428571428572
Delhi,2019-05-07,128.78,378.89,79.63,69.77,103.77,35.25,1.98,22.77,40.32,5.29,41.56,0.64,310.0,Very Poor,2019-05-07,Very Poor,250.28571428571428
Delhi,2019-05-08,143.34,415.23,77.12,60.85,100.34,35.57,2.0,25.84,47.34,6.33,51.12,1.21,389.0,Very Poor,2019-05-08,Very Poor,265.14285714285717
Delhi,2019-05-09,137.2,414.7,34.13,51.13,57.35,30.33,1.52,23.46,50.71,4.73,35.17,0.65,390.0,Very Poor,2019-05-09,Very Poor,281.57142857142856
Delhi,2019-05-10,95.07,320.44,16.0,38.05,34.62,25.68,1.03,17.6,52.66,3.02,21.93,0.29,333.0,Very Poor,2019-05-10,Very Poor,300.2857142857143
Delhi,2019-05-11,101.83,289.05,14.21,42.02,35.69,30.12,1.15,21.6,62.02,3.21,24.68,0.25,266.0,Poor,2019-05-11,Poor,312.2857142857143
Delhi,2019-05-12,178.22,503.28,12.49,40.68,33.4,29.53,1.22,19.36,57.85,2.71,18.73,0.19,352.0,Very Poor,2019-05-12,Very Poor,329.57142857142856
Delhi,2019-05-13,170.81,351.28,19.85,50.88,44.98,36.48,1.51,33.5,67.84,4.4,24.54,0.45,376.0,Very Poor,2019-05-13,Very Poor,345.14285714285717
Delhi,2019-05-14,58.22,124.28,11.9,37.53,30.36,33.9,1.02,13.4,54.85,2.15,21.65,0.15,217.0,Poor,2019-05-14,Poor,331.85714285714283
Delhi,2019-05-15,84.81,191.04,31.89,57.75,59.46,43.8,1.52,20.93,41.85,5.07,36.61,0.77,194.0,Moderate,2019-05-15,Moderate,304.0
Delhi,2019-05-16,75.45,218.38,26.79,50.99,51.51,44.72,1.38,15.36,46.97,4.14,31.48,0.57,192.0,Moderate,2019-05-16,Moderate,275.7142857142857
Delhi,2019-05-17,92.53,316.4,33.84,45.67,54.56,41.4,1.31,13.26,46.42,3.87,33.11,0.52,257.0,Poor,2019-05-17,Poor,264.85714285714283
Delhi,2019-05-18,44.28,106.51,11.87,33.79,29.15,39.74,1.04,10.93,45.46,2.4,20.4,0.06,176.0,Moderate,2019-05-18,Moderate,252.0
Delhi,2019-05-19,81.99,162.83,17.04,45.8,40.46,35.4,1.21,17.36,59.34,3.35,20.41,0.18,168.0,Moderate,2019-05-19,Moderate,225.71428571428572
Delhi,2019-05-20,93.97,218.72,34.09,56.55,61.22,35.13,1.35,19.81,53.31,4.38,27.74,0.44,216.0,Poor,2019-05-20,Poor,202.85714285714286
Delhi,2019-05-21,77.78,194.58,20.21,47.58,44.25,32.12,1.21,20.15,55.06,3.66,22.84,0.17,206.0,Poor,2019-05-21,Poor,201.28571428571428
Delhi,2019-05-22,64.24,201.27,32.04,51.8,57.11,32.83,1.5,16.92,38.34,4.15,27.61,0.25,167.0,Moderate,2019-05-22,Moderate,197.42857142857142
Delhi,2019-05-23,92.4,230.0,36.6,52.71,60.95,36.98,1.49,21.68,55.29,5.49,34.62,0.64,228.0,Poor,2019-05-23,Poor,202.57142857142858
Delhi,2019-05-24,43.86,117.66,20.82,40.33,40.59,45.86,1.21,11.99,31.11,3.49,31.5,0.92,151.0,Moderate,2019-05-24,Moderate,187.42857142857142
Delhi,2019-05-25,43.66,118.65,11.83,34.52,29.66,33.81,0.99,13.09,51.47,2.65,18.48,0.11,125.0,Moderate,2019-05-25,Moderate,180.14285714285714
Delhi,2019-05-26,55.13,136.58,13.32,41.51,34.89,27.2,1.06,17.94,59.94,2.53,23.51,0.15,135.0,Moderate,2019-05-26,Moderate,175.42857142857142
Delhi,2019-05-27,64.66,172.68,26.16,53.92,53.14,28.45,1.28,18.9,53.59,3.43,30.03,0.3,163.0,Moderate,2019-05-27,Moderate,167.85714285714286
Delhi,2019-05-28,65.82,183.77,37.41,61.45,66.06,29.84,1.3,20.59,54.43,4.44,30.24,0.43,175.0,Moderate,2019-05-28,Moderate,163.42857142857142
Delhi,2019-05-29,74.8,202.75,34.62,65.84,68.16,29.53,1.45,23.61,57.99,4.85,34.39,0.48,191.0,Moderate,2019-05-29,Moderate,166.85714285714286
Delhi,2019-05-30,85.21,246.05,69.58,71.8,97.8,33.5,1.75,21.99,49.58,7.68,51.27,1.09,226.0,Poor,2019-05-30,Poor,166.57142857142858
Delhi,2019-05-31,88.57,337.77,44.18,56.83,69.0,34.26,1.47,19.82,58.49,4.7,32.57,0.65,266.0,Poor,2019-05-31,Poor,183.0
Delhi,2019-06-01,95.4,298.35,45.28,57.24,69.74,40.73,1.56,21.54,64.56,5.58,34.6,0.86,300.0,Poor,2019-06-01,Poor,208.0
Delhi,2019-06-02,73.36,219.79,10.15,32.22,26.31,48.12,1.07,14.15,60.84,2.43,13.66,0.24,222.0,Poor,2019-06-02,Poor,220.42857142857142
Delhi,2019-06-03,66.94,300.7,11.7,30.33,26.82,43.32,1.03,12.64,60.03,1.79,8.62,0.11,232.0,Poor,2019-06-03,Poor,230.28571428571428
Delhi,2019-06-04,54.95,171.58,14.93,36.0,32.65,34.34,1.14,13.67,65.82,2.18,16.91,0.14,212.0,Poor,2019-06-04,Poor,235.57142857142858
Delhi,2019-06-05,73.35,208.72,14.43,42.68,36.36,35.7,1.29,15.82,59.78,3.15,20.62,0.17,190.0,Moderate,2019-06-05,Moderate,235.42857142857142
Delhi,2019-06-06,70.61,236.45,20.85,44.85,42.88,35.27,1.13,16.15,61.04,2.8,23.94,0.14,209.0,Poor,2019-06-06,Poor,233.0
Delhi,2019-06-07,54.81,152.39,14.19,35.32,32.74,32.37,1.11,14.44,74.12,2.27,18.06,0.01,192.0,Moderate,2019-06-07,Moderate,222.42857142857142
Delhi,2019-06-08,69.75,187.62,23.42,51.0,50.16,38.84,1.47,13.47,63.64,2.96,25.47,0.08,184.0,Moderate,2019-06-08,Moderate,205.85714285714286
Delhi,2019-06-09,101.05,265.12,57.24,62.84,85.14,35.74,1.86,21.74,69.14,5.72,39.35,0.28,237.0,Poor,2019-06-09,Poor,208.0
Delhi,2019-06-10,74.48,233.49,47.15,61.53,76.01,36.64,1.63,15.19,55.95,4.37,34.84,0.15,230.0,Poor,2019-06-10,Poor,207.71428571428572
Delhi,2019-06-11,118.38,487.77,44.64,49.86,65.68,32.16,1.41,13.52,39.96,3.41,31.38,0.34,315.0,Very Poor,2019-06-11,Very Poor,222.42857142857142
Delhi,2019-06-12,59.86,240.88,16.55,30.46,30.61,34.98,0.92,11.57,62.12,1.98,14.48,0.28,280.0,Poor,2019-06-12,Poor,235.28571428571428
Delhi,2019-06-13,52.66,189.69,13.33,34.53,31.46,30.0,1.03,11.79,52.93,1.96,17.35,0.29,189.0,Moderate,2019-06-13,Moderate,232.42857142857142
Delhi,2019-06-14,53.79,188.21,18.67,37.07,37.54,23.77,1.07,12.89,59.31,2.32,21.47,0.61,167.0,Moderate,2019-06-14,Moderate,228.85714285714286
Delhi,2019-06-15,81.86,274.68,26.39,47.15,49.69,23.84,1.18,17.56,57.41,3.71,27.52,0.67,217.0,Poor,2019-06-15,Poor,233.57142857142858
Delhi,2019-06-16,42.06,160.96,11.58,20.56,21.83,24.86,0.8,9.54,46.81,1.08,12.14,0.17,205.0,Poor,2019-06-16,Poor,229.0
Delhi,2019-06-17,40.18,137.08,13.34,27.51,26.75,26.8,0.89,11.07,40.56,1.75,15.55,1.1,126.0,Moderate,2019-06-17,Moderate,214.14285714285714
Delhi,2019-06-18,30.39,84.53,15.97,32.32,31.79,25.6,1.03,8.0,48.99,1.92,22.32,0.44,119.0,Moderate,2019-06-18,Moderate,186.14285714285714
Delhi,2019-06-19,79.96,223.08,17.37,37.14,36.51,35.53,1.12,12.69,61.02,2.98,24.24,0.55,173.0,Moderate,2019-06-19,Moderate,170.85714285714286
Delhi,2019-06-20,42.76,130.88,10.57,31.19,26.95,29.5,0.92,9.7,68.57,1.76,12.68,0.59,175.0,Moderate,2019-06-20,Moderate,168.85714285714286
Delhi,2019-06-21,71.15,188.16,13.56,44.78,37.67,32.14,1.22,12.23,59.68,3.07,24.07,0.64,178.0,Moderate,2019-06-21,Moderate,170.42857142857142
Delhi,2019-06-22,68.27,177.16,12.77,44.12,37.1,32.1,1.11,14.97,69.18,3.0,23.59,1.42,185.0,Moderate,2019-06-22,Moderate,165.85714285714286
Delhi,2019-06-23,42.06,126.12,6.64,23.02,19.84,31.36,0.95,10.11,57.33,1.55,9.57,0.69,153.0,Moderate,2019-06-23,Moderate,158.42857142857142
Delhi,2019-06-24,26.29,85.68,9.51,25.93,22.57,28.84,0.92,10.74,37.78,1.48,11.28,0.26,118.0,Moderate,2019-06-24,Moderate,157.28571428571428
Delhi,2019-06-25,53.65,119.98,11.18,32.24,29.27,28.87,1.07,11.91,54.02,2.67,20.21,0.51,131.0,Moderate,2019-06-25,Moderate,159.0
Delhi,2019-06-26,67.36,155.9,15.67,37.39,34.44,30.64,1.16,12.87,46.26,2.75,21.37,0.41,161.0,Moderate,2019-06-26,Moderate,157.28571428571428
Delhi,2019-06-27,65.3,230.98,17.87,39.94,38.24,29.35,1.16,13.46,46.84,2.8,22.59,0.34,169.0,Moderate,2019-06-27,Moderate,156.42857142857142
Delhi,2019-06-28,61.21,239.15,19.71,38.37,37.84,27.53,1.02,14.43,38.39,2.99,20.4,0.44,207.0,Poor,2019-06-28,Poor,160.57142857142858
Delhi,2019-06-29,58.08,271.27,16.84,34.56,35.19,23.72,0.93,11.99,37.99,2.43,20.25,0.22,223.0,Poor,2019-06-29,Poor,166.0
Delhi,2019-06-30,65.24,270.03,22.46,33.03,39.12,25.87,1.04,12.82,44.4,2.7,22.73,0.75,234.0,Poor,2019-06-30,Poor,177.57142857142858
Delhi,2019-07-01,57.27,189.32,10.44,31.09,27.68,26.07,0.94,12.22,58.0,1.96,17.02,0.72,195.0,Moderate,2019-07-01,Moderate,188.57142857142858
Delhi,2019-07-02,71.68,233.25,7.78,28.13,23.43,27.24,0.99,12.02,64.82,2.08,18.29,0.41,202.0,Poor,2019-07-02,Poor,198.71428571428572
Delhi,2019-07-03,39.99,113.92,7.3,26.57,21.33,33.05,0.99,9.75,42.31,1.69,9.86,0.59,162.0,Moderate,2019-07-03,Moderate,198.85714285714286
Delhi,2019-07-04,36.82,87.8,12.82,29.23,27.0,28.65,1.11,9.75,28.2,2.25,22.07,0.87,111.0,Moderate,2019-07-04,Moderate,190.57142857142858
Delhi,2019-07-05,48.6,99.98,18.04,34.77,34.24,37.63,1.2,11.05,22.68,2.88,24.95,1.12,113.0,Moderate,2019-07-05,Moderate,177.14285714285714
Delhi,2019-07-06,34.25,87.5,12.04,29.91,26.12,36.77,1.0,10.18,33.71,1.93,15.95,0.56,99.0,Satisfactory,2019-07-06,Satisfactory,159.42857142857142
Delhi,2019-07-07,38.81,91.79,11.02,28.87,25.63,32.3,1.08,10.67,38.66,1.97,13.47,0.16,101.0,Moderate,2019-07-07,Moderate,140.42857142857142
Delhi,2019-07-08,49.12,148.79,12.56,32.85,28.57,33.43,1.15,10.64,35.11,2.22,16.39,0.81,129.0,Moderate,2019-07-08,Moderate,131.0
Delhi,2019-07-09,42.56,128.6,11.93,30.38,26.68,32.19,1.11,9.52,25.75,1.94,18.86,1.5,131.0,Moderate,2019-07-09,Moderate,120.85714285714286
Delhi,2019-07-10,69.21,278.71,13.97,31.36,29.11,33.73,1.04,10.41,28.65,2.24,16.29,1.07,150.0,Moderate,2019-07-10,Moderate,119.14285714285714
Delhi,2019-07-11,76.99,352.26,15.0,29.87,29.36,32.06,0.97,9.64,29.84,2.04,20.77,1.05,300.0,Poor,2019-07-11,Poor,146.14285714285714
Delhi,2019-07-12,76.35,363.7,14.0,26.97,27.19,33.13,1.05,8.96,28.38,1.98,18.57,0.48,294.0,Poor,2019-07-12,Poor,172.0
Delhi,2019-07-13,63.18,294.27,11.09,23.13,22.98,28.61,0.97,9.11,30.81,1.92,18.59,0.07,312.0,Very Poor,2019-07-13,Very Poor,202.42857142857142
Delhi,2019-07-14,63.16,280.99,11.36,25.1,24.71,26.67,0.95,9.85,32.77,1.59,14.1,0.05,243.0,Poor,2019-07-14,Poor,222.71428571428572
Delhi,2019-07-15,42.04,137.67,11.57,27.17,26.07,25.07,1.09,10.39,27.23,1.97,18.94,0.63,180.0,Moderate,2019-07-15,Moderate,230.0
Delhi,2019-07-16,31.51,79.22,8.59,27.54,23.74,26.39,1.05,9.64,30.05,1.99,20.07,0.09,117.0,Moderate,2019-07-16,Moderate,228.0
Delhi,2019-07-17,32.06,67.73,11.08,28.44,26.68,25.91,1.03,8.91,31.48,2.24,22.46,0.11,92.0,Satisfactory,2019-07-17,Satisfactory,219.71428571428572
Delhi,2019-07-18,32.92,78.08,19.36,37.14,37.88,26.54,1.24,8.86,30.75,2.37,22.82,0.25,98.0,Satisfactory,2019-07-18,Satisfactory,190.85714285714286
Delhi,2019-07-19,63.02,158.3,29.13,40.79,49.35,30.83,1.41,9.95,49.9,3.38,32.0,0.53,142.0,Moderate,2019-07-19,Moderate,169.14285714285714
Delhi,2019-07-20,46.43,117.84,14.59,37.1,34.22,34.1,1.15,8.6,29.1,2.39,26.17,0.33,137.0,Moderate,2019-07-20,Moderate,144.14285714285714
Delhi,2019-07-21,50.57,105.55,23.14,33.89,40.01,37.02,1.39,8.83,32.04,2.6,27.75,0.23,123.0,Moderate,2019-07-21,Moderate,127.0
Delhi,2019-07-22,60.38,119.66,31.57,33.03,45.91,43.72,1.55,8.95,34.79,2.91,29.07,0.31,124.0,Moderate,2019-07-22,Moderate,119.0
Delhi,2019-07-23,73.08,153.96,26.12,39.89,46.01,45.51,1.61,9.05,40.16,2.82,32.72,0.43,156.0,Moderate,2019-07-23,Moderate,124.57142857142857
Delhi,2019-07-24,63.26,156.93,22.05,40.29,42.88,44.36,1.41,8.83,33.1,2.36,27.06,1.54,165.0,Moderate,2019-07-24,Moderate,135.0
Delhi,2019-07-25,22.79,63.51,16.78,33.52,33.55,37.17,0.94,8.76,22.78,1.69,17.02,0.18,98.0,Satisfactory,2019-07-25,Satisfactory,135.0
Delhi,2019-07-26,30.63,61.26,13.26,31.61,29.95,36.06,0.99,8.92,27.72,2.1,22.74,0.41,94.0,Satisfactory,2019-07-26,Satisfactory,128.14285714285714
Delhi,2019-07-27,26.16,45.04,11.98,25.34,25.46,30.26,1.0,8.67,29.54,2.0,20.94,0.74,85.0,Satisfactory,2019-07-27,Satisfactory,120.71428571428571
Delhi,2019-07-28,21.13,46.35,9.12,21.89,21.22,28.65,0.89,8.43,30.62,1.3,13.8,0.35,83.0,Satisfactory,2019-07-28,Satisfactory,115.0
Delhi,2019-07-29,24.45,64.17,10.8,25.11,24.31,31.27,0.92,8.97,29.78,1.52,15.9,0.75,82.0,Satisfactory,2019-07-29,Satisfactory,109.0
Delhi,2019-07-30,30.1,82.81,10.37,26.92,25.19,33.49,0.97,9.36,27.42,2.01,20.2,0.8,90.0,Satisfactory,2019-07-30,Satisfactory,99.57142857142857
Delhi,2019-07-31,30.22,76.67,10.23,26.45,24.98,33.79,0.93,8.78,31.25,1.65,18.71,0.53,90.0,Satisfactory,2019-07-31,Satisfactory,88.85714285714286
Delhi,2019-08-01,34.26,85.89,10.07,28.4,26.51,33.55,0.94,8.79,32.51,1.88,17.74,0.39,98.0,Satisfactory,2019-08-01,Satisfactory,88.85714285714286
Delhi,2019-08-02,35.06,83.66,11.86,30.96,29.14,32.66,1.03,8.45,29.29,2.14,24.9,0.32,95.0,Satisfactory,2019-08-02,Satisfactory,89.0
Delhi,2019-08-03,38.54,80.35,16.87,31.0,33.32,35.33,1.07,9.43,27.74,2.58,28.18,0.33,104.0,Moderate,2019-08-03,Moderate,91.71428571428571
Delhi,2019-08-04,46.69,88.15,17.79,30.9,34.32,34.25,1.13,9.96,27.25,2.13,21.93,0.29,101.0,Moderate,2019-08-04,Moderate,94.28571428571429
Delhi,2019-08-05,52.2,104.96,20.62,34.64,38.54,37.17,1.24,9.37,28.66,2.18,23.36,0.49,108.0,Moderate,2019-08-05,Moderate,98.0
Delhi,2019-08-06,30.04,57.31,19.57,34.68,37.25,42.32,1.14,8.26,22.91,2.53,24.25,0.96,99.0,Satisfactory,2019-08-06,Satisfactory,99.28571428571429
Delhi,2019-08-07,32.63,72.98,22.98,31.82,38.88,33.65,1.22,9.81,29.87,3.07,29.46,0.58,104.0,Moderate,2019-08-07,Moderate,101.28571428571429
Delhi,2019-08-08,27.69,80.22,15.06,28.9,30.82,30.9,1.01,10.61,30.92,2.27,21.05,0.39,99.0,Satisfactory,2019-08-08,Satisfactory,101.42857142857143
Delhi,2019-08-09,14.59,61.47,9.54,22.08,21.86,28.01,0.86,9.3,26.17,1.6,15.54,0.25,89.0,Satisfactory,2019-08-09,Satisfactory,100.57142857142857
Delhi,2019-08-10,16.73,47.75,9.02,22.06,21.47,24.4,0.87,8.47,25.43,1.12,10.3,1.03,75.0,Satisfactory,2019-08-10,Satisfactory,96.42857142857143
Delhi,2019-08-11,25.53,67.15,11.45,25.93,25.93,25.93,0.96,8.65,26.21,1.11,13.1,0.99,83.0,Satisfactory,2019-08-11,Satisfactory,93.85714285714286
Delhi,2019-08-12,20.53,51.91,13.19,26.18,27.51,24.89,1.02,8.14,21.46,1.56,15.92,0.89,80.0,Satisfactory,2019-08-12,Satisfactory,89.85714285714286
Delhi,2019-08-13,21.68,56.18,17.85,27.12,32.07,29.25,1.1,8.37,20.73,1.76,18.61,2.21,85.0,Satisfactory,2019-08-13,Satisfactory,87.85714285714286
Delhi,2019-08-14,33.21,58.36,16.96,31.9,33.85,29.08,1.19,8.5,31.43,1.94,21.44,6.58,93.0,Satisfactory,2019-08-14,Satisfactory,86.28571428571429
Delhi,2019-08-15,28.78,56.28,18.56,25.03,32.56,31.29,1.04,8.51,23.58,1.5,16.34,3.43,93.0,Satisfactory,2019-08-15,Satisfactory,85.42857142857143
Delhi,2019-08-16,15.52,37.1,13.71,21.51,26.32,27.58,0.87,8.61,23.59,1.08,10.43,2.66,73.0,Satisfactory,2019-08-16,Satisfactory,83.14285714285714
Delhi,2019-08-17,10.24,19.51,14.08,19.1,24.77,25.82,0.81,7.67,16.51,1.12,10.25,1.33,67.0,Satisfactory,2019-08-17,Satisfactory,82.0
Delhi,2019-08-18,15.51,30.45,17.56,20.93,25.39,23.25,0.98,8.57,18.03,1.44,16.91,2.31,66.0,Satisfactory,2019-08-18,Satisfactory,79.57142857142857
Delhi,2019-08-19,38.55,86.13,26.99,28.59,38.82,25.62,1.31,8.6,28.06,2.77,28.61,2.5,99.0,Satisfactory,2019-08-19,Satisfactory,82.28571428571429
Delhi,2019-08-20,41.74,95.71,19.92,26.86,31.87,33.03,1.23,8.12,28.41,2.44,24.96,3.44,103.0,Moderate,2019-08-20,Moderate,84.85714285714286
Delhi,2019-08-21,46.69,129.46,15.16,32.68,32.26,34.19,1.14,7.81,31.18,2.37,23.43,4.66,107.0,Moderate,2019-08-21,Moderate,86.85714285714286
Delhi,2019-08-22,44.16,130.49,23.36,42.21,44.39,34.28,1.21,8.41,25.95,3.1,29.02,1.68,125.0,Moderate,2019-08-22,Moderate,91.42857142857143
Delhi,2019-08-23,50.49,142.76,37.04,40.32,54.52,36.4,1.3,8.36,28.57,3.26,32.01,1.65,130.0,Moderate,2019-08-23,Moderate,99.57142857142857
Delhi,2019-08-24,60.71,149.82,41.65,41.76,59.19,41.36,1.47,8.78,28.17,3.71,36.48,1.52,149.0,Moderate,2019-08-24,Moderate,111.28571428571429
Delhi,2019-08-25,33.49,67.82,11.09,31.71,27.89,34.91,0.93,8.23,24.22,1.99,18.44,1.6,107.0,Moderate,2019-08-25,Moderate,117.14285714285714
Delhi,2019-08-26,25.06,68.59,15.89,31.6,31.88,29.89,0.99,8.55,24.07,2.24,23.2,1.03,77.0,Satisfactory,2019-08-26,Satisfactory,114.0
Delhi,2019-08-27,40.68,107.99,21.99,34.48,39.32,31.99,1.17,10.01,36.98,2.84,29.66,0.84,114.0,Moderate,2019-08-27,Moderate,115.57142857142857
Delhi,2019-08-28,42.04,103.01,19.01,34.62,37.1,34.95,1.07,9.64,34.34,2.54,23.75,3.88,119.0,Moderate,2019-08-28,Moderate,117.28571428571429
Delhi,2019-08-29,33.92,90.29,11.52,30.6,27.72,32.6,0.93,8.24,30.97,1.88,15.84,0.44,103.0,Moderate,2019-08-29,Moderate,114.14285714285714
Delhi,2019-08-30,43.5,105.68,12.89,32.44,30.15,33.69,1.02,9.33,39.25,1.93,18.03,0.71,110.0,Moderate,2019-08-30,Moderate,111.28571428571429
Delhi,2019-08-31,57.16,123.23,18.34,40.79,40.39,38.62,1.41,9.14,33.71,2.72,26.9,1.11,123.0,Moderate,2019-08-31,Moderate,107.57142857142857
Delhi,2019-09-01,35.13,81.44,12.03,32.08,29.57,41.15,1.11,8.41,31.24,2.01,20.82,0.79,123.0,Moderate,2019-09-01,Moderate,109.85714285714286
Delhi,2019-09-02,46.15,101.79,10.33,31.91,27.85,36.31,1.07,8.81,39.18,1.96,21.64,1.3,105.0,Moderate,2019-09-02,Moderate,113.85714285714286
Delhi,2019-09-03,70.64,143.56,13.02,36.51,32.78,36.34,1.21,8.95,32.5,2.4,25.4,2.28,131.0,Moderate,2019-09-03,Moderate,116.28571428571429
Delhi,2019-09-04,73.33,150.39,10.62,36.99,30.78,37.13,1.22,9.03,36.13,2.38,26.31,1.74,165.0,Moderate,2019-09-04,Moderate,122.85714285714286
Delhi,2019-09-05,33.9,90.44,9.99,29.09,25.41,33.31,0.97,9.25,28.87,1.75,20.2,0.94,118.0,Moderate,2019-09-05,Moderate,125.0
Delhi,2019-09-06,35.81,89.47,12.15,30.05,27.49,34.35,0.99,10.9,27.22,2.13,21.71,1.37,96.0,Satisfactory,2019-09-06,Satisfactory,123.0
Delhi,2019-09-07,34.98,83.26,14.46,30.9,30.5,30.75,1.0,8.17,24.58,1.84,19.25,2.45,95.0,Satisfactory,2019-09-07,Satisfactory,119.0
Delhi,2019-09-08,32.83,77.01,10.61,26.84,24.75,32.14,0.9,8.72,32.4,1.55,18.52,1.31,99.0,Satisfactory,2019-09-08,Satisfactory,115.57142857142857
Delhi,2019-09-09,56.31,126.43,13.78,30.47,29.46,30.37,1.0,8.45,30.84,1.88,23.34,1.62,107.0,Moderate,2019-09-09,Moderate,115.85714285714286
Delhi,2019-09-10,64.48,144.47,16.24,34.12,34.48,29.2,1.07,9.49,40.53,2.34,27.18,2.8,139.0,Moderate,2019-09-10,Moderate,117.0
Delhi,2019-09-11,79.6,174.33,15.86,39.69,37.15,31.57,1.15,9.54,48.95,2.5,27.98,2.06,166.0,Moderate,2019-09-11,Moderate,117.14285714285714
Delhi,2019-09-12,57.83,132.61,9.71,34.01,28.38,30.72,0.99,8.91,32.08,1.85,17.13,1.28,158.0,Moderate,2019-09-12,Moderate,122.85714285714286
Delhi,2019-09-13,33.59,83.22,9.52,29.75,25.5,28.56,0.88,8.16,27.33,1.5,16.47,1.04,103.0,Moderate,2019-09-13,Moderate,123.85714285714286
Delhi,2019-09-14,26.65,69.36,7.91,26.05,21.91,25.04,0.77,8.48,28.64,1.48,15.16,0.52,85.0,Satisfactory,2019-09-14,Satisfactory,122.42857142857143
Delhi,2019-09-15,35.52,72.61,10.34,27.77,24.91,24.48,0.91,8.55,28.58,1.42,14.92,0.49,83.0,Satisfactory,2019-09-15,Satisfactory,120.14285714285714
Delhi,2019-09-16,56.6,129.47,19.02,36.18,37.24,26.11,1.13,8.35,35.4,2.25,26.03,0.82,111.0,Moderate,2019-09-16,Moderate,120.71428571428571
Delhi,2019-09-17,59.14,135.84,14.08,38.18,34.26,27.51,1.12,8.64,41.22,2.62,24.58,0.51,143.0,Moderate,2019-09-17,Moderate,121.28571428571429
Delhi,2019-09-18,35.41,97.32,7.76,31.3,25.04,25.54,0.86,9.46,37.19,1.86,15.45,0.42,117.0,Moderate,2019-09-18,Moderate,114.28571428571429
Delhi,2019-09-19,21.74,62.19,7.22,24.15,20.35,22.6,0.78,9.29,27.34,1.57,15.18,0.17,80.0,Satisfactory,2019-09-19,Satisfactory,103.14285714285714
Delhi,2019-09-20,40.33,106.47,13.55,31.73,30.32,24.91,0.95,10.81,29.76,2.22,22.21,0.28,96.0,Satisfactory,2019-09-20,Satisfactory,102.14285714285714
Delhi,2019-09-21,39.23,96.29,17.26,31.43,32.82,24.45,0.99,9.63,28.51,2.08,22.37,0.98,112.0,Moderate,2019-09-21,Moderate,106.0
Delhi,2019-09-22,26.51,65.65,17.88,30.66,33.12,26.2,0.91,9.32,21.15,1.89,17.61,1.07,86.0,Satisfactory,2019-09-22,Satisfactory,106.42857142857143
Delhi,2019-09-23,34.46,83.33,11.33,30.02,27.61,25.37,0.93,9.9,30.49,2.01,18.72,0.49,89.0,Satisfactory,2019-09-23,Satisfactory,103.28571428571429
Delhi,2019-09-24,35.88,96.22,16.67,34.98,34.14,25.61,0.98,9.19,28.92,2.55,21.11,1.0,103.0,Moderate,2019-09-24,Moderate,97.57142857142857
Delhi,2019-09-25,30.52,86.31,11.53,29.99,27.25,24.88,0.9,8.94,28.53,1.89,18.14,1.06,100.0,Satisfactory,2019-09-25,Satisfactory,95.14285714285714
Delhi,2019-09-26,22.9,69.49,12.62,27.25,26.71,24.04,0.83,10.43,24.16,1.93,20.57,0.78,87.0,Satisfactory,2019-09-26,Satisfactory,96.14285714285714
Delhi,2019-09-27,15.66,56.71,9.94,24.52,22.68,22.32,0.78,10.3,23.54,2.09,18.35,0.19,78.0,Satisfactory,2019-09-27,Satisfactory,93.57142857142857
Delhi,2019-09-28,22.52,66.98,11.93,26.18,25.22,21.94,0.77,10.01,22.22,2.84,19.97,0.37,78.0,Satisfactory,2019-09-28,Satisfactory,88.71428571428571
Delhi,2019-09-29,16.91,51.03,8.13,22.84,19.7,21.99,0.74,8.85,22.84,1.83,12.63,0.14,68.0,Satisfactory,2019-09-29,Satisfactory,86.14285714285714
Delhi,2019-09-30,29.42,81.97,12.1,27.89,26.39,22.01,0.92,8.22,26.67,2.46,15.92,0.27,75.0,Satisfactory,2019-09-30,Satisfactory,84.14285714285714
Delhi,2019-10-01,33.92,92.41,12.82,28.0,26.89,23.99,0.96,8.5,26.15,2.56,18.36,0.59,98.0,Satisfactory,2019-10-01,Satisfactory,83.42857142857143
Delhi,2019-10-02,40.16,96.13,17.97,29.72,32.24,24.63,1.05,8.95,34.94,2.83,15.7,0.73,105.0,Moderate,2019-10-02,Moderate,84.14285714285714
Delhi,2019-10-03,57.99,143.97,30.13,36.77,46.78,27.17,1.25,10.42,44.29,4.03,25.96,1.08,140.0,Moderate,2019-10-03,Moderate,91.71428571428571
Delhi,2019-10-04,43.07,94.9,17.87,34.07,35.15,26.21,0.99,8.34,32.54,2.99,25.91,1.52,113.0,Moderate,2019-10-04,Moderate,96.71428571428571
Delhi,2019-10-05,39.48,108.22,20.52,33.82,36.22,23.56,1.03,8.08,32.66,2.5,20.58,2.01,108.0,Moderate,2019-10-05,Moderate,101.0
Delhi,2019-10-06,58.75,140.15,18.29,36.98,37.52,26.89,0.99,8.62,40.18,2.82,22.98,1.66,127.0,Moderate,2019-10-06,Moderate,109.42857142857143
Delhi,2019-10-07,55.88,137.81,13.36,33.46,31.6,26.98,0.91,8.25,36.23,2.35,18.65,1.28,133.0,Moderate,2019-10-07,Moderate,117.71428571428571
Delhi,2019-10-08,44.85,116.56,17.58,33.4,34.71,23.12,0.85,8.91,38.81,2.29,15.02,1.14,123.0,Moderate,2019-10-08,Moderate,121.28571428571429
Delhi,2019-10-09,77.02,182.89,40.81,45.5,58.38,25.59,1.37,11.9,51.37,4.1,30.69,2.53,165.0,Moderate,2019-10-09,Moderate,129.85714285714286
Delhi,2019-10-10,100.82,215.18,34.75,50.32,54.51,29.71,1.34,13.83,53.51,4.49,36.66,2.06,208.0,Poor,2019-10-10,Poor,139.57142857142858
Delhi,2019-10-11,98.07,203.36,35.13,48.05,53.08,31.79,1.37,11.02,47.07,4.4,32.36,2.74,243.0,Poor,2019-10-11,Poor,158.14285714285714
Delhi,2019-10-12,103.45,209.42,35.55,48.54,53.06,33.54,1.44,11.26,44.45,4.65,35.04,2.96,235.0,Poor,2019-10-12,Poor,176.28571428571428
Delhi,2019-10-13,132.57,255.42,43.72,51.27,63.23,34.93,1.65,12.75,44.55,5.05,38.96,3.84,282.0,Poor,2019-10-13,Poor,198.42857142857142
Delhi,2019-10-14,116.33,239.47,52.78,50.83,68.23,34.7,1.73,11.46,43.59,4.68,37.89,3.34,285.0,Poor,2019-10-14,Poor,220.14285714285714
Delhi,2019-10-15,133.35,285.26,67.74,58.61,86.5,36.03,2.18,13.31,53.79,6.4,49.36,5.87,291.0,Poor,2019-10-15,Poor,244.14285714285714
Delhi,2019-10-16,146.37,279.78,39.0,53.03,62.13,38.12,1.77,13.22,55.69,5.51,36.51,4.29,320.0,Very Poor,2019-10-16,Very Poor,266.2857142857143
Delhi,2019-10-17,121.68,245.2,18.94,46.51,42.73,35.08,1.44,14.95,49.68,4.58,30.79,2.36,300.0,Poor,2019-10-17,Poor,279.42857142857144
Delhi,2019-10-18,90.41,203.39,13.39,39.62,34.81,33.94,1.14,11.36,42.7,3.47,22.11,1.4,265.0,Poor,2019-10-18,Poor,282.57142857142856
Delhi,2019-10-19,76.77,174.84,31.61,51.37,53.94,33.65,1.18,11.33,43.23,4.23,33.23,1.69,170.0,Moderate,2019-10-19,Moderate,273.2857142857143
Delhi,2019-10-20,98.05,203.14,35.0,48.83,53.46,33.32,1.26,10.64,33.47,4.13,30.72,1.68,242.0,Poor,2019-10-20,Poor,267.57142857142856
Delhi,2019-10-21,115.16,235.0,34.79,51.05,55.42,31.9,1.3,11.11,36.8,4.36,28.7,3.3,254.0,Poor,2019-10-21,Poor,263.14285714285717
Delhi,2019-10-22,93.51,213.26,34.86,50.05,57.98,29.84,1.37,11.7,39.48,3.82,28.98,3.4,243.0,Poor,2019-10-22,Poor,256.2857142857143
Delhi,2019-10-23,122.12,268.58,56.07,57.92,80.24,34.38,1.79,14.08,44.15,4.7,34.29,2.52,248.0,Poor,2019-10-23,Poor,246.0
Delhi,2019-10-24,173.56,346.51,84.08,67.36,108.93,41.69,2.46,18.87,57.94,7.01,50.88,5.3,335.0,Very Poor,2019-10-24,Very Poor,251.0
Delhi,2019-10-25,129.9,270.87,42.42,52.55,64.73,37.02,1.72,15.17,52.25,5.07,35.92,1.92,331.0,Very Poor,2019-10-25,Very Poor,260.42857142857144
Delhi,2019-10-26,148.73,290.6,61.19,56.43,83.98,40.14,1.92,12.76,50.59,5.34,38.81,1.52,315.0,Very Poor,2019-10-26,Very Poor,281.14285714285717
Delhi,2019-10-27,198.81,321.68,46.63,48.37,68.91,40.04,1.77,13.21,47.27,4.92,30.4,1.56,354.0,Very Poor,2019-10-27,Very Poor,297.14285714285717
Delhi,2019-10-28,301.39,420.35,35.11,48.45,59.73,40.16,1.77,18.03,42.79,4.62,20.55,0.91,417.0,Severe,2019-10-28,Severe,320.42857142857144
Delhi,2019-10-29,287.56,440.77,58.36,60.03,86.74,49.0,2.43,12.71,33.2,5.79,37.17,2.2,419.0,Severe,2019-10-29,Severe,345.57142857142856
Delhi,2019-10-30,279.32,454.35,87.7,63.87,113.63,52.82,2.67,13.81,34.86,6.53,49.5,1.97,452.0,Severe,2019-10-30,Severe,374.7142857142857
Delhi,2019-10-31,314.32,500.04,99.58,71.37,123.63,55.54,2.92,15.86,38.29,7.27,60.46,3.88,460.0,Severe,2019-10-31,Severe,392.57142857142856
Delhi,2019-11-01,388.45,584.15,62.6,73.61,96.68,58.29,2.59,16.32,49.77,7.11,55.43,3.05,591.0,Severe,2019-11-01,Severe,429.7142857142857
Delhi,2019-11-02,320.26,467.74,34.23,54.1,61.32,49.38,1.93,12.88,35.0,5.6,35.45,0.97,473.0,Severe,2019-11-02,Severe,452.2857142857143
Delhi,2019-11-03,582.28,706.58,28.98,49.67,53.58,56.52,2.39,10.2,33.91,6.21,33.78,1.19,659.0,Severe,2019-11-03,Severe,495.85714285714283
Delhi,2019-11-04,272.3,386.16,29.75,44.53,51.48,39.67,1.47,11.68,36.82,4.37,29.56,0.94,532.0,Severe,2019-11-04,Severe,512.2857142857143
Delhi,2019-11-05,190.41,296.98,32.28,44.32,53.16,33.01,1.43,13.17,39.23,3.75,28.54,0.68,385.0,Very Poor,2019-11-05,Very Poor,507.42857142857144
Delhi,2019-11-06,101.09,207.19,57.56,54.77,81.72,31.99,1.52,11.58,29.77,3.94,30.45,1.39,265.0,Poor,2019-11-06,Poor,480.7142857142857
Delhi,2019-11-07,182.47,292.56,29.02,51.64,54.77,37.3,1.58,11.95,23.72,5.25,37.6,1.05,296.0,Poor,2019-11-07,Poor,457.2857142857143
Delhi,2019-11-08,154.14,253.44,51.48,52.79,73.74,38.97,1.68,14.04,32.33,5.58,47.09,1.01,346.0,Very Poor,2019-11-08,Very Poor,422.2857142857143
Delhi,2019-11-09,140.8,230.5,35.56,44.01,56.07,35.4,1.34,11.58,30.42,4.13,33.86,0.79,321.0,Very Poor,2019-11-09,Very Poor,400.57142857142856
Delhi,2019-11-10,192.35,296.44,30.88,50.35,56.41,32.4,1.44,13.95,38.5,3.79,29.59,0.55,339.0,Very Poor,2019-11-10,Very Poor,354.85714285714283
Delhi,2019-11-11,252.48,380.54,45.96,61.36,75.05,37.01,1.79,15.18,42.35,4.56,39.67,0.83,376.0,Very Poor,2019-11-11,Very Poor,332.57142857142856
Delhi,2019-11-12,384.34,529.59,51.47,66.1,83.09,40.72,2.25,14.41,48.8,5.85,44.03,1.16,475.0,Severe,2019-11-12,Severe,345.42857142857144
Delhi,2019-11-13,383.36,541.19,62.74,73.6,94.33,43.4,2.5,15.12,39.52,7.08,52.12,1.57,532.0,Severe,2019-11-13,Severe,383.57142857142856
Delhi,2019-11-14,371.42,545.66,77.46,82.63,114.67,50.55,2.92,16.26,26.54,8.2,65.31,2.14,537.0,Severe,2019-11-14,Severe,418.0
Delhi,2019-11-15,423.52,576.12,44.06,59.35,73.02,50.12,2.35,14.14,37.71,7.47,48.7,2.34,595.0,Severe,2019-11-15,Severe,453.57142857142856
Delhi,2019-11-16,174.03,293.0,23.38,42.35,45.36,35.82,1.34,12.89,31.94,4.3,30.34,1.2,438.0,Severe,2019-11-16,Severe,470.2857142857143
Delhi,2019-11-17,96.34,165.5,14.48,33.78,32.29,29.55,0.92,10.78,27.01,2.4,16.76,0.22,273.0,Poor,2019-11-17,Poor,460.85714285714283
Delhi,2019-11-18,108.4,181.67,29.18,40.05,49.47,29.79,1.26,10.55,30.33,3.03,20.7,0.68,245.0,Poor,2019-11-18,Poor,442.14285714285717
Delhi,2019-11-19,126.92,218.13,52.44,52.79,77.11,33.12,1.6,12.05,31.56,4.31,31.85,1.51,251.0,Poor,2019-11-19,Poor,410.14285714285717
Delhi,2019-11-20,175.19,295.47,79.63,77.62,106.76,40.19,2.21,14.74,38.99,5.65,45.92,2.19,315.0,Very Poor,2019-11-20,Very Poor,379.14285714285717
Delhi,2019-11-21,217.7,363.77,104.83,91.65,135.9,44.56,3.0,19.85,48.43,8.84,71.87,5.87,375.0,Very Poor,2019-11-21,Very Poor,356.0
Delhi,2019-11-22,201.17,332.6,83.99,75.08,113.99,42.17,2.4,16.02,41.54,7.04,56.68,2.72,377.0,Very Poor,2019-11-22,Very Poor,324.85714285714283
Delhi,2019-11-23,130.41,224.14,33.69,52.7,60.68,34.6,1.3,11.64,25.58,4.46,33.82,1.0,334.0,Very Poor,2019-11-23,Very Poor,310.0
Delhi,2019-11-24,107.86,178.21,19.82,43.51,42.87,34.33,1.01,11.35,29.6,2.98,20.71,0.49,264.0,Poor,2019-11-24,Poor,308.7142857142857
Delhi,2019-11-25,122.37,213.67,44.39,53.29,69.13,35.67,1.45,13.59,31.86,4.16,31.46,0.79,269.0,Poor,2019-11-25,Poor,312.14285714285717
Delhi,2019-11-26,114.27,225.78,49.17,53.83,73.89,37.04,1.41,17.65,39.21,5.2,38.41,0.77,284.0,Poor,2019-11-26,Poor,316.85714285714283
Delhi,2019-11-27,65.7,128.1,19.37,42.94,41.04,34.32,0.89,10.71,30.2,2.89,28.31,0.3,166.0,Moderate,2019-11-27,Moderate,295.57142857142856
Delhi,2019-11-28,31.03,58.6,10.57,32.3,27.14,30.25,0.65,8.99,28.72,1.88,20.27,0.18,106.0,Moderate,2019-11-28,Moderate,257.14285714285717
Delhi,2019-11-29,53.79,100.29,29.65,41.9,49.52,31.59,1.03,10.14,24.66,3.15,27.84,0.52,89.0,Satisfactory,2019-11-29,Satisfactory,216.0
Delhi,2019-11-30,96.96,159.36,34.59,45.04,56.55,36.65,1.21,9.87,23.38,4.1,30.82,0.84,175.0,Moderate,2019-11-30,Moderate,193.28571428571428
Delhi,2019-12-01,123.66,192.47,38.19,50.39,63.15,36.51,1.17,11.39,32.28,3.57,23.24,0.58,257.0,Poor,2019-12-01,Poor,192.28571428571428
Delhi,2019-12-02,141.12,229.08,50.45,57.23,77.73,38.4,1.49,11.18,32.54,4.35,26.64,0.75,299.0,Poor,2019-12-02,Poor,196.57142857142858
Delhi,2019-12-03,140.07,241.56,53.47,60.85,82.31,38.81,1.49,11.37,32.57,4.31,31.72,0.65,302.0,Very Poor,2019-12-03,Very Poor,199.14285714285714
Delhi,2019-12-04,163.24,277.92,77.61,71.65,107.88,43.21,1.95,13.48,33.48,4.93,42.84,0.67,313.0,Very Poor,2019-12-04,Very Poor,220.14285714285714
Delhi,2019-12-05,271.99,416.79,115.56,91.53,148.59,55.2,2.95,14.48,42.41,7.93,71.69,1.9,389.0,Very Poor,2019-12-05,Very Poor,260.57142857142856
Delhi,2019-12-06,241.69,362.1,73.76,69.73,103.48,57.17,2.03,13.41,32.34,7.86,57.33,1.84,423.0,Severe,2019-12-06,Severe,308.2857142857143
Delhi,2019-12-07,233.79,348.44,79.28,66.41,107.56,55.32,2.32,15.4,33.69,6.96,47.68,2.22,382.0,Very Poor,2019-12-07,Very Poor,337.85714285714283
Delhi,2019-12-08,239.98,355.16,109.28,68.59,137.04,58.01,2.88,13.69,32.51,8.02,58.12,5.55,404.0,Severe,2019-12-08,Severe,358.85714285714283
Delhi,2019-12-09,200.33,311.58,87.59,68.28,114.07,56.75,2.32,12.34,29.47,6.5,45.83,2.04,371.0,Very Poor,2019-12-09,Very Poor,369.14285714285717
Delhi,2019-12-10,236.4,363.3,85.62,72.63,115.07,59.1,2.41,12.49,38.14,6.87,50.04,3.14,377.0,Very Poor,2019-12-10,Very Poor,379.85714285714283
Delhi,2019-12-11,299.85,452.65,106.35,85.56,138.71,68.66,3.2,14.71,41.46,8.0,69.03,4.94,430.0,Severe,2019-12-11,Severe,396.57142857142856
Delhi,2019-12-12,284.18,412.59,46.67,64.36,76.85,70.65,2.01,12.61,44.13,6.29,38.83,2.16,471.0,Severe,2019-12-12,Severe,408.2857142857143
Delhi,2019-12-13,94.62,124.26,13.29,41.21,32.94,50.03,1.14,7.9,29.14,2.73,16.19,0.22,322.0,Very Poor,2019-12-13,Very Poor,393.85714285714283
Delhi,2019-12-14,78.59,128.36,26.2,41.29,43.17,38.62,1.18,9.04,22.94,3.38,25.36,0.5,179.0,Moderate,2019-12-14,Moderate,364.85714285714283
Delhi,2019-12-15,94.67,151.57,26.19,39.9,43.01,38.46,1.15,8.5,22.96,3.22,21.24,0.31,205.0,Poor,2019-12-15,Poor,336.42857142857144
Delhi,2019-12-16,88.05,133.11,21.68,35.06,36.0,39.25,1.04,7.17,22.1,2.4,12.91,0.1,202.0,Poor,2019-12-16,Poor,312.2857142857143
Delhi,2019-12-17,93.07,140.23,27.2,32.7,40.32,46.78,1.07,7.26,24.27,2.52,14.12,0.09,178.0,Moderate,2019-12-17,Moderate,283.85714285714283
Delhi,2019-12-18,144.0,214.88,29.59,44.41,48.79,51.81,1.24,7.98,32.08,3.47,22.85,0.16,273.0,Poor,2019-12-18,Poor,261.42857142857144
Delhi,2019-12-19,261.16,385.13,51.02,55.64,72.47,57.3,1.92,9.64,28.22,6.1,34.52,0.52,354.0,Very Poor,2019-12-19,Very Poor,244.71428571428572
Delhi,2019-12-20,316.09,449.06,40.57,60.58,66.4,58.04,2.16,9.92,29.05,6.86,39.35,1.05,452.0,Severe,2019-12-20,Severe,263.2857142857143
Delhi,2019-12-21,249.87,353.94,37.13,50.24,57.35,62.14,1.71,8.52,23.62,5.96,30.95,0.61,441.0,Severe,2019-12-21,Severe,300.7142857142857
Delhi,2019-12-22,146.81,202.05,19.33,38.96,36.7,57.51,1.13,6.67,21.48,3.77,17.14,0.18,351.0,Very Poor,2019-12-22,Very Poor,321.57142857142856
Delhi,2019-12-23,171.47,240.19,26.86,39.83,44.43,53.04,1.28,7.0,23.8,3.98,23.78,0.32,321.0,Very Poor,2019-12-23,Very Poor,338.57142857142856
Delhi,2019-12-24,262.69,401.03,38.02,56.72,64.46,53.3,1.76,8.7,28.17,5.75,38.29,0.82,376.0,Very Poor,2019-12-24,Very Poor,366.85714285714283
Delhi,2019-12-25,166.71,258.28,22.4,39.77,40.79,48.52,1.2,6.96,21.13,3.85,22.52,0.29,384.0,Very Poor,2019-12-25,Very Poor,382.7142857142857
Delhi,2019-12-26,196.97,299.85,19.25,45.08,41.2,51.83,1.17,6.99,25.73,3.69,22.5,0.25,340.0,Very Poor,2019-12-26,Very Poor,380.7142857142857
Delhi,2019-12-27,240.07,371.45,28.66,54.6,54.95,52.64,1.39,7.88,27.55,4.62,32.86,0.2,372.0,Very Poor,2019-12-27,Very Poor,369.2857142857143
Delhi,2019-12-28,275.6,426.12,60.13,55.98,83.47,50.47,1.96,10.26,27.92,6.7,39.22,0.4,425.0,Severe,2019-12-28,Severe,367.0
Delhi,2019-12-29,326.79,500.15,32.73,57.76,61.51,49.61,1.86,10.25,35.11,6.28,33.0,0.34,455.0,Severe,2019-12-29,Severe,381.85714285714283
Delhi,2019-12-30,333.43,486.35,54.97,55.61,79.04,50.75,2.24,11.15,26.44,8.0,47.12,0.72,506.0,Severe,2019-12-30,Severe,408.2857142857143
Delhi,2019-12-31,245.53,338.18,44.49,47.5,64.57,48.22,1.8,11.03,28.07,4.81,38.4,0.22,417.0,Severe,2019-12-31,Severe,414.14285714285717
Delhi,2020-01-01,372.14,483.87,109.53,64.18,135.0,56.85,3.15,18.49,39.58,8.5,60.79,1.38,492.0,Severe,2020-01-01,Severe,429.57142857142856
Delhi,2020-01-02,327.04,439.31,120.76,64.8,143.71,58.26,3.32,19.95,36.5,9.36,73.11,2.65,485.0,Severe,2020-01-02,Severe,450.2857142857143
Delhi,2020-01-03,228.9,337.04,111.09,55.65,131.13,53.02,2.8,14.93,27.82,6.96,66.8,2.8,426.0,Severe,2020-01-03,Severe,458.0
Delhi,2020-01-04,220.6,327.22,86.58,57.67,110.2,53.46,2.2,12.85,29.94,6.81,48.18,5.45,366.0,Very Poor,2020-01-04,Very Poor,449.57142857142856
Delhi,2020-01-05,170.21,257.94,29.99,48.25,54.3,47.94,1.23,9.59,30.21,3.7,28.9,4.8,354.0,Very Poor,2020-01-05,Very Poor,435.14285714285717
Delhi,2020-01-06,159.64,247.47,35.49,51.19,60.14,47.01,1.27,11.34,21.99,3.52,31.1,1.13,335.0,Very Poor,2020-01-06,Very Poor,410.7142857142857
Delhi,2020-01-07,120.31,176.22,24.08,44.9,46.56,43.53,1.18,12.74,22.82,3.64,24.51,0.3,285.0,Poor,2020-01-07,Poor,391.85714285714283
Delhi,2020-01-08,117.98,145.85,26.65,38.64,45.09,44.73,1.13,8.67,17.63,3.49,22.67,0.19,281.0,Poor,2020-01-08,Poor,361.7142857142857
Delhi,2020-01-09,89.26,132.06,14.71,32.3,31.03,36.87,0.89,7.28,22.0,2.43,15.34,0.04,231.0,Poor,2020-01-09,Poor,325.42857142857144
Delhi,2020-01-10,130.82,203.54,27.73,45.12,50.71,37.73,1.3,9.44,27.25,3.8,24.75,0.33,255.0,Poor,2020-01-10,Poor,301.0
Delhi,2020-01-11,151.1,245.62,43.83,53.28,69.66,40.97,1.54,11.65,30.98,4.33,28.3,0.86,309.0,Very Poor,2020-01-11,Very Poor,292.85714285714283
Delhi,2020-01-12,207.23,325.36,90.44,59.91,113.97,48.65,2.26,12.35,32.47,5.53,39.19,1.56,352.0,Very Poor,2020-01-12,Very Poor,292.57142857142856
Delhi,2020-01-13,218.98,329.77,61.38,55.04,84.22,53.64,2.11,11.59,27.98,5.74,34.26,1.58,381.0,Very Poor,2020-01-13,Very Poor,299.14285714285717
Delhi,2020-01-14,115.62,163.67,21.19,38.08,40.99,46.34,1.16,9.24,21.62,3.31,23.78,0.31,314.0,Very Poor,2020-01-14,Very Poor,303.2857142857143
Delhi,2020-01-15,111.57,179.08,29.61,47.45,54.26,41.76,1.17,10.68,26.19,3.72,30.02,0.34,241.0,Poor,2020-01-15,Poor,297.57142857142856
Delhi,2020-01-16,139.06,197.9,28.99,44.21,51.19,43.54,1.11,10.44,18.63,4.05,30.42,0.26,286.0,Poor,2020-01-16,Poor,305.42857142857144
Delhi,2020-01-17,107.65,152.98,31.58,36.19,49.2,40.15,1.14,9.69,18.97,3.71,24.4,0.3,287.0,Poor,2020-01-17,Poor,310.0
Delhi,2020-01-18,125.3,198.24,39.64,43.78,60.8,39.56,1.32,9.65,19.93,4.79,29.24,0.34,262.0,Poor,2020-01-18,Poor,303.2857142857143
Delhi,2020-01-19,125.04,187.93,18.6,34.18,36.38,38.38,0.96,8.69,25.86,2.95,13.77,0.09,290.0,Poor,2020-01-19,Poor,294.42857142857144
Delhi,2020-01-20,142.18,225.67,30.68,38.21,49.07,39.27,1.39,9.65,24.64,3.9,19.39,0.22,282.0,Poor,2020-01-20,Poor,280.2857142857143
Delhi,2020-01-21,222.81,348.45,63.49,48.18,83.32,48.02,1.93,12.24,27.6,6.32,39.27,0.85,359.0,Very Poor,2020-01-21,Very Poor,286.7142857142857
Delhi,2020-01-22,198.88,296.98,66.0,44.3,82.89,45.17,1.9,10.95,24.63,7.0,36.98,0.79,378.0,Very Poor,2020-01-22,Very Poor,306.2857142857143
Delhi,2020-01-23,74.45,137.61,15.4,35.26,33.47,36.32,0.79,8.71,27.73,2.52,14.04,0.07,273.0,Poor,2020-01-23,Poor,304.42857142857144
Delhi,2020-01-24,79.83,151.81,23.68,44.0,45.88,34.23,0.99,10.73,30.53,2.66,15.38,0.06,155.0,Moderate,2020-01-24,Moderate,285.57142857142856
Delhi,2020-01-25,136.72,240.57,58.83,56.31,84.2,41.37,1.48,12.36,26.8,4.62,26.36,0.37,251.0,Poor,2020-01-25,Poor,284.0
Delhi,2020-01-26,201.2,309.09,74.63,50.94,95.06,48.8,2.09,12.81,32.7,5.87,33.9,0.83,349.0,Very Poor,2020-01-26,Very Poor,292.42857142857144
Delhi,2020-01-27,209.97,330.91,89.41,67.09,116.25,53.66,2.19,14.72,26.6,5.97,36.87,1.36,365.0,Very Poor,2020-01-27,Very Poor,304.2857142857143
Delhi,2020-01-28,104.45,149.12,17.85,42.01,37.97,42.76,1.26,11.12,23.29,3.2,18.44,0.09,302.0,Very Poor,2020-01-28,Very Poor,296.14285714285717
Delhi,2020-01-29,77.95,134.17,30.9,42.24,48.65,38.01,1.24,9.85,23.96,3.1,20.67,0.19,218.0,Poor,2020-01-29,Poor,273.2857142857143
Delhi,2020-01-30,91.56,168.43,30.79,45.04,50.9,36.77,1.08,10.06,24.23,3.49,19.83,0.14,195.0,Moderate,2020-01-30,Moderate,262.14285714285717
Delhi,2020-01-31,92.04,170.33,31.8,47.35,53.46,34.03,1.1,9.9,24.36,3.55,22.19,0.33,203.0,Poor,2020-01-31,Poor,269.0
Delhi,2020-02-01,112.13,201.19,49.25,44.25,67.5,35.95,1.26,10.02,29.22,4.51,26.67,0.56,244.0,Poor,2020-02-01,Poor,268.0
Delhi,2020-02-02,120.86,200.9,33.12,45.28,54.17,36.46,1.2,10.32,29.69,3.94,18.46,0.44,254.0,Poor,2020-02-02,Poor,254.42857142857142
Delhi,2020-02-03,138.5,243.43,50.47,53.71,73.96,37.5,1.51,11.4,33.94,4.43,27.09,0.51,297.0,Poor,2020-02-03,Poor,244.71428571428572
Delhi,2020-02-04,188.42,340.56,92.85,64.8,115.76,43.09,2.21,15.26,41.0,6.43,47.2,1.45,336.0,Very Poor,2020-02-04,Very Poor,249.57142857142858
Delhi,2020-02-05,150.08,255.41,41.58,53.35,67.5,40.07,1.3,13.31,32.03,4.6,27.58,0.4,344.0,Very Poor,2020-02-05,Very Poor,267.57142857142856
Delhi,2020-02-06,118.57,205.43,33.37,51.82,60.54,36.16,1.18,12.08,33.75,3.98,22.63,0.82,277.0,Poor,2020-02-06,Poor,279.2857142857143
Delhi,2020-02-07,150.15,253.82,64.24,58.46,88.53,38.38,1.51,14.21,34.75,5.78,31.93,0.44,307.0,Very Poor,2020-02-07,Very Poor,294.14285714285717
Delhi,2020-02-08,149.67,238.17,30.62,47.55,54.41,40.72,1.16,14.39,35.72,4.36,18.69,1.12,315.0,Very Poor,2020-02-08,Very Poor,304.2857142857143
Delhi,2020-02-09,151.43,247.62,35.28,50.75,60.36,40.04,1.29,14.64,36.29,4.35,17.47,0.46,310.0,Very Poor,2020-02-09,Very Poor,312.2857142857143
Delhi,2020-02-10,174.4,292.44,56.93,56.48,82.69,39.99,1.61,14.83,31.92,5.16,26.69,1.72,328.0,Very Poor,2020-02-10,Very Poor,316.7142857142857
Delhi,2020-02-11,176.57,306.12,83.94,60.12,107.57,39.73,1.89,14.37,37.22,6.65,40.82,4.01,347.0,Very Poor,2020-02-11,Very Poor,318.2857142857143
Delhi,2020-02-12,172.12,295.05,38.78,55.96,64.65,40.92,1.29,16.24,37.86,4.71,24.48,1.32,343.0,Very Poor,2020-02-12,Very Poor,318.14285714285717
Delhi,2020-02-13,95.72,179.78,15.54,41.59,37.63,36.91,0.95,16.49,36.8,3.09,16.55,0.5,279.0,Poor,2020-02-13,Poor,318.42857142857144
Delhi,2020-02-14,73.84,172.28,12.35,34.6,30.48,34.06,0.82,13.53,43.62,2.43,12.11,0.06,186.0,Moderate,2020-02-14,Moderate,301.14285714285717
Delhi,2020-02-15,83.07,174.78,18.16,44.57,41.54,32.48,0.91,17.59,42.21,2.93,17.62,0.39,174.0,Moderate,2020-02-15,Moderate,281.0
Delhi,2020-02-16,132.63,237.81,42.02,57.15,70.95,38.77,1.38,19.61,40.01,3.77,23.71,0.82,254.0,Poor,2020-02-16,Poor,273.0
Delhi,2020-02-17,158.69,282.84,61.48,61.17,88.49,42.77,1.61,18.85,38.6,5.83,30.58,1.2,323.0,Very Poor,2020-02-17,Very Poor,272.2857142857143
Delhi,2020-02-18,125.53,238.91,39.22,59.91,67.21,37.01,1.39,23.01,42.7,4.14,21.19,1.46,292.0,Poor,2020-02-18,Poor,264.42857142857144
Delhi,2020-02-19,138.46,286.39,87.96,59.9,111.77,44.11,2.0,20.13,44.29,6.39,37.24,2.16,300.0,Poor,2020-02-19,Poor,258.2857142857143
Delhi,2020-02-20,98.84,223.69,10.13,44.05,32.65,39.61,0.99,14.91,55.32,2.88,11.89,0.43,253.0,Poor,2020-02-20,Poor,254.57142857142858
Delhi,2020-02-21,53.11,85.49,8.84,33.27,26.24,35.81,0.83,10.45,39.58,2.03,20.21,0.32,170.0,Moderate,2020-02-21,Moderate,252.28571428571428
Delhi,2020-02-22,63.62,123.44,29.86,41.23,50.12,33.46,1.2,13.38,32.03,2.8,23.92,1.42,104.0,Moderate,2020-02-22,Moderate,242.28571428571428
Delhi,2020-02-23,105.71,182.2,41.97,42.24,61.5,38.33,1.26,14.3,35.15,3.51,27.78,1.56,221.0,Poor,2020-02-23,Poor,237.57142857142858
Delhi,2020-02-24,70.59,145.05,29.23,44.2,51.6,33.19,1.02,15.94,33.36,2.29,20.9,0.16,169.0,Moderate,2020-02-24,Moderate,215.57142857142858
Delhi,2020-02-25,127.75,224.02,27.87,46.76,52.38,39.61,1.22,18.24,35.32,3.12,18.7,0.59,244.0,Poor,2020-02-25,Poor,208.71428571428572
Delhi,2020-02-26,141.81,258.62,56.86,50.67,78.58,42.7,1.54,17.61,38.64,4.71,31.45,1.53,303.0,Very Poor,2020-02-26,Very Poor,209.14285714285714
Delhi,2020-02-27,107.28,203.77,22.85,46.15,46.13,43.64,1.23,14.7,36.36,3.8,22.27,1.24,270.0,Poor,2020-02-27,Poor,211.57142857142858
Delhi,2020-02-28,83.48,161.36,8.21,33.92,26.32,41.44,0.97,11.55,41.53,2.67,11.61,1.11,214.0,Poor,2020-02-28,Poor,217.85714285714286
Delhi,2020-02-29,60.01,115.82,9.66,33.98,27.57,34.88,0.83,12.05,37.35,2.42,15.56,2.68,144.0,Moderate,2020-02-29,Moderate,223.57142857142858
Delhi,2020-03-01,42.83,91.88,20.57,40.73,41.36,31.4,0.97,12.19,39.84,2.18,22.27,7.59,105.0,Moderate,2020-03-01,Moderate,207.0
Delhi,2020-03-02,99.34,203.51,64.58,50.23,85.92,39.78,1.58,15.81,36.64,4.58,37.92,4.39,192.0,Moderate,2020-03-02,Moderate,210.28571428571428
Delhi,2020-03-03,86.26,188.73,50.52,46.6,71.98,37.02,1.22,15.48,32.39,3.98,39.09,1.51,226.0,Poor,2020-03-03,Poor,207.71428571428572
Delhi,2020-03-04,82.9,193.79,40.18,45.62,60.78,37.32,1.1,16.22,41.77,3.57,28.32,0.66,200.0,Moderate,2020-03-04,Moderate,193.0
Delhi,2020-03-05,31.43,67.5,11.78,32.97,28.54,32.27,0.81,11.32,36.98,1.81,16.39,0.27,112.0,Moderate,2020-03-05,Moderate,170.42857142857142
Delhi,2020-03-06,21.32,38.5,12.55,33.71,29.75,29.56,0.87,10.42,33.52,1.47,14.94,0.6,82.0,Satisfactory,2020-03-06,Satisfactory,151.57142857142858
Delhi,2020-03-07,40.96,85.45,17.41,35.53,34.85,29.01,0.82,11.84,35.47,1.95,21.14,0.37,77.0,Satisfactory,2020-03-07,Satisfactory,142.0
Delhi,2020-03-08,72.1,140.22,45.65,37.14,61.74,31.51,1.11,12.61,34.59,3.51,35.85,0.63,156.0,Moderate,2020-03-08,Moderate,149.28571428571428
Delhi,2020-03-09,58.04,133.75,18.86,32.29,34.79,29.29,0.75,13.33,34.54,1.91,17.48,0.33,138.0,Moderate,2020-03-09,Moderate,141.57142857142858
Delhi,2020-03-10,84.35,160.91,14.46,30.22,29.74,30.99,0.84,17.21,47.66,2.35,15.58,0.42,186.0,Moderate,2020-03-10,Moderate,135.85714285714286
Delhi,2020-03-11,55.19,112.57,10.1,29.76,24.99,32.88,0.76,13.82,42.36,1.96,12.04,0.36,128.0,Moderate,2020-03-11,Moderate,125.57142857142857
Delhi,2020-03-12,56.92,155.18,21.91,36.74,39.57,35.31,0.94,13.68,34.27,2.25,19.69,0.7,125.0,Moderate,2020-03-12,Moderate,127.42857142857143
Delhi,2020-03-13,68.72,209.02,29.31,40.53,49.0,31.36,0.87,15.42,37.42,2.63,24.39,3.61,170.0,Moderate,2020-03-13,Moderate,140.0
Delhi,2020-03-14,39.41,85.26,14.67,34.59,32.7,34.29,0.76,11.59,29.17,1.99,17.98,0.47,131.0,Moderate,2020-03-14,Moderate,147.71428571428572
Delhi,2020-03-15,60.99,124.24,26.33,41.09,46.69,31.09,0.9,13.92,37.25,2.43,23.4,1.37,124.0,Moderate,2020-03-15,Moderate,143.14285714285714
Delhi,2020-03-16,61.61,144.37,21.37,41.52,44.12,31.07,0.89,14.8,38.38,2.29,20.26,1.28,148.0,Moderate,2020-03-16,Moderate,144.57142857142858
Delhi,2020-03-17,69.7,160.15,26.05,43.5,48.87,32.31,1.0,15.06,40.59,2.65,20.92,2.99,164.0,Moderate,2020-03-17,Moderate,141.42857142857142
Delhi,2020-03-18,68.93,162.56,29.29,45.86,53.31,32.99,1.07,14.93,41.73,3.05,28.9,2.21,162.0,Moderate,2020-03-18,Moderate,146.28571428571428
Delhi,2020-03-19,90.62,195.15,37.81,45.67,59.24,36.15,1.14,17.66,43.16,3.37,33.51,1.49,191.0,Moderate,2020-03-19,Moderate,155.71428571428572
Delhi,2020-03-20,90.31,200.79,30.21,51.26,55.88,34.3,1.24,19.71,48.23,3.76,36.83,0.43,209.0,Poor,2020-03-20,Poor,161.28571428571428
Delhi,2020-03-21,82.39,184.81,31.58,46.04,54.04,36.61,1.18,18.55,43.19,3.35,33.82,0.68,205.0,Poor,2020-03-21,Poor,171.85714285714286
Delhi,2020-03-22,78.61,134.46,14.49,29.85,30.31,32.61,0.92,16.63,47.67,2.86,21.43,0.5,198.0,Moderate,2020-03-22,Moderate,182.42857142857142
Delhi,2020-03-23,54.26,100.55,11.75,25.96,25.31,30.31,0.78,15.17,46.48,1.96,16.08,0.74,127.0,Moderate,2020-03-23,Moderate,179.42857142857142
Delhi,2020-03-24,55.85,103.62,12.3,27.07,26.48,31.91,0.81,15.81,38.23,2.53,16.24,0.64,124.0,Moderate,2020-03-24,Moderate,173.71428571428572
Delhi,2020-03-25,37.87,68.03,13.09,21.11,22.57,34.43,0.68,11.49,32.11,1.67,13.62,0.71,92.0,Satisfactory,2020-03-25,Satisfactory,163.71428571428572
Delhi,2020-03-26,45.69,75.81,9.02,16.58,17.41,33.68,0.58,12.82,30.59,1.38,8.88,0.7,93.0,Satisfactory,2020-03-26,Satisfactory,149.71428571428572
Delhi,2020-03-27,26.89,45.48,8.34,15.32,15.89,27.4,0.53,11.04,27.38,1.11,9.17,2.33,76.0,Satisfactory,2020-03-27,Satisfactory,130.71428571428572
Delhi,2020-03-28,21.23,34.15,9.87,17.52,18.34,25.22,0.54,10.28,25.06,1.07,9.76,0.71,51.0,Satisfactory,2020-03-28,Satisfactory,108.71428571428571
Delhi,2020-03-29,27.59,55.75,8.74,16.6,16.42,23.98,0.52,10.39,35.75,0.97,8.31,1.31,64.0,Satisfactory,2020-03-29,Satisfactory,89.57142857142857
Delhi,2020-03-30,35.08,64.66,8.29,17.52,16.62,23.21,0.58,12.47,40.26,1.08,9.0,1.32,74.0,Satisfactory,2020-03-30,Satisfactory,82.0
Delhi,2020-03-31,35.31,67.01,9.36,18.03,18.01,26.5,0.56,12.33,40.96,1.06,8.98,1.45,81.0,Satisfactory,2020-03-31,Satisfactory,75.85714285714286
Delhi,2020-04-01,32.88,65.84,10.4,19.17,19.26,26.73,0.62,13.0,35.06,1.12,9.17,3.01,80.0,Satisfactory,2020-04-01,Satisfactory,74.14285714285714
Delhi,2020-04-02,28.51,61.06,9.91,17.18,17.72,22.22,0.6,10.84,39.47,0.91,7.85,0.97,78.0,Satisfactory,2020-04-02,Satisfactory,72.0
Delhi,2020-04-03,31.36,62.69,9.29,20.07,19.33,21.54,0.61,11.99,46.82,1.13,8.6,0.77,84.0,Satisfactory,2020-04-03,Satisfactory,73.14285714285714
Delhi,2020-04-04,40.79,77.64,10.07,22.38,21.19,23.06,0.68,12.59,41.26,1.3,9.64,0.89,90.0,Satisfactory,2020-04-04,Satisfactory,78.71428571428571
Delhi,2020-04-05,51.79,96.88,10.99,24.42,22.78,25.14,0.81,16.03,44.55,1.74,12.38,0.26,103.0,Moderate,2020-04-05,Moderate,84.28571428571429
Delhi,2020-04-06,59.91,114.88,11.05,24.37,22.68,26.41,0.81,15.59,44.16,2.04,12.8,0.24,134.0,Moderate,2020-04-06,Moderate,92.85714285714286
Delhi,2020-04-07,33.12,94.02,8.5,19.27,17.38,25.53,0.6,13.46,42.65,1.01,9.13,0.13,100.0,Satisfactory,2020-04-07,Satisfactory,95.57142857142857
Delhi,2020-04-08,29.7,79.04,8.38,18.56,16.51,23.41,0.56,12.85,45.8,0.99,8.24,0.05,91.0,Satisfactory,2020-04-08,Satisfactory,97.14285714285714
Delhi,2020-04-09,36.13,76.32,8.49,21.37,18.16,23.84,0.66,14.2,48.34,1.11,7.52,0.07,89.0,Satisfactory,2020-04-09,Satisfactory,98.71428571428571
Delhi,2020-04-10,57.67,112.93,9.8,27.12,23.3,27.71,0.81,16.32,40.36,1.79,11.45,0.14,111.0,Moderate,2020-04-10,Moderate,102.57142857142857
Delhi,2020-04-11,53.03,118.1,9.54,23.64,21.9,28.33,0.83,18.38,49.51,1.88,11.18,0.04,126.0,Moderate,2020-04-11,Moderate,107.71428571428571
Delhi,2020-04-12,38.57,92.7,5.48,17.59,14.66,26.99,0.67,15.7,50.15,1.19,6.87,0.0,102.0,Moderate,2020-04-12,Moderate,107.57142857142857
Delhi,2020-04-13,60.6,136.77,7.16,23.4,19.83,27.95,0.83,19.86,41.07,1.78,9.62,0.0,119.0,Moderate,2020-04-13,Moderate,105.42857142857143
Delhi,2020-04-14,58.22,144.7,8.83,25.71,22.96,28.76,0.93,17.38,40.74,2.04,13.12,0.01,134.0,Moderate,2020-04-14,Moderate,110.28571428571429
Delhi,2020-04-15,58.31,190.98,10.37,24.55,24.05,28.36,0.93,14.89,38.22,2.36,11.89,0.02,152.0,Moderate,2020-04-15,Moderate,119.0
Delhi,2020-04-16,69.8,191.17,11.86,25.01,25.66,30.36,0.94,19.42,41.87,2.4,13.75,0.01,172.0,Moderate,2020-04-16,Moderate,130.85714285714286
Delhi,2020-04-17,26.93,89.58,8.12,15.83,16.95,26.06,0.64,14.08,53.53,1.07,7.79,0.0,123.0,Moderate,2020-04-17,Moderate,132.57142857142858
Delhi,2020-04-18,29.09,102.53,8.45,15.45,17.02,27.18,0.68,12.63,49.14,1.19,7.55,0.0,102.0,Moderate,2020-04-18,Moderate,129.14285714285714
Delhi,2020-04-19,35.49,73.86,10.13,19.72,20.82,29.94,0.71,13.17,40.53,1.29,9.46,0.0,95.0,Satisfactory,2020-04-19,Satisfactory,128.14285714285714
Delhi,2020-04-20,52.86,113.25,12.38,24.56,25.55,31.57,1.02,15.06,32.67,2.37,15.52,0.0,115.0,Moderate,2020-04-20,Moderate,127.57142857142857
Delhi,2020-04-21,37.17,87.27,8.89,19.64,19.57,29.75,0.82,15.36,48.56,1.48,8.92,0.0,102.0,Moderate,2020-04-21,Moderate,123.0
Delhi,2020-04-22,58.25,130.99,10.78,24.79,24.17,29.39,0.86,17.34,46.94,2.03,13.9,0.01,122.0,Moderate,2020-04-22,Moderate,118.71428571428571
Delhi,2020-04-23,54.71,127.82,9.42,24.83,22.92,30.02,0.91,17.39,43.99,2.8,17.19,0.01,129.0,Moderate,2020-04-23,Moderate,112.57142857142857
Delhi,2020-04-24,65.91,138.46,11.0,25.62,24.87,32.62,0.99,18.62,47.98,2.57,13.43,0.06,143.0,Moderate,2020-04-24,Moderate,115.42857142857143
Delhi,2020-04-25,33.09,85.83,9.6,18.68,19.91,28.65,0.75,12.76,54.53,1.13,8.55,0.0,121.0,Moderate,2020-04-25,Moderate,118.14285714285714
Delhi,2020-04-26,40.24,117.1,8.42,17.45,17.77,31.61,0.77,16.21,47.16,1.68,8.42,0.0,119.0,Moderate,2020-04-26,Moderate,121.57142857142857
Delhi,2020-04-27,27.18,53.02,8.28,14.8,16.38,29.94,0.76,15.59,53.43,1.24,6.39,0.0,98.0,Satisfactory,2020-04-27,Satisfactory,119.14285714285714
Delhi,2020-04-28,41.75,80.36,10.32,17.35,20.03,28.6,0.86,17.6,58.96,1.7,8.3,0.0,105.0,Moderate,2020-04-28,Moderate,119.57142857142857
Delhi,2020-04-29,55.18,114.91,12.66,20.11,22.66,28.86,0.91,19.08,58.57,2.03,13.02,0.01,123.0,Moderate,2020-04-29,Moderate,119.71428571428571
Delhi,2020-04-30,49.96,115.63,12.73,17.61,20.45,32.99,0.84,17.42,59.55,1.68,9.27,0.0,128.0,Moderate,2020-04-30,Moderate,119.57142857142857
Delhi,2020-05-01,61.04,143.11,11.8,18.46,20.45,36.43,0.89,17.52,56.81,1.96,11.92,0.0,140.0,Moderate,2020-05-01,Moderate,119.14285714285714
Delhi,2020-05-02,34.67,107.36,12.81,14.36,19.49,33.93,0.76,13.0,60.45,1.19,6.42,0.01,127.0,Moderate,2020-05-02,Moderate,120.0
Delhi,2020-05-03,32.56,83.02,12.72,15.14,21.57,32.48,0.68,11.94,49.04,1.31,7.51,0.02,110.0,Moderate,2020-05-03,Moderate,118.71428571428571
Delhi,2020-05-04,26.63,60.59,12.86,16.95,20.79,31.35,0.72,11.92,50.56,1.14,9.98,0.0,92.0,Satisfactory,2020-05-04,Satisfactory,117.85714285714286
Delhi,2020-05-05,56.24,115.91,13.93,21.36,24.06,30.86,0.87,16.4,52.12,2.0,14.92,0.03,117.0,Moderate,2020-05-05,Moderate,119.57142857142857
Delhi,2020-05-06,58.44,169.61,13.75,21.88,25.58,29.53,0.89,15.78,53.95,2.04,13.31,0.06,139.0,Moderate,2020-05-06,Moderate,121.85714285714286
Delhi,2020-05-07,36.02,88.35,10.31,17.97,18.92,25.51,0.73,13.6,73.11,1.46,10.18,0.04,140.0,Moderate,2020-05-07,Moderate,123.57142857142857
Delhi,2020-05-08,51.09,120.82,10.02,21.66,20.69,27.98,0.83,13.82,74.28,1.69,13.41,0.1,138.0,Moderate,2020-05-08,Moderate,123.28571428571429
Delhi,2020-05-09,54.18,126.9,9.47,17.65,19.17,30.14,0.85,13.33,76.32,1.61,11.66,1.08,142.0,Moderate,2020-05-09,Moderate,125.42857142857143
Delhi,2020-05-10,44.3,110.39,5.21,16.46,14.47,28.71,0.74,12.02,63.71,1.3,9.23,0.15,127.0,Moderate,2020-05-10,Moderate,127.85714285714286
Delhi,2020-05-11,43.26,93.49,4.8,19.53,15.6,28.13,0.76,12.66,64.6,1.55,10.63,0.27,113.0,Moderate,2020-05-11,Moderate,130.85714285714286
Delhi,2020-05-12,43.19,94.4,4.42,18.49,14.62,29.43,0.75,13.84,64.1,1.5,12.68,0.27,122.0,Moderate,2020-05-12,Moderate,131.57142857142858
Delhi,2020-05-13,68.8,159.2,5.09,21.34,16.74,32.29,0.9,15.41,52.2,1.81,14.78,0.39,132.0,Moderate,2020-05-13,Moderate,130.57142857142858
Delhi,2020-05-14,56.17,126.53,9.04,25.12,21.86,30.82,0.89,12.92,50.22,1.69,14.93,0.22,154.0,Moderate,2020-05-14,Moderate,132.57142857142858
Delhi,2020-05-15,47.44,101.93,6.76,23.45,18.9,27.39,0.84,13.71,53.08,1.41,12.6,0.22,125.0,Moderate,2020-05-15,Moderate,130.71428571428572
Delhi,2020-05-16,81.87,151.8,6.11,26.17,19.89,27.62,0.99,16.19,63.12,1.61,11.64,0.15,175.0,Moderate,2020-05-16,Moderate,135.42857142857142
Delhi,2020-05-17,98.63,187.24,9.24,31.96,26.01,28.76,1.06,20.19,59.79,2.07,15.58,2.12,202.0,Poor,2020-05-17,Poor,146.14285714285714
Delhi,2020-05-18,101.02,192.68,11.31,34.76,29.28,28.97,1.12,22.11,53.55,2.42,17.66,2.77,222.0,Poor,2020-05-18,Poor,161.71428571428572
Delhi,2020-05-19,106.63,208.65,16.68,42.67,38.49,30.58,1.31,20.41,57.05,2.75,23.02,1.74,238.0,Poor,2020-05-19,Poor,178.28571428571428
Delhi,2020-05-20,67.8,155.41,8.79,32.8,25.93,28.73,1.03,18.96,62.34,1.92,15.99,0.16,196.0,Moderate,2020-05-20,Moderate,187.42857142857142
Delhi,2020-05-21,55.92,163.77,9.67,31.36,25.81,25.55,1.09,18.99,62.56,1.72,15.2,2.43,149.0,Moderate,2020-05-21,Moderate,186.71428571428572
Delhi,2020-05-22,94.37,213.47,17.16,45.36,40.17,28.56,1.31,26.05,55.45,2.96,26.42,11.36,199.0,Moderate,2020-05-22,Moderate,197.28571428571428
Delhi,2020-05-23,74.92,209.49,16.74,42.43,37.85,28.82,1.16,17.05,41.87,2.77,28.72,0.39,202.0,Poor,2020-05-23,Poor,201.14285714285714
Delhi,2020-05-24,55.37,179.3,8.13,27.35,21.76,26.54,0.87,17.11,53.31,1.76,15.43,0.07,174.0,Moderate,2020-05-24,Moderate,197.14285714285714
Delhi,2020-05-25,61.46,162.41,9.3,30.92,25.0,27.22,0.94,21.3,54.74,1.88,13.82,0.11,157.0,Moderate,2020-05-25,Moderate,187.85714285714286
Delhi,2020-05-26,55.38,190.11,19.09,37.79,37.41,27.06,1.1,16.82,38.73,2.51,24.05,0.27,153.0,Moderate,2020-05-26,Moderate,175.71428571428572
Delhi,2020-05-27,43.22,161.76,7.58,26.95,21.37,25.79,0.83,14.49,66.77,1.7,16.71,0.05,156.0,Moderate,2020-05-27,Moderate,170.0
Delhi,2020-05-28,39.07,229.55,4.89,17.1,13.26,29.02,0.8,11.68,55.92,1.11,7.56,0.01,174.0,Moderate,2020-05-28,Moderate,173.57142857142858
Delhi,2020-05-29,24.62,66.66,5.14,19.02,14.69,32.19,0.77,9.95,47.48,1.1,10.48,0.03,129.0,Moderate,2020-05-29,Moderate,163.57142857142858
Delhi,2020-05-30,23.09,53.19,5.04,18.51,14.11,36.19,0.84,9.95,50.29,0.95,7.61,0.01,84.0,Satisfactory,2020-05-30,Satisfactory,146.71428571428572
Delhi,2020-05-31,21.51,40.43,5.02,17.05,13.15,34.91,0.84,9.06,42.29,1.05,9.05,0.26,80.0,Satisfactory,2020-05-31,Satisfactory,133.28571428571428
Delhi,2020-06-01,41.05,80.47,5.87,22.99,17.6,35.0,0.96,14.02,50.57,1.94,16.96,0.38,100.0,Satisfactory,2020-06-01,Satisfactory,125.14285714285714
Delhi,2020-06-02,45.9,98.32,7.25,24.78,19.94,35.78,0.92,12.71,50.06,1.75,21.26,0.68,123.0,Moderate,2020-06-02,Moderate,120.85714285714286
Delhi,2020-06-03,50.62,114.01,7.07,28.02,21.64,36.05,0.9,15.91,52.16,1.93,20.14,0.85,123.0,Moderate,2020-06-03,Moderate,116.14285714285714
Delhi,2020-06-04,68.24,143.79,11.87,34.11,29.57,38.85,1.09,17.97,39.14,2.79,29.63,2.28,144.0,Moderate,2020-06-04,Moderate,111.85714285714286
Delhi,2020-06-05,42.43,87.05,7.6,25.87,20.45,35.51,0.87,12.46,44.83,2.0,18.02,2.01,126.0,Moderate,2020-06-05,Moderate,111.42857142857143
Delhi,2020-06-06,35.14,80.49,5.85,21.25,16.37,31.81,0.82,10.69,51.46,1.6,11.45,0.38,102.0,Moderate,2020-06-06,Moderate,114.0
Delhi,2020-06-07,39.99,91.17,6.5,22.65,17.92,30.79,0.86,11.89,45.4,1.82,17.23,0.8,104.0,Moderate,2020-06-07,Moderate,117.42857142857143
Delhi,2020-06-08,46.9,103.27,7.94,25.81,21.44,31.81,0.94,15.78,51.77,1.99,20.22,0.47,112.0,Moderate,2020-06-08,Moderate,119.14285714285714
Delhi,2020-06-09,64.77,148.67,11.04,32.01,28.36,33.83,1.01,15.06,49.14,2.23,27.6,1.0,138.0,Moderate,2020-06-09,Moderate,121.28571428571429
Delhi,2020-06-10,58.9,156.29,16.38,34.31,35.09,33.27,1.03,14.12,40.8,2.17,24.61,1.52,154.0,Moderate,2020-06-10,Moderate,125.71428571428571
Delhi,2020-06-11,54.69,134.36,12.37,30.94,30.0,36.54,0.91,12.74,40.63,1.84,22.43,0.97,142.0,Moderate,2020-06-11,Moderate,125.42857142857143
Delhi,2020-06-12,64.0,152.7,12.41,30.05,29.74,38.64,1.06,12.9,43.37,2.16,19.86,0.67,152.0,Moderate,2020-06-12,Moderate,129.14285714285714
Delhi,2020-06-13,52.36,129.33,8.9,25.46,22.93,36.62,0.95,10.59,34.95,2.09,17.4,0.53,132.0,Moderate,2020-06-13,Moderate,133.42857142857142
Delhi,2020-06-14,71.08,150.28,8.19,26.01,22.01,40.0,1.04,13.57,38.86,2.42,23.32,1.71,147.0,Moderate,2020-06-14,Moderate,139.57142857142858
Delhi,2020-06-15,48.69,120.23,7.8,25.95,21.79,35.38,0.88,12.57,48.39,1.9,16.58,0.73,130.0,Moderate,2020-06-15,Moderate,142.14285714285714
Delhi,2020-06-16,39.87,107.99,7.35,24.58,19.98,32.62,0.88,12.08,51.4,1.99,19.29,0.51,126.0,Moderate,2020-06-16,Moderate,140.42857142857142
Delhi,2020-06-17,34.35,92.58,5.47,16.94,14.73,29.4,0.78,10.84,48.72,1.55,14.6,0.19,110.0,Moderate,2020-06-17,Moderate,134.14285714285714
Delhi,2020-06-18,36.84,100.62,6.02,18.32,15.69,28.68,0.82,12.19,47.98,1.5,12.01,0.22,107.0,Moderate,2020-06-18,Moderate,129.14285714285714
Delhi,2020-06-19,57.6,205.56,6.58,17.78,15.57,27.96,0.86,11.98,40.95,1.69,14.04,0.27,132.0,Moderate,2020-06-19,Moderate,126.28571428571429
Delhi,2020-06-20,35.96,108.73,6.53,20.37,17.92,26.38,0.8,10.98,36.24,1.42,14.47,0.2,158.0,Moderate,2020-06-20,Moderate,130.0
Delhi,2020-06-21,39.7,95.63,7.21,23.7,19.89,28.84,0.85,11.71,33.92,1.51,17.57,0.63,105.0,Moderate,2020-06-21,Moderate,124.0
Delhi,2020-06-22,39.47,77.48,5.67,20.61,17.46,34.32,0.91,11.08,42.76,1.54,18.47,0.37,104.0,Moderate,2020-06-22,Moderate,120.28571428571429
Delhi,2020-06-23,29.02,64.12,6.22,16.39,15.33,33.32,0.88,11.09,28.64,1.25,12.99,0.33,85.0,Satisfactory,2020-06-23,Satisfactory,114.42857142857143
Delhi,2020-06-24,30.91,62.61,6.63,16.84,15.72,31.45,0.89,11.02,24.77,1.28,12.13,0.27,71.0,Satisfactory,2020-06-24,Satisfactory,108.85714285714286
Delhi,2020-06-25,38.37,77.76,9.33,21.41,21.17,30.48,1.02,11.28,25.92,1.59,19.18,0.49,86.0,Satisfactory,2020-06-25,Satisfactory,105.85714285714286
Delhi,2020-06-26,50.01,112.08,9.67,22.06,21.75,32.64,1.01,11.66,24.82,2.07,23.31,0.7,104.0,Moderate,2020-06-26,Moderate,101.85714285714286
Delhi,2020-06-27,39.8,155.94,10.88,21.46,22.47,31.43,0.87,10.38,18.88,1.69,19.99,0.43,112.0,Moderate,2020-06-27,Moderate,95.28571428571429
Delhi,2020-06-28,59.52,308.65,12.67,21.6,23.86,29.27,0.94,10.7,18.05,1.71,25.13,1.74,196.0,Moderate,2020-06-28,Moderate,108.28571428571429
Delhi,2020-06-29,44.86,184.12,10.5,21.57,21.94,27.97,0.88,11.58,26.61,2.13,23.8,1.13,233.0,Poor,2020-06-29,Poor,126.71428571428571
Delhi,2020-06-30,39.8,91.98,5.99,17.96,15.44,28.48,0.84,10.51,37.29,1.57,16.37,0.49,114.0,Moderate,2020-06-30,Moderate,130.85714285714286
Delhi,2020-07-01,54.01,128.66,6.33,21.05,16.81,29.06,0.97,11.15,29.73,2.03,23.57,0.65,101.0,Moderate,2020-07-01,Moderate,135.14285714285714
Kolkata,2018-04-11,29.0,50.87,3.26,34.03,45.29,3.59,0.98,10.32,30.99,4.64,0.88,,73.0,Satisfactory,2018-04-11,Satisfactory,133.28571428571428
Kolkata,2018-04-12,21.7,43.04,3.49,39.49,42.54,3.77,0.73,,43.72,5.33,1.76,,60.0,Satisfactory,2018-04-12,Satisfactory,127.0
Kolkata,2018-04-13,23.09,46.49,3.69,33.03,36.72,3.88,0.98,,41.65,6.78,2.23,,74.0,Satisfactory,2018-04-13,Satisfactory,121.57142857142857
Kolkata,2018-04-14,21.56,42.1,2.81,26.62,29.43,4.22,1.0,,44.07,5.09,2.33,,83.0,Satisfactory,2018-04-14,Satisfactory,105.42857142857143
Kolkata,2018-04-15,30.28,54.89,2.49,43.03,45.52,2.87,0.81,,63.88,7.12,2.6,,95.0,Satisfactory,2018-04-15,Satisfactory,85.71428571428571
Kolkata,2018-04-16,26.72,51.27,2.63,28.94,31.56,3.7,1.11,,49.57,5.18,1.71,,88.0,Satisfactory,2018-04-16,Satisfactory,82.0
Kolkata,2018-04-17,24.37,40.66,6.12,32.93,39.05,2.12,1.15,,36.86,4.92,1.06,,69.0,Satisfactory,2018-04-17,Satisfactory,77.42857142857143
Kolkata,2018-06-16,47.55,128.66,6.01,24.89,24.51,7.4,0.72,7.3,27.24,2.14,0.81,,119.0,Moderate,2018-06-16,Moderate,84.0
Kolkata,2018-06-17,45.04,107.03,6.32,40.85,47.18,4.9,1.63,1.34,,2.04,2.98,,113.0,Moderate,2018-06-17,Moderate,91.57142857142857
Kolkata,2018-06-18,50.1,105.68,3.23,33.28,36.5,8.55,1.47,3.02,72.28,1.97,2.62,,107.0,Moderate,2018-06-18,Moderate,96.28571428571429
Kolkata,2018-06-19,39.25,87.24,2.6,30.86,33.45,12.06,1.35,1.93,81.12,1.59,2.47,,148.0,Moderate,2018-06-19,Moderate,105.57142857142857
Kolkata,2018-06-20,24.44,53.19,5.77,38.03,43.79,9.14,1.7,6.88,49.58,2.02,3.13,,94.0,Satisfactory,2018-06-20,Satisfactory,105.42857142857143
Kolkata,2018-06-21,31.68,60.16,4.46,38.39,43.04,6.52,1.42,1.31,13.47,3.76,5.52,,100.0,Satisfactory,2018-06-21,Satisfactory,107.14285714285714
Kolkata,2018-06-22,25.22,48.96,0.99,28.1,29.07,6.53,0.39,2.31,30.32,1.62,2.65,,60.0,Satisfactory,2018-06-22,Satisfactory,105.85714285714286
Kolkata,2018-06-23,22.95,44.58,1.14,25.76,26.85,5.38,0.38,1.06,22.84,1.67,2.63,,47.0,Good,2018-06-23,Good,95.57142857142857
Kolkata,2018-06-24,24.61,46.54,0.86,25.49,26.32,3.96,0.4,1.1,23.13,1.51,2.28,,48.0,Good,2018-06-24,Good,86.28571428571429
Kolkata,2018-06-25,28.6,45.36,1.95,43.45,45.37,3.62,0.41,1.11,13.56,2.58,4.17,,50.0,Good,2018-06-25,Good,78.14285714285714
Kolkata,2018-06-26,30.5,46.08,1.27,37.12,38.33,3.19,0.38,2.29,34.84,2.05,4.41,,61.0,Satisfactory,2018-06-26,Satisfactory,65.71428571428571
Kolkata,2018-06-27,22.66,33.83,2.13,29.53,31.65,3.68,0.38,1.22,20.27,3.21,5.41,,53.0,Satisfactory,2018-06-27,Satisfactory,59.857142857142854
Kolkata,2018-06-28,24.4,26.42,1.95,20.88,22.79,6.38,0.31,1.06,23.24,1.08,2.21,,34.0,Good,2018-06-28,Good,50.42857142857143
Kolkata,2018-06-29,16.11,35.0,1.34,22.85,24.17,5.29,0.33,4.46,27.59,1.19,2.3,,46.0,Good,2018-06-29,Good,48.42857142857143
Kolkata,2018-06-30,28.7,55.13,0.59,17.93,18.5,4.44,0.32,4.76,31.3,1.01,2.2,,50.0,Good,2018-06-30,Good,48.857142857142854
Kolkata,2018-07-01,27.7,57.99,0.47,14.31,14.73,3.71,0.32,11.14,37.19,0.71,1.61,,58.0,Satisfactory,2018-07-01,Satisfactory,50.285714285714285
Kolkata,2018-07-02,29.26,55.35,0.88,19.66,20.51,2.88,0.37,9.13,40.46,1.0,1.92,,62.0,Satisfactory,2018-07-02,Satisfactory,52.0
Kolkata,2018-07-03,27.81,50.73,4.36,29.82,33.96,1.65,0.39,1.63,21.63,2.04,2.81,,50.0,Good,2018-07-03,Good,50.42857142857143
Kolkata,2018-07-04,33.61,53.17,7.07,31.37,38.44,3.36,0.43,2.12,17.4,2.4,3.39,,58.0,Satisfactory,2018-07-04,Satisfactory,51.142857142857146
Kolkata,2018-07-05,42.66,47.83,7.93,40.22,48.15,25.45,0.41,6.57,10.01,2.5,3.24,,57.0,Satisfactory,2018-07-05,Satisfactory,54.42857142857143
Kolkata,2018-07-06,40.26,65.18,6.53,48.65,55.18,1.52,0.44,1.09,20.83,6.83,12.34,,77.0,Satisfactory,2018-07-06,Satisfactory,58.857142857142854
Kolkata,2018-07-07,18.54,37.89,8.62,31.28,39.9,4.06,0.36,1.29,16.83,2.81,3.07,,65.0,Satisfactory,2018-07-07,Satisfactory,61.0
Kolkata,2018-07-08,9.84,28.42,3.09,17.9,20.99,5.91,0.3,1.35,27.19,1.48,1.8,,36.0,Good,2018-07-08,Good,57.857142857142854
Kolkata,2018-07-09,15.7,30.91,9.46,34.35,43.82,3.46,0.36,1.16,16.92,7.31,5.3,,36.0,Good,2018-07-09,Good,54.142857142857146
Kolkata,2018-07-10,18.81,38.66,7.32,34.69,42.01,1.93,0.37,1.23,14.0,5.82,4.23,,56.0,Satisfactory,2018-07-10,Satisfactory,55.0
Kolkata,2018-07-11,18.01,36.07,4.76,29.23,33.98,5.65,0.38,1.11,18.3,2.12,2.41,,49.0,Good,2018-07-11,Good,53.714285714285715
Kolkata,2018-07-12,18.38,36.92,4.68,27.7,32.37,11.69,0.4,1.28,16.2,2.36,2.53,,42.0,Good,2018-07-12,Good,51.57142857142857
Kolkata,2018-07-13,13.55,40.49,7.16,27.36,34.51,10.37,0.38,0.97,13.9,3.59,2.76,,39.0,Good,2018-07-13,Good,46.142857142857146
Kolkata,2018-07-14,12.25,30.87,4.49,21.61,26.11,9.79,0.37,1.01,12.06,6.55,4.03,,41.0,Good,2018-07-14,Good,42.714285714285715
Kolkata,2018-07-15,7.72,19.72,3.11,15.6,18.71,9.52,0.37,1.08,17.87,1.31,1.81,,28.0,Good,2018-07-15,Good,41.57142857142857
Kolkata,2018-07-16,7.64,20.65,4.93,22.24,27.0,8.72,0.37,1.0,16.58,1.81,2.07,,26.0,Good,2018-07-16,Good,40.142857142857146
Kolkata,2018-07-17,12.9,28.06,7.34,31.74,39.08,8.99,0.38,1.24,13.37,6.47,4.16,,42.0,Good,2018-07-17,Good,38.142857142857146
Kolkata,2018-07-18,14.91,29.44,5.89,28.42,34.29,10.72,0.51,1.03,11.05,3.33,2.83,,46.0,Good,2018-07-18,Good,37.714285714285715
Kolkata,2018-07-19,16.16,33.09,9.08,28.22,37.31,6.39,0.76,1.01,17.28,4.43,5.84,,46.0,Good,2018-07-19,Good,38.285714285714285
Kolkata,2018-07-20,17.75,37.53,6.68,27.42,34.09,6.78,0.77,1.51,10.65,3.51,10.57,,56.0,Satisfactory,2018-07-20,Satisfactory,40.714285714285715
Kolkata,2018-07-21,6.06,16.48,3.7,15.58,19.28,7.47,0.63,1.34,16.18,5.3,8.68,,36.0,Good,2018-07-21,Good,40.0
Kolkata,2018-07-22,6.68,12.6,3.4,16.74,20.14,4.9,0.64,1.63,20.36,0.96,11.04,,34.0,Good,2018-07-22,Good,40.857142857142854
Kolkata,2018-07-23,22.03,36.75,9.06,32.64,41.7,3.33,0.7,1.38,15.98,1.42,9.26,,38.0,Good,2018-07-23,Good,42.57142857142857
Kolkata,2018-07-24,23.92,47.38,7.67,33.06,40.73,2.84,0.71,2.74,16.67,1.72,9.22,,56.0,Satisfactory,2018-07-24,Satisfactory,44.57142857142857
Kolkata,2018-07-25,32.59,62.02,8.52,39.54,48.06,1.93,0.74,1.8,11.77,2.17,10.58,,59.0,Satisfactory,2018-07-25,Satisfactory,46.42857142857143
Kolkata,2018-07-26,23.63,37.21,11.55,31.38,42.93,2.47,0.75,1.61,7.44,2.12,10.05,,57.0,Satisfactory,2018-07-26,Satisfactory,48.0
Kolkata,2018-07-27,28.19,45.99,15.32,34.74,50.05,4.07,0.7,3.38,10.94,2.06,10.3,,55.0,Satisfactory,2018-07-27,Satisfactory,47.857142857142854
Kolkata,2018-07-28,40.4,65.45,10.06,39.5,49.56,4.21,0.77,1.82,15.32,2.14,11.96,,68.0,Satisfactory,2018-07-28,Satisfactory,52.42857142857143
Kolkata,2018-07-29,44.14,66.64,25.27,32.24,57.51,3.39,0.84,1.96,14.33,2.47,12.04,,79.0,Satisfactory,2018-07-29,Satisfactory,58.857142857142854
Kolkata,2018-07-30,33.26,58.03,3.76,41.89,45.64,3.78,1.07,1.45,21.16,3.08,8.2,,76.0,Satisfactory,2018-07-30,Satisfactory,64.28571428571429
Kolkata,2018-07-31,37.07,63.95,6.25,49.78,56.02,2.61,1.22,2.05,17.07,1.73,7.5,,72.0,Satisfactory,2018-07-31,Satisfactory,66.57142857142857
Kolkata,2018-08-01,29.1,39.94,7.5,47.49,54.99,5.9,1.16,2.12,16.27,2.02,7.61,,75.0,Satisfactory,2018-08-01,Satisfactory,68.85714285714286
Kolkata,2018-08-02,33.29,64.64,4.48,31.22,35.7,8.69,1.17,4.35,20.91,1.39,11.55,,71.0,Satisfactory,2018-08-02,Satisfactory,70.85714285714286
Kolkata,2018-08-03,41.84,86.59,8.4,35.44,43.84,6.62,1.31,4.48,17.05,1.68,10.21,,78.0,Satisfactory,2018-08-03,Satisfactory,74.14285714285714
Kolkata,2018-08-04,42.38,80.48,5.55,31.76,37.31,6.73,1.27,4.03,21.45,1.27,11.28,,82.0,Satisfactory,2018-08-04,Satisfactory,76.14285714285714
Kolkata,2018-08-05,33.39,57.79,8.47,35.27,43.75,5.99,1.4,1.89,12.39,1.79,17.18,,81.0,Satisfactory,2018-08-05,Satisfactory,76.42857142857143
Kolkata,2018-08-06,33.48,67.16,14.37,35.57,49.93,7.44,1.54,1.4,6.72,5.68,15.27,,85.0,Satisfactory,2018-08-06,Satisfactory,77.71428571428571
Kolkata,2018-08-07,15.58,34.3,5.41,27.7,33.1,5.44,1.23,1.24,13.31,3.15,14.22,,77.0,Satisfactory,2018-08-07,Satisfactory,78.42857142857143
Kolkata,2018-08-08,18.05,36.65,5.88,28.5,34.38,14.51,1.17,1.56,14.31,2.11,10.57,,66.0,Satisfactory,2018-08-08,Satisfactory,77.14285714285714
Kolkata,2018-08-09,17.7,39.71,7.34,35.14,42.47,11.48,1.27,1.58,10.88,3.4,11.59,,70.0,Satisfactory,2018-08-09,Satisfactory,77.0
Kolkata,2018-08-10,22.57,46.16,5.46,33.86,39.32,9.57,1.26,1.59,15.59,1.52,11.15,,73.0,Satisfactory,2018-08-10,Satisfactory,76.28571428571429
Kolkata,2018-08-11,19.17,41.21,5.27,24.94,30.21,9.27,1.23,1.61,12.25,1.27,13.4,,68.0,Satisfactory,2018-08-11,Satisfactory,74.28571428571429
Kolkata,2018-08-12,16.08,35.46,5.94,22.15,28.08,8.89,1.22,1.51,8.91,1.23,13.96,,68.0,Satisfactory,2018-08-12,Satisfactory,72.42857142857143
Kolkata,2018-08-13,14.69,29.3,7.33,31.05,39.0,18.23,1.2,1.23,6.46,3.46,10.11,,68.0,Satisfactory,2018-08-13,Satisfactory,70.0
Kolkata,2018-08-14,11.39,26.66,7.84,27.41,35.24,10.73,1.23,1.28,5.15,6.76,10.34,,68.0,Satisfactory,2018-08-14,Satisfactory,68.71428571428571
Kolkata,2018-08-15,6.93,19.88,4.24,18.78,23.01,11.82,1.13,1.41,10.69,4.4,11.83,,63.0,Satisfactory,2018-08-15,Satisfactory,68.28571428571429
Kolkata,2018-08-16,12.13,31.55,24.49,34.19,50.75,13.46,1.18,1.14,8.29,5.33,10.43,,67.0,Satisfactory,2018-08-16,Satisfactory,67.85714285714286
Kolkata,2018-08-17,16.13,35.59,5.86,29.94,35.8,10.77,1.25,1.35,10.76,2.18,11.96,,72.0,Satisfactory,2018-08-17,Satisfactory,67.71428571428571
Kolkata,2018-08-18,17.0,39.15,7.18,30.19,37.37,13.07,1.18,1.53,9.19,2.19,10.41,,66.0,Satisfactory,2018-08-18,Satisfactory,67.42857142857143
Kolkata,2018-08-19,27.16,54.35,11.16,37.33,48.49,10.9,1.34,1.61,4.15,2.57,11.19,,76.0,Satisfactory,2018-08-19,Satisfactory,68.57142857142857
Kolkata,2018-08-20,12.88,23.27,8.91,22.88,31.45,13.78,1.18,1.38,9.86,1.52,8.93,,63.0,Satisfactory,2018-08-20,Satisfactory,67.85714285714286
Kolkata,2018-08-21,8.15,25.76,6.41,27.65,34.06,14.38,1.21,1.11,8.99,1.78,9.9,,65.0,Satisfactory,2018-08-21,Satisfactory,67.42857142857143
Kolkata,2018-08-22,23.34,36.64,3.18,28.27,31.44,10.2,1.34,1.23,20.79,1.69,9.3,,76.0,Satisfactory,2018-08-22,Satisfactory,69.28571428571429
Kolkata,2018-08-23,30.55,48.8,4.04,31.51,35.54,8.77,1.26,3.31,23.28,1.13,9.54,,69.0,Satisfactory,2018-08-23,Satisfactory,69.57142857142857
Kolkata,2018-08-24,30.26,47.99,5.95,33.67,39.64,8.5,1.29,2.32,19.33,1.45,9.19,,70.0,Satisfactory,2018-08-24,Satisfactory,69.28571428571429
Kolkata,2018-08-25,20.94,39.66,9.95,31.93,41.87,7.49,1.24,1.39,8.12,1.89,11.4,,71.0,Satisfactory,2018-08-25,Satisfactory,70.0
Kolkata,2018-08-26,7.93,25.17,3.4,14.88,18.28,7.25,1.04,1.1,9.41,0.93,10.61,,59.0,Satisfactory,2018-08-26,Satisfactory,67.57142857142857
Kolkata,2018-08-27,7.05,26.27,5.23,20.95,26.22,8.73,1.09,1.06,10.7,1.79,9.76,,57.0,Satisfactory,2018-08-27,Satisfactory,66.71428571428571
Kolkata,2018-08-28,12.35,26.25,6.82,25.72,32.54,11.04,1.14,1.22,9.04,1.77,8.14,,61.0,Satisfactory,2018-08-28,Satisfactory,66.14285714285714
Kolkata,2018-08-29,14.53,32.85,14.8,33.06,47.86,11.51,1.03,1.13,6.92,2.7,7.6,,63.0,Satisfactory,2018-08-29,Satisfactory,64.28571428571429
Kolkata,2018-08-30,29.25,46.54,4.64,43.96,48.61,10.49,1.36,1.47,6.73,2.43,7.28,,74.0,Satisfactory,2018-08-30,Satisfactory,65.0
Kolkata,2018-08-31,33.6,58.22,7.34,38.01,45.35,8.74,1.34,1.21,10.8,4.09,8.18,,78.0,Satisfactory,2018-08-31,Satisfactory,66.14285714285714
Kolkata,2018-09-01,12.81,29.29,4.86,31.44,36.31,14.9,1.17,1.36,15.26,1.28,6.26,,65.0,Satisfactory,2018-09-01,Satisfactory,65.28571428571429
Kolkata,2018-09-02,17.66,28.39,4.15,32.41,36.56,14.17,1.22,1.52,16.29,1.34,9.81,,66.0,Satisfactory,2018-09-02,Satisfactory,66.28571428571429
Kolkata,2018-09-03,33.71,54.09,3.63,33.64,37.27,11.48,1.19,4.48,24.14,1.69,7.56,,71.0,Satisfactory,2018-09-03,Satisfactory,68.28571428571429
Kolkata,2018-09-04,49.03,75.89,16.46,47.85,64.3,9.74,1.47,2.42,12.78,2.92,8.33,,81.0,Satisfactory,2018-09-04,Satisfactory,71.14285714285714
Kolkata,2018-09-05,29.75,47.56,15.02,35.17,50.19,11.52,1.28,1.5,10.58,5.1,9.09,,86.0,Satisfactory,2018-09-05,Satisfactory,74.42857142857143
Kolkata,2018-09-06,11.17,27.02,4.37,21.96,26.34,17.8,1.01,1.45,20.46,3.11,8.65,,59.0,Satisfactory,2018-09-06,Satisfactory,72.28571428571429
Kolkata,2018-09-07,14.2,39.94,6.53,26.79,33.32,13.05,1.07,1.51,22.45,1.13,7.74,,58.0,Satisfactory,2018-09-07,Satisfactory,69.42857142857143
Kolkata,2018-09-08,20.14,45.48,5.23,22.62,27.85,9.91,1.24,1.74,18.62,1.13,9.21,,67.0,Satisfactory,2018-09-08,Satisfactory,69.71428571428571
Kolkata,2018-09-09,19.4,42.79,3.16,17.18,20.35,9.94,1.11,2.93,25.83,0.78,9.16,,63.0,Satisfactory,2018-09-09,Satisfactory,69.28571428571429
Kolkata,2018-09-10,29.06,51.97,3.38,19.42,22.8,9.24,1.15,6.43,26.92,0.87,8.63,,66.0,Satisfactory,2018-09-10,Satisfactory,68.57142857142857
Kolkata,2018-09-11,35.32,56.64,9.09,32.77,41.86,7.79,1.36,4.3,21.79,2.3,8.82,,74.0,Satisfactory,2018-09-11,Satisfactory,67.57142857142857
Kolkata,2018-09-12,46.23,73.8,5.1,36.36,41.46,7.05,1.41,4.68,20.71,2.54,8.9,,83.0,Satisfactory,2018-09-12,Satisfactory,67.14285714285714
Kolkata,2018-09-13,56.84,92.4,2.79,30.55,33.34,6.91,1.35,7.79,35.85,1.95,8.85,,89.0,Satisfactory,2018-09-13,Satisfactory,71.42857142857143
Kolkata,2018-09-14,55.87,87.69,19.02,50.13,69.15,6.38,1.61,3.36,20.22,4.42,9.04,,98.0,Satisfactory,2018-09-14,Satisfactory,77.14285714285714
Kolkata,2018-09-15,56.61,96.62,39.3,36.68,75.9,6.98,1.83,2.8,12.35,4.29,8.67,,106.0,Moderate,2018-09-15,Moderate,82.71428571428571
Kolkata,2018-09-16,61.52,98.68,24.65,36.89,61.31,10.18,1.56,1.99,15.22,3.72,10.39,,114.0,Moderate,2018-09-16,Moderate,90.0
Kolkata,2018-09-17,66.04,108.13,14.92,34.04,48.96,12.37,1.72,2.89,23.96,2.56,10.19,,105.0,Moderate,2018-09-17,Moderate,95.57142857142857
Kolkata,2018-09-18,61.13,103.62,16.39,36.49,52.87,11.19,1.61,2.22,25.03,2.23,7.78,,113.0,Moderate,2018-09-18,Moderate,101.14285714285714
Kolkata,2018-09-19,63.91,113.28,9.15,39.21,47.77,16.55,1.44,2.74,33.35,2.81,6.22,,110.0,Moderate,2018-09-19,Moderate,105.0
Kolkata,2018-09-20,19.06,35.0,7.23,29.43,36.65,11.32,1.23,1.72,10.15,5.02,7.26,,80.0,Satisfactory,2018-09-20,Satisfactory,103.71428571428571
Kolkata,2018-09-21,7.63,15.53,3.36,20.0,23.36,10.34,1.04,1.63,24.51,1.89,6.75,,57.0,Satisfactory,2018-09-21,Satisfactory,97.85714285714286
Kolkata,2018-09-22,15.65,31.7,7.9,22.91,30.81,9.12,1.16,3.35,15.43,2.03,7.82,,63.0,Satisfactory,2018-09-22,Satisfactory,91.71428571428571
Kolkata,2018-09-23,19.86,43.42,16.33,19.38,34.33,9.17,1.11,5.47,13.41,1.69,8.46,,67.0,Satisfactory,2018-09-23,Satisfactory,85.0
Kolkata,2018-09-24,21.67,46.6,4.62,26.15,30.76,11.21,1.1,5.85,15.0,1.53,6.68,,60.0,Satisfactory,2018-09-24,Satisfactory,78.57142857142857
Kolkata,2018-09-25,35.85,63.79,10.5,42.61,53.11,7.76,1.28,3.73,15.07,5.0,6.71,,75.0,Satisfactory,2018-09-25,Satisfactory,73.14285714285714
Kolkata,2018-09-26,46.55,75.42,19.96,44.05,64.01,9.1,1.44,3.41,17.11,4.34,7.97,,91.0,Satisfactory,2018-09-26,Satisfactory,70.42857142857143
Kolkata,2018-09-27,57.59,88.21,12.61,49.83,62.43,4.8,1.55,2.82,16.0,4.08,8.9,,99.0,Satisfactory,2018-09-27,Satisfactory,73.14285714285714
Kolkata,2018-09-28,63.57,97.56,10.95,52.45,63.4,5.13,1.52,5.17,19.57,6.78,9.12,,102.0,Moderate,2018-09-28,Moderate,79.57142857142857
Kolkata,2018-09-29,60.23,94.97,7.88,51.87,59.75,6.38,1.52,4.28,23.9,3.81,9.03,,103.0,Moderate,2018-09-29,Moderate,85.28571428571429
Kolkata,2018-09-30,66.41,108.46,5.17,41.87,47.03,8.55,1.5,3.24,35.84,2.55,9.46,,121.0,Moderate,2018-09-30,Moderate,93.0
Kolkata,2018-10-01,70.58,134.51,46.34,62.14,108.47,10.63,1.78,6.26,31.93,3.43,7.92,,143.0,Moderate,2018-10-01,Moderate,104.85714285714286
Kolkata,2018-10-02,62.53,113.68,3.53,38.27,41.8,13.83,1.38,6.65,42.14,2.18,8.62,,118.0,Moderate,2018-10-02,Moderate,111.0
Kolkata,2018-10-03,61.41,111.2,10.99,38.11,49.09,10.76,1.45,9.27,46.57,1.93,8.4,,105.0,Moderate,2018-10-03,Moderate,113.0
Kolkata,2018-10-04,79.58,140.16,20.05,62.66,82.71,11.8,1.61,8.72,34.78,3.4,7.99,,145.0,Moderate,2018-10-04,Moderate,119.57142857142857
Kolkata,2018-10-05,91.06,147.47,69.15,51.91,108.15,15.54,2.01,5.49,33.31,4.65,10.25,,188.0,Moderate,2018-10-05,Moderate,131.85714285714286
Kolkata,2018-10-06,99.65,161.16,78.93,51.44,127.37,14.98,2.75,5.52,29.99,8.62,10.83,,220.0,Poor,2018-10-06,Poor,148.57142857142858
Kolkata,2018-10-07,101.69,161.62,94.74,49.66,144.4,11.16,3.04,9.67,30.2,10.14,10.78,,250.0,Poor,2018-10-07,Poor,167.0
Kolkata,2018-10-08,102.72,169.29,92.72,61.66,152.52,13.55,2.75,8.21,38.19,5.4,7.46,,237.0,Poor,2018-10-08,Poor,180.42857142857142
Kolkata,2018-10-09,49.4,91.84,7.62,41.35,48.97,15.7,2.19,4.08,38.89,3.08,6.78,,149.0,Moderate,2018-10-09,Moderate,184.85714285714286
Kolkata,2018-10-10,9.55,24.85,4.57,24.09,28.66,14.66,1.51,1.89,22.32,4.88,8.36,,83.0,Satisfactory,2018-10-10,Satisfactory,181.71428571428572
Kolkata,2018-10-11,8.51,19.92,6.78,20.39,26.49,15.34,2.63,1.79,16.43,6.19,6.44,,107.0,Moderate,2018-10-11,Moderate,176.28571428571428
Kolkata,2018-10-12,17.35,36.08,6.07,21.82,27.88,15.68,2.73,1.97,10.84,7.25,7.19,,122.0,Moderate,2018-10-12,Moderate,166.85714285714286
Kolkata,2018-10-13,22.46,32.48,4.35,18.66,23.01,14.83,1.08,2.62,22.45,2.58,7.98,,64.0,Satisfactory,2018-10-13,Satisfactory,144.57142857142858
Kolkata,2018-10-14,34.8,56.81,34.67,20.42,44.7,16.35,1.26,6.91,28.7,1.9,8.23,,70.0,Satisfactory,2018-10-14,Satisfactory,118.85714285714286
Kolkata,2018-10-15,48.46,76.41,11.78,36.96,46.1,16.14,1.21,9.41,28.02,2.37,5.97,,93.0,Satisfactory,2018-10-15,Satisfactory,98.28571428571429
Kolkata,2018-10-16,59.26,100.25,28.29,37.82,65.67,16.78,1.4,9.3,36.2,2.25,8.92,,95.0,Satisfactory,2018-10-16,Satisfactory,90.57142857142857
Kolkata,2018-10-17,86.87,133.92,102.06,42.86,120.23,11.86,2.23,9.3,42.92,5.8,10.32,,167.0,Moderate,2018-10-17,Moderate,102.57142857142857
Kolkata,2018-10-18,79.18,124.87,3.4,46.97,50.37,14.12,1.36,21.04,56.56,2.42,8.85,,156.0,Moderate,2018-10-18,Moderate,109.57142857142857
Kolkata,2018-10-19,83.31,126.23,44.49,45.65,90.11,9.25,1.56,8.36,38.77,2.96,8.65,,184.0,Moderate,2018-10-19,Moderate,118.42857142857143
Kolkata,2018-10-20,100.26,152.59,93.02,50.1,130.12,9.38,2.07,10.67,33.6,4.83,8.7,,222.0,Poor,2018-10-20,Poor,141.0
Kolkata,2018-10-21,97.88,151.9,57.8,47.26,103.51,9.82,1.7,7.2,33.48,4.88,10.87,,230.0,Poor,2018-10-21,Poor,163.85714285714286
Kolkata,2018-10-22,101.08,155.61,79.6,67.04,146.25,14.11,1.76,11.16,31.51,5.08,8.73,,219.0,Poor,2018-10-22,Poor,181.85714285714286
Kolkata,2018-10-23,107.64,173.2,92.07,82.33,171.65,15.53,2.04,10.1,36.96,5.94,9.13,,255.0,Poor,2018-10-23,Poor,204.71428571428572
Kolkata,2018-10-24,100.85,164.83,30.44,83.39,113.83,18.14,1.59,12.96,30.75,5.7,8.67,,248.0,Poor,2018-10-24,Poor,216.28571428571428
Kolkata,2018-10-25,91.93,150.75,121.46,78.92,168.54,14.0,1.49,8.4,35.76,5.42,8.45,,217.0,Poor,2018-10-25,Poor,225.0
Kolkata,2018-10-26,123.38,203.94,149.44,87.93,236.88,17.84,1.9,11.68,32.06,13.52,12.2,,276.0,Poor,2018-10-26,Poor,238.14285714285714
Kolkata,2018-10-27,106.58,165.18,127.22,70.18,196.43,19.28,1.68,6.92,30.92,7.05,12.76,,281.0,Poor,2018-10-27,Poor,246.57142857142858
Kolkata,2018-10-28,83.47,140.86,57.37,59.14,115.96,21.67,1.23,7.87,36.02,5.08,10.35,,209.0,Poor,2018-10-28,Poor,243.57142857142858
Kolkata,2018-10-29,28.53,47.29,6.67,47.55,54.22,20.77,0.91,2.7,22.42,3.62,9.22,,90.0,Satisfactory,2018-10-29,Satisfactory,225.14285714285714
Kolkata,2018-10-30,17.27,33.52,5.9,38.61,44.51,19.22,0.85,2.32,16.74,4.55,8.64,,59.0,Satisfactory,2018-10-30,Satisfactory,197.14285714285714
Kolkata,2018-10-31,9.37,27.49,7.04,39.91,46.95,17.75,0.75,2.49,23.47,3.61,9.21,,53.0,Satisfactory,2018-10-31,Satisfactory,169.28571428571428
Kolkata,2018-11-01,23.18,41.36,39.35,41.77,80.39,15.74,0.88,2.65,21.77,4.39,8.05,,94.0,Satisfactory,2018-11-01,Satisfactory,151.71428571428572
Kolkata,2018-11-02,30.72,62.59,54.56,60.43,114.91,11.35,1.08,4.48,18.5,4.35,9.05,,114.0,Moderate,2018-11-02,Moderate,128.57142857142858
Kolkata,2018-11-03,41.75,78.82,31.62,68.24,99.86,15.2,1.11,5.74,25.91,4.51,7.87,,125.0,Moderate,2018-11-03,Moderate,106.28571428571429
Kolkata,2018-11-04,30.55,51.67,3.55,42.36,45.91,17.79,0.84,5.9,32.05,1.87,7.28,,92.0,Satisfactory,2018-11-04,Satisfactory,89.57142857142857
Kolkata,2018-11-05,32.08,56.14,4.79,46.63,51.42,13.55,0.95,11.74,28.77,1.65,6.94,,63.0,Satisfactory,2018-11-05,Satisfactory,85.71428571428571
Kolkata,2018-11-06,102.66,136.51,12.66,56.58,69.23,13.23,1.06,16.7,39.33,4.91,11.13,,82.0,Satisfactory,2018-11-06,Satisfactory,89.0
Kolkata,2018-11-07,233.1,264.82,23.69,61.25,84.99,22.69,1.4,10.42,29.94,7.83,10.33,,375.0,Very Poor,2018-11-07,Very Poor,135.0
Kolkata,2018-11-08,276.33,360.75,24.08,65.65,89.73,29.86,1.48,17.82,46.5,7.22,9.91,,431.0,Severe,2018-11-08,Severe,183.14285714285714
Kolkata,2018-11-09,183.88,285.82,23.38,70.35,93.59,25.0,1.31,17.1,52.02,5.45,8.35,,350.0,Very Poor,2018-11-09,Very Poor,216.85714285714286
Kolkata,2018-11-10,171.76,266.69,40.39,62.54,102.93,40.26,1.38,17.15,35.59,6.63,12.02,,352.0,Very Poor,2018-11-10,Very Poor,249.28571428571428
Kolkata,2018-11-11,132.37,210.28,57.51,41.33,98.81,42.32,1.26,13.57,31.44,7.14,9.98,,316.0,Very Poor,2018-11-11,Very Poor,281.2857142857143
Kolkata,2018-11-12,143.84,262.32,104.26,41.08,138.99,56.28,1.45,17.98,24.66,9.57,18.71,,297.0,Poor,2018-11-12,Poor,314.7142857142857
Kolkata,2018-11-13,183.64,294.5,110.36,60.11,165.31,23.48,1.63,15.13,29.69,14.2,26.27,,331.0,Very Poor,2018-11-13,Very Poor,350.2857142857143
Kolkata,2018-11-14,190.03,293.29,44.82,81.93,126.75,31.77,1.48,16.03,43.47,16.16,28.48,,350.0,Very Poor,2018-11-14,Very Poor,346.7142857142857
Kolkata,2018-11-15,172.8,299.16,17.72,90.97,107.85,31.5,1.16,27.53,42.49,11.38,23.92,,346.0,Very Poor,2018-11-15,Very Poor,334.57142857142856
Kolkata,2018-11-16,142.65,263.76,18.97,88.85,107.78,50.87,1.6,24.68,46.32,12.76,34.91,,325.0,Very Poor,2018-11-16,Very Poor,331.0
Kolkata,2018-11-17,131.5,237.02,33.2,82.9,116.07,47.97,1.61,17.05,57.08,8.3,22.28,,282.0,Poor,2018-11-17,Poor,321.0
Kolkata,2018-11-18,156.47,257.04,33.08,63.38,96.46,30.69,1.19,10.25,62.91,9.5,19.98,,322.0,Very Poor,2018-11-18,Very Poor,321.85714285714283
Kolkata,2018-11-19,130.82,217.97,56.77,76.65,130.46,42.28,1.42,9.88,56.14,15.37,25.21,,293.0,Poor,2018-11-19,Poor,321.2857142857143
Kolkata,2018-11-20,160.56,241.45,116.81,72.2,194.43,48.37,1.96,13.83,38.35,24.22,39.82,,320.0,Very Poor,2018-11-20,Very Poor,319.7142857142857
Kolkata,2018-11-21,154.97,230.9,98.61,67.2,116.07,36.62,1.55,12.99,36.99,14.56,23.92,,335.0,Very Poor,2018-11-21,Very Poor,317.57142857142856
Kolkata,2018-11-22,199.32,331.35,158.67,59.22,205.0,53.8,2.33,13.86,36.76,15.99,33.92,,339.0,Very Poor,2018-11-22,Very Poor,316.57142857142856
Kolkata,2018-11-23,187.21,297.11,57.74,74.51,131.96,55.7,1.27,14.5,39.48,11.45,25.1,,358.0,Very Poor,2018-11-23,Very Poor,321.2857142857143
Kolkata,2018-11-24,206.07,347.61,122.03,61.56,162.28,68.52,1.54,14.76,37.59,16.7,32.31,,357.0,Very Poor,2018-11-24,Very Poor,332.0
Kolkata,2018-11-25,243.93,378.31,107.88,71.59,154.73,41.36,1.64,11.52,35.77,17.24,35.73,,389.0,Very Poor,2018-11-25,Very Poor,341.57142857142856
Kolkata,2018-11-26,164.48,272.33,71.9,67.08,119.59,40.0,1.22,10.74,34.35,16.15,22.08,,365.0,Very Poor,2018-11-26,Very Poor,351.85714285714283
Kolkata,2018-11-27,99.56,175.44,83.37,56.48,138.81,38.8,1.01,6.29,32.22,17.22,22.71,,291.0,Poor,2018-11-27,Poor,347.7142857142857
Kolkata,2018-11-28,98.39,161.2,103.73,51.04,154.33,39.93,1.05,6.56,28.56,18.93,29.55,,260.0,Poor,2018-11-28,Poor,337.0
Kolkata,2018-11-29,105.53,176.31,134.88,42.3,176.65,45.72,1.19,7.1,26.44,21.6,31.81,,282.0,Poor,2018-11-29,Poor,328.85714285714283
Kolkata,2018-11-30,116.97,218.42,85.43,63.38,146.49,44.97,1.09,10.51,30.05,21.92,31.33,,274.0,Poor,2018-11-30,Poor,316.85714285714283
Kolkata,2018-12-01,153.41,254.9,91.62,71.93,163.69,51.49,1.27,20.5,33.72,18.5,34.71,,308.0,Very Poor,2018-12-01,Very Poor,309.85714285714283
Kolkata,2018-12-02,153.39,237.95,68.54,66.66,111.44,41.01,0.88,8.68,41.84,11.37,20.1,,322.0,Very Poor,2018-12-02,Very Poor,300.2857142857143
Kolkata,2018-12-03,168.37,285.2,118.78,73.9,176.95,44.92,1.18,10.41,37.71,12.88,18.8,,332.0,Very Poor,2018-12-03,Very Poor,295.57142857142856
Kolkata,2018-12-04,183.93,316.43,95.48,84.28,168.94,18.63,1.52,15.9,44.14,11.67,29.97,,343.0,Very Poor,2018-12-04,Very Poor,303.0
Kolkata,2018-12-05,239.87,371.23,134.5,96.54,191.3,25.56,1.46,16.57,40.55,15.88,28.32,,388.0,Very Poor,2018-12-05,Very Poor,321.2857142857143
Kolkata,2018-12-06,220.71,349.49,79.46,99.83,174.32,38.68,1.29,16.21,46.99,15.41,28.71,,384.0,Very Poor,2018-12-06,Very Poor,335.85714285714283
Kolkata,2018-12-07,267.93,418.89,135.62,104.89,231.23,49.27,1.74,24.28,31.93,24.43,48.9,,425.0,Severe,2018-12-07,Severe,357.42857142857144
Kolkata,2018-12-08,253.8,388.94,77.04,103.32,182.55,41.99,1.38,16.87,41.22,16.55,38.27,,399.0,Very Poor,2018-12-08,Very Poor,370.42857142857144
Kolkata,2018-12-09,227.13,386.88,134.63,107.29,214.57,35.12,1.11,12.85,26.85,12.51,21.53,,418.0,Severe,2018-12-09,Severe,384.14285714285717
Kolkata,2018-12-10,199.91,358.27,134.22,84.86,204.4,54.08,1.24,9.08,34.42,19.73,24.02,,407.0,Severe,2018-12-10,Severe,394.85714285714283
Kolkata,2018-12-11,211.39,343.07,146.16,62.62,222.15,60.72,1.29,13.58,23.0,20.85,37.64,,381.0,Very Poor,2018-12-11,Very Poor,400.2857142857143
Kolkata,2018-12-12,183.49,306.69,84.94,87.07,155.08,44.28,1.03,21.04,32.67,16.64,23.24,,351.0,Very Poor,2018-12-12,Very Poor,395.0
Kolkata,2018-12-13,130.86,227.88,48.88,74.48,123.37,46.04,0.85,14.05,36.39,10.83,18.46,,325.0,Very Poor,2018-12-13,Very Poor,386.57142857142856
Kolkata,2018-12-14,130.09,225.36,30.36,66.2,96.56,40.07,0.76,15.1,43.76,10.91,17.38,,294.0,Poor,2018-12-14,Poor,367.85714285714283
Kolkata,2018-12-15,133.61,228.39,28.85,75.68,104.53,38.0,0.71,19.18,39.71,10.36,15.62,,291.0,Poor,2018-12-15,Poor,352.42857142857144
Kolkata,2018-12-16,121.38,219.86,22.3,65.61,87.91,35.79,0.6,18.46,40.94,7.24,11.74,,267.0,Poor,2018-12-16,Poor,330.85714285714283
Kolkata,2018-12-17,116.95,187.51,9.02,54.68,63.69,41.99,0.6,10.33,29.16,5.47,10.55,,276.0,Poor,2018-12-17,Poor,312.14285714285717
Kolkata,2018-12-18,64.86,98.44,31.67,57.04,57.19,32.24,0.5,5.67,28.42,3.31,7.87,,183.0,Moderate,2018-12-18,Moderate,283.85714285714283
Kolkata,2018-12-19,74.22,121.56,53.09,64.36,103.22,35.2,0.61,12.18,24.23,4.97,12.43,,133.0,Moderate,2018-12-19,Moderate,252.71428571428572
Kolkata,2018-12-20,122.11,198.5,91.72,65.74,154.02,39.93,0.84,10.48,31.29,8.19,17.41,,224.0,Poor,2018-12-20,Poor,238.28571428571428
Kolkata,2018-12-21,204.44,325.61,156.68,69.69,221.78,55.48,1.36,11.34,36.24,17.93,33.05,,340.0,Very Poor,2018-12-21,Very Poor,244.85714285714286
Kolkata,2018-12-22,231.21,349.32,94.83,84.38,183.08,24.58,1.26,16.51,33.35,16.58,34.96,,382.0,Very Poor,2018-12-22,Very Poor,257.85714285714283
Kolkata,2018-12-23,204.65,303.95,63.6,84.79,148.17,22.33,0.86,13.09,33.49,10.28,18.48,,371.0,Very Poor,2018-12-23,Very Poor,272.7142857142857
Kolkata,2018-12-24,177.51,264.89,70.02,90.29,154.22,16.92,0.67,13.81,28.98,11.17,17.93,,347.0,Very Poor,2018-12-24,Very Poor,282.85714285714283
Kolkata,2018-12-25,209.44,341.74,128.06,105.53,216.5,11.43,1.07,15.73,35.91,13.03,21.9,,356.0,Very Poor,2018-12-25,Very Poor,307.57142857142856
Kolkata,2018-12-26,197.41,311.48,110.71,109.6,194.51,15.89,1.09,13.82,39.09,12.74,20.83,,372.0,Very Poor,2018-12-26,Very Poor,341.7142857142857
Kolkata,2018-12-27,258.54,384.73,131.35,137.35,222.65,15.6,1.54,17.99,29.47,19.95,39.21,,390.0,Very Poor,2018-12-27,Very Poor,365.42857142857144
Kolkata,2018-12-28,222.12,336.24,89.06,123.76,202.67,18.61,1.25,15.3,27.13,13.87,24.67,,387.0,Very Poor,2018-12-28,Very Poor,372.14285714285717
Kolkata,2018-12-29,237.11,348.02,121.27,120.58,224.02,17.35,1.26,16.06,32.55,9.72,21.45,,379.0,Very Poor,2018-12-29,Very Poor,371.7142857142857
Kolkata,2018-12-30,187.3,285.55,33.43,105.12,136.55,21.86,0.73,18.29,37.12,4.6,9.56,,370.0,Very Poor,2018-12-30,Very Poor,371.57142857142856
Kolkata,2018-12-31,177.21,276.41,62.52,99.5,130.83,21.22,0.86,17.07,42.57,9.24,19.3,,341.0,Very Poor,2018-12-31,Very Poor,370.7142857142857
Kolkata,2019-01-01,209.31,326.78,77.81,114.44,181.53,22.05,0.95,15.4,30.24,13.11,27.15,,370.0,Very Poor,2019-01-01,Very Poor,372.7142857142857
Kolkata,2019-01-02,172.39,261.09,68.97,107.85,174.35,22.9,0.87,15.62,31.57,12.08,26.17,,351.0,Very Poor,2019-01-02,Very Poor,369.7142857142857
Kolkata,2019-01-03,244.09,381.78,180.0,150.01,293.1,17.46,1.26,26.2,29.72,25.21,38.92,,363.0,Very Poor,2019-01-03,Very Poor,365.85714285714283
Kolkata,2019-01-04,264.84,385.24,88.23,124.79,155.73,27.33,1.13,17.16,38.73,23.33,35.33,,431.0,Severe,2019-01-04,Severe,372.14285714285717
Kolkata,2019-01-05,219.26,332.24,107.44,115.8,188.3,27.42,1.17,15.03,27.99,16.59,33.74,,391.0,Very Poor,2019-01-05,Very Poor,373.85714285714283
Kolkata,2019-01-06,159.43,252.16,79.2,103.2,165.36,25.95,0.89,15.71,26.33,14.28,22.28,,346.0,Very Poor,2019-01-06,Very Poor,370.42857142857144
Kolkata,2019-01-07,158.89,263.39,123.86,122.66,204.26,25.3,1.07,18.81,25.28,21.29,28.14,,335.0,Very Poor,2019-01-07,Very Poor,369.57142857142856
Kolkata,2019-01-08,175.47,265.22,114.38,95.12,168.48,26.49,1.07,15.88,26.97,17.98,42.71,,335.0,Very Poor,2019-01-08,Very Poor,364.57142857142856
Kolkata,2019-01-09,189.25,283.42,133.55,85.5,177.89,26.33,1.05,17.69,30.2,18.89,36.31,,346.0,Very Poor,2019-01-09,Very Poor,363.85714285714283
Kolkata,2019-01-10,227.08,326.44,96.3,105.92,176.34,23.65,1.19,17.29,40.45,23.41,35.98,,369.0,Very Poor,2019-01-10,Very Poor,364.7142857142857
Kolkata,2019-01-11,211.01,317.78,100.51,105.53,188.16,25.53,1.24,17.27,41.86,22.38,42.17,,369.0,Very Poor,2019-01-11,Very Poor,355.85714285714283
Kolkata,2019-01-12,264.75,385.31,152.42,94.91,244.34,28.39,1.42,18.51,29.41,23.17,52.79,,405.0,Severe,2019-01-12,Severe,357.85714285714283
Kolkata,2019-01-13,219.44,318.17,96.56,95.17,168.99,26.79,1.09,15.44,30.75,19.3,24.87,,387.0,Very Poor,2019-01-13,Very Poor,363.7142857142857
Kolkata,2019-01-14,282.9,417.05,155.42,124.83,252.14,28.07,1.67,26.99,28.09,26.88,36.94,,408.0,Severe,2019-01-14,Severe,374.14285714285717
Kolkata,2019-01-15,217.59,320.85,76.15,107.24,151.68,37.09,1.1,17.35,32.47,17.41,37.53,,406.0,Severe,2019-01-15,Severe,384.2857142857143
Kolkata,2019-01-16,157.3,255.7,76.58,87.29,129.08,42.75,1.26,20.9,38.73,14.02,21.24,,338.0,Very Poor,2019-01-16,Very Poor,383.14285714285717
Kolkata,2019-01-17,208.75,348.3,140.27,103.67,189.6,52.08,1.59,26.21,30.3,27.91,37.03,,349.0,Very Poor,2019-01-17,Very Poor,380.2857142857143
Kolkata,2019-01-18,230.95,363.72,75.22,127.63,185.42,47.43,1.84,22.4,32.22,25.15,41.97,,381.0,Very Poor,2019-01-18,Very Poor,382.0
Kolkata,2019-01-19,269.06,394.67,95.75,111.71,210.46,51.51,1.99,19.8,28.38,32.84,61.84,,421.0,Severe,2019-01-19,Severe,384.2857142857143
Kolkata,2019-01-20,252.42,392.0,161.72,95.09,207.49,46.52,1.64,19.09,27.88,27.03,35.68,,407.0,Severe,2019-01-20,Severe,387.14285714285717
Kolkata,2019-01-21,266.1,419.43,155.98,103.21,237.22,54.25,2.32,19.0,27.81,31.87,44.06,,425.0,Severe,2019-01-21,Severe,389.57142857142856
Kolkata,2019-01-22,304.74,469.32,197.73,148.03,236.91,55.15,2.75,20.1,26.05,48.97,54.42,,463.0,Severe,2019-01-22,Severe,397.7142857142857
Kolkata,2019-01-23,282.8,396.97,163.39,105.5,213.42,31.01,2.44,12.3,26.88,38.06,48.45,,475.0,Severe,2019-01-23,Severe,417.2857142857143
Kolkata,2019-01-24,214.45,322.12,142.88,101.91,220.84,34.88,1.67,13.85,27.88,39.93,43.36,,391.0,Very Poor,2019-01-24,Very Poor,423.2857142857143
Kolkata,2019-01-25,157.14,246.66,100.66,109.37,182.61,32.01,1.24,10.03,26.43,8.39,8.72,,346.0,Very Poor,2019-01-25,Very Poor,418.2857142857143
Kolkata,2019-01-26,126.08,203.17,39.14,88.24,127.36,30.14,0.77,11.32,26.47,2.26,2.46,,299.0,Poor,2019-01-26,Poor,400.85714285714283
Kolkata,2019-01-27,112.94,188.34,23.6,91.61,115.22,28.35,0.72,16.05,20.07,1.28,1.16,,255.0,Poor,2019-01-27,Poor,379.14285714285717
Kolkata,2019-01-28,112.49,180.14,17.94,78.76,96.7,26.23,0.68,13.26,21.45,0.76,0.92,,258.0,Poor,2019-01-28,Poor,355.2857142857143
Kolkata,2019-01-29,97.05,175.72,33.82,83.43,113.39,23.96,0.75,11.3,29.48,0.59,0.9,,233.0,Poor,2019-01-29,Poor,322.42857142857144
Kolkata,2019-01-30,103.58,181.31,37.98,95.34,120.43,21.48,0.76,16.51,27.14,0.42,0.72,,242.0,Poor,2019-01-30,Poor,289.14285714285717
Kolkata,2019-01-31,153.89,270.09,90.12,94.2,168.14,22.98,1.34,17.51,27.95,0.74,0.58,,291.0,Poor,2019-01-31,Poor,274.85714285714283
Kolkata,2019-02-01,163.65,273.34,76.7,107.37,171.45,24.97,1.21,15.86,23.87,0.37,0.47,,331.0,Very Poor,2019-02-01,Very Poor,272.7142857142857
Kolkata,2019-02-02,207.09,322.73,82.5,102.38,173.02,26.82,1.99,17.26,25.28,3.54,4.62,,361.0,Very Poor,2019-02-02,Very Poor,281.57142857142856
Kolkata,2019-02-03,183.64,336.02,117.42,95.84,189.74,24.83,1.84,17.89,25.36,6.33,10.23,,356.0,Very Poor,2019-02-03,Very Poor,296.0
Kolkata,2019-02-04,164.48,293.11,114.77,112.25,204.14,26.51,1.73,17.94,22.73,6.51,8.28,,335.0,Very Poor,2019-02-04,Very Poor,307.0
Kolkata,2019-02-05,169.86,290.85,127.55,103.89,194.0,25.08,1.67,20.74,24.65,7.19,10.21,,337.0,Very Poor,2019-02-05,Very Poor,321.85714285714283
Kolkata,2019-02-06,194.51,342.34,116.34,120.72,220.76,26.96,1.83,20.69,23.91,7.14,9.35,,349.0,Very Poor,2019-02-06,Very Poor,337.14285714285717
Kolkata,2019-02-07,180.67,295.97,99.12,130.54,210.32,35.17,1.62,20.81,32.07,11.9,13.05,,350.0,Very Poor,2019-02-07,Very Poor,345.57142857142856
Kolkata,2019-02-08,153.28,264.95,36.39,108.42,144.8,37.98,1.16,14.83,42.62,3.89,5.8,,321.0,Very Poor,2019-02-08,Very Poor,344.14285714285717
Kolkata,2019-02-09,113.11,167.61,3.03,50.87,53.9,34.76,0.79,11.0,46.31,1.81,5.22,,275.0,Poor,2019-02-09,Poor,331.85714285714283
Kolkata,2019-02-10,57.85,112.72,5.17,66.29,71.46,28.27,0.51,9.65,40.21,0.97,4.7,,178.0,Moderate,2019-02-10,Moderate,306.42857142857144
Kolkata,2019-02-11,90.05,161.6,25.58,87.23,112.75,30.21,0.75,14.16,34.89,2.14,5.18,,167.0,Moderate,2019-02-11,Moderate,282.42857142857144
Kolkata,2019-02-12,125.98,212.8,62.07,110.25,161.49,29.97,1.02,15.6,30.7,3.31,6.95,,264.0,Poor,2019-02-12,Poor,272.0
Kolkata,2019-02-13,130.91,254.19,78.61,120.07,182.41,32.89,1.34,23.16,32.22,3.6,8.39,,288.0,Poor,2019-02-13,Poor,263.2857142857143
Kolkata,2019-02-14,195.34,345.73,70.98,145.21,165.88,62.5,1.99,23.53,31.43,5.83,9.88,,345.0,Very Poor,2019-02-14,Very Poor,262.57142857142856
Kolkata,2019-02-15,206.83,339.86,100.18,136.64,193.43,85.39,1.79,22.63,35.48,6.52,10.6,,360.0,Very Poor,2019-02-15,Very Poor,268.14285714285717
Kolkata,2019-02-16,115.8,208.77,58.12,112.11,157.32,60.77,1.16,18.54,24.87,3.09,6.45,,307.0,Very Poor,2019-02-16,Very Poor,272.7142857142857
Kolkata,2019-02-17,96.52,160.84,19.6,86.76,106.35,48.23,0.85,13.68,33.05,1.59,4.66,,229.0,Poor,2019-02-17,Poor,280.0
Kolkata,2019-02-18,113.34,183.53,43.93,103.33,144.71,48.66,1.0,12.89,37.06,2.93,8.69,,240.0,Poor,2019-02-18,Poor,290.42857142857144
Kolkata,2019-02-19,152.16,245.83,68.47,115.61,170.14,56.64,1.15,17.81,36.19,5.63,11.24,,295.0,Poor,2019-02-19,Poor,294.85714285714283
Kolkata,2019-02-20,95.73,159.86,19.29,68.68,87.32,55.99,0.91,12.49,33.69,2.2,6.98,,236.0,Poor,2019-02-20,Poor,287.42857142857144
Kolkata,2019-02-21,157.09,272.5,65.58,108.51,168.78,54.45,1.26,20.43,32.41,4.96,9.94,,278.0,Poor,2019-02-21,Poor,277.85714285714283
Kolkata,2019-02-22,94.94,158.75,17.21,78.13,93.64,50.78,0.83,25.43,25.74,2.41,6.58,,247.0,Poor,2019-02-22,Poor,261.7142857142857
Kolkata,2019-02-23,106.79,193.57,38.4,96.13,116.67,60.9,1.1,16.1,31.98,4.21,10.16,,224.0,Poor,2019-02-23,Poor,249.85714285714286
Kolkata,2019-02-24,114.95,221.88,33.15,81.62,107.33,64.72,0.86,13.3,41.71,5.11,9.27,,286.0,Poor,2019-02-24,Poor,258.0
Kolkata,2019-02-25,81.45,131.38,7.75,78.12,85.86,46.3,0.79,8.47,27.38,3.33,6.57,,205.0,Poor,2019-02-25,Poor,253.0
Kolkata,2019-02-26,49.4,75.42,6.05,53.47,59.51,38.37,0.73,3.7,21.92,3.4,7.49,,135.0,Moderate,2019-02-26,Moderate,230.14285714285714
Kolkata,2019-02-27,28.96,42.82,6.07,52.86,58.94,34.33,0.59,2.95,26.06,3.96,10.76,,76.0,Satisfactory,2019-02-27,Satisfactory,207.28571428571428
Kolkata,2019-02-28,36.08,52.25,15.77,56.9,72.67,32.36,0.73,5.14,23.41,5.46,12.17,,75.0,Satisfactory,2019-02-28,Satisfactory,178.28571428571428
Kolkata,2019-03-01,60.77,107.96,39.04,73.06,112.11,32.18,0.89,8.9,32.55,7.46,11.81,,141.0,Moderate,2019-03-01,Moderate,163.14285714285714
Kolkata,2019-03-02,85.85,146.83,69.36,86.08,145.9,41.52,1.09,8.6,35.5,11.4,15.99,,199.0,Moderate,2019-03-02,Moderate,159.57142857142858
Kolkata,2019-03-03,114.86,202.87,81.89,118.46,184.71,53.32,1.45,16.2,32.47,14.5,19.06,,256.0,Poor,2019-03-03,Poor,155.28571428571428
Kolkata,2019-03-04,97.47,170.15,5.3,71.62,76.91,43.07,0.89,9.85,26.06,7.94,11.99,,242.0,Poor,2019-03-04,Poor,160.57142857142858
Kolkata,2019-03-05,56.44,109.62,7.58,56.65,64.23,38.38,0.9,5.93,24.63,8.39,13.16,,129.0,Moderate,2019-03-05,Moderate,159.71428571428572
Kolkata,2019-03-06,73.88,124.15,8.96,54.43,63.38,37.14,0.97,7.96,31.1,7.75,12.07,,144.0,Moderate,2019-03-06,Moderate,169.42857142857142
Kolkata,2019-03-07,89.06,167.12,31.13,74.58,105.76,41.93,1.0,11.84,32.06,7.48,17.79,,212.0,Poor,2019-03-07,Poor,189.0
Kolkata,2019-03-08,82.36,165.43,36.63,107.66,144.29,46.74,0.97,13.53,26.62,13.18,21.9,,184.0,Moderate,2019-03-08,Moderate,195.14285714285714
Kolkata,2019-03-09,85.52,175.94,14.25,100.33,114.58,43.19,0.82,16.01,30.96,10.72,16.23,,200.0,Moderate,2019-03-09,Moderate,195.28571428571428
Kolkata,2019-03-10,66.32,122.77,5.59,45.85,51.45,39.78,0.72,7.45,19.05,3.68,9.03,,162.0,Moderate,2019-03-10,Moderate,181.85714285714286
Kolkata,2019-03-11,64.17,127.44,8.48,54.17,62.74,35.33,0.8,5.58,22.84,5.34,10.97,,101.0,Moderate,2019-03-11,Moderate,161.71428571428572
Kolkata,2019-03-12,90.0,154.9,7.55,60.81,68.37,27.17,0.71,19.58,35.94,6.57,13.21,,189.0,Moderate,2019-03-12,Moderate,170.28571428571428
Kolkata,2019-03-13,68.87,119.24,5.98,53.15,59.13,25.73,0.77,12.43,30.06,3.84,10.04,,150.0,Moderate,2019-03-13,Moderate,171.14285714285714
Kolkata,2019-03-14,89.98,140.82,3.91,58.04,61.94,26.32,0.74,13.13,51.84,5.89,8.37,,178.0,Moderate,2019-03-14,Moderate,166.28571428571428
Kolkata,2019-03-15,88.46,155.33,9.15,85.21,94.18,29.01,0.83,13.91,37.35,7.65,10.35,,207.0,Poor,2019-03-15,Poor,169.57142857142858
Kolkata,2019-03-16,52.9,100.16,10.84,80.34,91.18,29.14,0.65,13.23,35.03,5.09,13.04,,130.0,Moderate,2019-03-16,Moderate,159.57142857142858
Kolkata,2019-03-17,75.4,132.31,4.99,54.28,59.27,28.02,0.7,9.02,48.76,4.96,9.75,,131.0,Moderate,2019-03-17,Moderate,155.14285714285714
Kolkata,2019-03-18,48.07,108.15,14.27,91.18,105.42,26.32,0.65,10.32,34.25,8.21,14.72,,119.0,Moderate,2019-03-18,Moderate,157.71428571428572
Kolkata,2019-03-19,60.48,103.34,4.17,64.8,68.85,25.75,0.63,15.86,42.37,7.01,11.24,,122.0,Moderate,2019-03-19,Moderate,148.14285714285714
Kolkata,2019-03-20,67.03,118.0,8.28,67.43,75.71,25.01,0.64,12.53,31.66,8.26,10.58,,115.0,Moderate,2019-03-20,Moderate,143.14285714285714
Kolkata,2019-03-21,60.11,97.86,3.44,35.17,38.61,21.34,0.54,8.64,46.59,2.94,6.79,,144.0,Moderate,2019-03-21,Moderate,138.28571428571428
Kolkata,2019-03-22,50.03,83.88,4.16,39.61,43.6,21.23,0.57,9.5,35.42,2.91,6.16,,98.0,Satisfactory,2019-03-22,Satisfactory,122.71428571428571
Kolkata,2019-03-23,67.63,122.27,38.18,89.77,127.95,21.67,0.79,11.87,36.75,11.26,19.23,,114.0,Moderate,2019-03-23,Moderate,120.42857142857143
Kolkata,2019-03-24,81.82,152.03,46.02,93.58,139.59,25.66,0.88,12.09,42.97,8.64,14.88,,192.0,Moderate,2019-03-24,Moderate,129.14285714285714
Kolkata,2019-03-25,100.22,210.26,62.22,110.56,171.26,35.33,1.04,16.5,39.48,14.46,18.89,,226.0,Poor,2019-03-25,Poor,144.42857142857142
Kolkata,2019-03-26,82.49,174.78,4.46,51.51,55.92,29.64,0.63,7.53,44.18,4.73,8.94,,214.0,Poor,2019-03-26,Poor,157.57142857142858
Kolkata,2019-03-27,62.36,134.81,5.58,71.64,77.2,26.15,0.57,18.68,49.46,5.55,12.64,,141.0,Moderate,2019-03-27,Moderate,161.28571428571428
Kolkata,2019-03-28,61.16,119.54,5.12,48.98,54.09,26.26,0.61,7.42,36.53,5.27,10.62,,133.0,Moderate,2019-03-28,Moderate,159.71428571428572
Kolkata,2019-03-29,53.72,103.52,5.72,41.28,47.0,24.11,0.47,6.59,23.47,3.73,10.01,,116.0,Moderate,2019-03-29,Moderate,162.28571428571428
Kolkata,2019-03-30,54.17,105.96,4.24,36.1,40.34,22.53,0.56,5.71,28.42,4.76,8.34,,96.0,Satisfactory,2019-03-30,Satisfactory,159.71428571428572
Kolkata,2019-03-31,50.23,92.3,4.56,26.9,31.47,19.37,0.57,4.4,19.9,1.87,6.16,,106.0,Moderate,2019-03-31,Moderate,147.42857142857142
Kolkata,2019-04-01,27.98,57.67,3.71,25.23,28.93,21.12,0.5,2.04,30.51,2.05,6.0,,74.0,Satisfactory,2019-04-01,Satisfactory,125.71428571428571
Kolkata,2019-04-02,47.53,89.35,5.26,35.26,40.57,19.12,0.61,3.68,23.58,3.15,10.25,,69.0,Satisfactory,2019-04-02,Satisfactory,105.0
Kolkata,2019-04-03,43.55,90.75,4.31,24.63,28.83,18.48,0.47,2.55,25.05,3.31,9.79,,88.0,Satisfactory,2019-04-03,Satisfactory,97.42857142857143
Kolkata,2019-04-04,41.47,80.25,4.66,26.11,30.77,15.35,0.43,4.67,19.76,2.86,9.2,,83.0,Satisfactory,2019-04-04,Satisfactory,90.28571428571429
Kolkata,2019-04-05,43.05,81.36,4.61,27.52,32.13,16.33,0.44,3.5,22.93,3.42,8.39,,79.0,Satisfactory,2019-04-05,Satisfactory,85.0
Kolkata,2019-04-06,41.82,82.13,9.49,49.86,59.35,20.13,0.54,9.6,29.98,4.01,10.3,,86.0,Satisfactory,2019-04-06,Satisfactory,83.57142857142857
Kolkata,2019-04-07,33.47,58.14,3.97,38.47,42.44,20.1,0.55,7.76,49.77,3.3,7.29,,79.0,Satisfactory,2019-04-07,Satisfactory,79.71428571428571
Kolkata,2019-04-08,34.9,64.37,4.43,41.84,46.27,20.36,0.5,7.44,42.33,2.65,8.39,,77.0,Satisfactory,2019-04-08,Satisfactory,80.14285714285714
Kolkata,2019-04-09,36.38,65.76,5.1,38.87,43.97,19.69,0.5,6.02,28.62,3.86,9.68,,68.0,Satisfactory,2019-04-09,Satisfactory,80.0
Kolkata,2019-04-10,30.36,55.27,5.91,42.5,48.41,19.36,0.55,2.42,23.1,5.64,12.96,,66.0,Satisfactory,2019-04-10,Satisfactory,76.85714285714286
Kolkata,2019-04-11,36.29,63.16,5.04,26.02,31.06,16.09,0.52,2.6,19.43,4.63,9.4,,60.0,Satisfactory,2019-04-11,Satisfactory,73.57142857142857
Kolkata,2019-04-12,34.96,61.52,5.49,27.69,33.18,15.03,0.5,3.84,19.96,3.65,8.74,,63.0,Satisfactory,2019-04-12,Satisfactory,71.28571428571429
Kolkata,2019-04-13,38.4,74.74,4.38,28.18,32.54,15.32,0.52,5.79,33.37,3.81,9.24,,73.0,Satisfactory,2019-04-13,Satisfactory,69.42857142857143
Kolkata,2019-04-14,37.68,63.15,3.1,21.81,24.9,17.45,0.48,4.64,33.32,2.45,6.64,,67.0,Satisfactory,2019-04-14,Satisfactory,67.71428571428571
Kolkata,2019-04-15,37.91,67.16,3.62,22.37,25.66,14.29,0.45,5.11,24.06,2.93,7.17,,68.0,Satisfactory,2019-04-15,Satisfactory,66.42857142857143
Kolkata,2019-04-16,52.47,101.54,4.18,23.38,27.57,13.11,0.45,5.58,26.09,3.85,7.75,,79.0,Satisfactory,2019-04-16,Satisfactory,68.0
Kolkata,2019-04-17,64.22,123.58,2.77,30.87,33.68,20.08,0.46,8.33,35.68,4.75,7.64,,119.0,Moderate,2019-04-17,Moderate,75.57142857142857
Kolkata,2019-04-18,76.6,171.99,9.55,48.4,57.95,35.59,0.72,17.22,39.97,7.4,14.71,,169.0,Moderate,2019-04-18,Moderate,91.14285714285714
Kolkata,2019-04-19,77.82,151.69,4.91,49.19,54.13,34.68,0.6,14.5,35.89,9.76,15.98,,166.0,Moderate,2019-04-19,Moderate,105.85714285714286
Kolkata,2019-04-20,55.14,98.35,2.87,36.19,39.07,30.64,0.6,16.72,52.21,3.71,9.21,,135.0,Moderate,2019-04-20,Moderate,114.71428571428571
Kolkata,2019-04-21,41.44,75.8,2.73,21.25,23.98,27.13,0.52,4.77,38.43,1.75,4.84,,86.0,Satisfactory,2019-04-21,Satisfactory,117.42857142857143
Kolkata,2019-04-22,47.76,85.76,3.57,36.57,40.14,29.99,0.58,8.1,37.74,4.51,7.46,,87.0,Satisfactory,2019-04-22,Satisfactory,120.14285714285714
Kolkata,2019-04-23,38.95,72.86,4.25,38.57,42.83,28.6,0.54,7.66,41.3,5.1,11.16,,87.0,Satisfactory,2019-04-23,Satisfactory,121.28571428571429
Kolkata,2019-04-24,36.62,66.55,3.65,31.87,35.54,26.55,0.46,5.21,25.59,5.25,7.91,,80.0,Satisfactory,2019-04-24,Satisfactory,115.71428571428571
Kolkata,2019-04-25,32.45,59.51,5.19,28.57,33.76,21.53,0.45,4.26,18.84,3.6,7.78,,65.0,Satisfactory,2019-04-25,Satisfactory,100.85714285714286
Kolkata,2019-04-26,40.39,79.62,4.9,27.81,32.7,21.9,0.44,3.16,19.95,4.14,8.53,,66.0,Satisfactory,2019-04-26,Satisfactory,86.57142857142857
Kolkata,2019-04-27,46.78,89.61,4.49,26.3,30.78,20.64,0.48,4.1,17.74,3.69,9.73,,85.0,Satisfactory,2019-04-27,Satisfactory,79.42857142857143
Kolkata,2019-04-28,37.93,77.14,4.58,18.8,23.38,15.87,0.42,3.48,15.98,2.1,6.68,,82.0,Satisfactory,2019-04-28,Satisfactory,78.85714285714286
Kolkata,2019-04-29,27.48,102.42,5.58,19.63,25.17,14.68,0.37,3.31,13.32,2.36,8.02,,78.0,Satisfactory,2019-04-29,Satisfactory,77.57142857142857
Kolkata,2019-04-30,24.32,141.78,5.54,20.32,25.85,10.87,0.4,4.82,17.49,2.5,9.93,,120.0,Moderate,2019-04-30,Moderate,82.28571428571429
Kolkata,2019-05-01,19.24,94.91,5.14,20.4,25.54,13.34,0.36,2.76,20.71,1.94,6.77,,73.0,Satisfactory,2019-05-01,Satisfactory,81.28571428571429
Kolkata,2019-05-02,17.81,83.54,4.57,21.57,26.14,13.63,0.34,1.99,20.38,1.93,6.53,,36.0,Good,2019-05-02,Good,77.14285714285714
Kolkata,2019-05-03,16.59,56.12,3.37,15.73,19.09,13.3,0.41,1.73,26.59,3.16,5.81,,38.0,Good,2019-05-03,Good,73.14285714285714
Kolkata,2019-05-04,22.34,39.22,5.73,25.68,31.4,12.25,0.55,2.6,28.41,2.33,6.55,,49.0,Good,2019-05-04,Good,68.0
Kolkata,2019-05-05,55.45,108.43,18.33,34.48,52.48,6.14,0.72,3.14,26.49,7.15,12.15,,86.0,Satisfactory,2019-05-05,Satisfactory,68.57142857142857
Kolkata,2019-05-06,55.4,127.11,3.15,17.34,18.19,4.93,0.47,1.93,37.33,2.96,7.7,,108.0,Moderate,2019-05-06,Moderate,72.85714285714286
Kolkata,2019-05-07,61.78,126.2,3.01,20.39,23.38,5.49,0.53,1.52,37.0,4.36,10.42,,116.0,Moderate,2019-05-07,Moderate,72.28571428571429
Kolkata,2019-05-08,67.4,133.0,3.64,21.14,24.77,4.85,0.49,1.44,34.46,4.03,9.58,,122.0,Moderate,2019-05-08,Moderate,79.28571428571429
Kolkata,2019-05-09,66.57,132.1,2.95,17.89,20.84,4.74,0.46,1.67,37.19,1.78,5.48,,124.0,Moderate,2019-05-09,Moderate,91.85714285714286
Kolkata,2019-05-10,65.47,129.42,2.73,14.69,17.43,3.81,0.49,1.82,41.67,2.99,8.35,,126.0,Moderate,2019-05-10,Moderate,104.42857142857143
Kolkata,2019-05-11,55.4,121.13,3.03,13.92,16.95,9.62,0.47,1.57,37.14,3.52,9.18,,117.0,Moderate,2019-05-11,Moderate,114.14285714285714
Kolkata,2019-05-12,53.61,109.67,2.71,9.9,12.6,7.85,0.42,1.33,33.64,2.47,4.35,,107.0,Moderate,2019-05-12,Moderate,117.14285714285714
Kolkata,2019-05-13,47.28,97.99,2.79,10.62,13.4,6.27,0.42,1.62,33.51,2.28,5.16,,100.0,Satisfactory,2019-05-13,Satisfactory,116.0
Kolkata,2019-05-14,37.4,82.31,3.16,15.49,18.51,7.8,0.48,2.39,29.68,2.95,7.23,,84.0,Satisfactory,2019-05-14,Satisfactory,111.42857142857143
Kolkata,2019-05-15,42.19,88.6,3.26,18.89,22.07,6.9,0.5,1.78,27.24,5.89,11.91,,98.0,Satisfactory,2019-05-15,Satisfactory,108.0
Kolkata,2019-05-16,44.95,87.16,3.14,18.96,22.06,7.11,0.57,1.87,30.25,4.78,9.97,,90.0,Satisfactory,2019-05-16,Satisfactory,103.14285714285714
Kolkata,2019-05-17,52.68,96.98,3.25,16.16,19.35,6.73,0.52,1.64,27.0,5.33,11.85,,93.0,Satisfactory,2019-05-17,Satisfactory,98.42857142857143
Kolkata,2019-05-18,50.03,99.23,3.28,11.08,14.22,6.52,0.45,1.79,25.91,3.25,7.53,,96.0,Satisfactory,2019-05-18,Satisfactory,95.42857142857143
Kolkata,2019-05-19,51.42,96.62,3.45,10.61,13.94,7.14,0.47,2.71,28.2,0.8,5.28,,96.0,Satisfactory,2019-05-19,Satisfactory,93.85714285714286
Kolkata,2019-05-20,43.74,91.54,4.32,12.33,16.12,5.84,0.49,2.54,19.94,2.45,7.53,,92.0,Satisfactory,2019-05-20,Satisfactory,92.71428571428571
Kolkata,2019-05-21,38.55,88.64,3.42,12.6,15.96,5.18,0.5,1.78,17.88,3.45,10.64,,90.0,Satisfactory,2019-05-21,Satisfactory,93.57142857142857
Kolkata,2019-05-22,40.31,91.94,3.18,11.04,14.12,5.82,0.52,3.0,18.33,2.44,8.58,,86.0,Satisfactory,2019-05-22,Satisfactory,91.85714285714286
Kolkata,2019-05-23,32.48,72.04,2.98,8.92,11.85,6.08,0.47,2.35,22.57,2.59,8.51,,82.0,Satisfactory,2019-05-23,Satisfactory,90.71428571428571
Kolkata,2019-05-24,33.18,79.78,3.6,14.65,18.12,6.43,0.45,2.93,19.37,3.82,11.37,,74.0,Satisfactory,2019-05-24,Satisfactory,88.0
Kolkata,2019-05-25,30.37,66.61,3.69,16.78,20.42,7.0,0.49,2.61,21.3,4.27,12.23,,75.0,Satisfactory,2019-05-25,Satisfactory,85.0
Kolkata,2019-05-26,36.76,72.29,3.22,19.38,22.55,7.16,0.51,2.58,23.85,2.84,8.45,,66.0,Satisfactory,2019-05-26,Satisfactory,80.71428571428571
Kolkata,2019-05-27,47.25,92.1,3.36,13.59,16.86,6.88,0.47,2.36,22.65,2.82,11.37,,87.0,Satisfactory,2019-05-27,Satisfactory,80.0
Kolkata,2019-05-28,43.54,89.93,3.48,13.04,16.41,6.77,0.47,2.24,23.24,3.43,10.31,,89.0,Satisfactory,2019-05-28,Satisfactory,79.85714285714286
Kolkata,2019-05-29,44.23,87.26,2.7,11.82,14.49,5.26,0.5,2.25,28.21,3.63,11.96,,86.0,Satisfactory,2019-05-29,Satisfactory,79.85714285714286
Kolkata,2019-05-30,37.55,77.52,3.12,12.2,15.27,5.43,0.45,2.49,24.22,3.62,11.01,,83.0,Satisfactory,2019-05-30,Satisfactory,80.0
Kolkata,2019-05-31,31.79,71.66,4.08,10.25,13.98,5.67,0.4,2.38,19.31,7.51,27.05,3.14,76.0,Satisfactory,2019-05-31,Satisfactory,80.28571428571429
Kolkata,2019-06-01,36.25,69.53,3.74,17.79,20.47,4.15,0.4,2.88,26.32,23.57,76.04,6.68,76.0,Satisfactory,2019-06-01,Satisfactory,80.42857142857143
Kolkata,2019-06-02,28.84,57.42,10.7,14.42,23.31,5.08,0.36,2.42,24.97,20.8,7.24,,69.0,Satisfactory,2019-06-02,Satisfactory,80.85714285714286
Kolkata,2019-06-03,31.32,57.27,4.62,21.29,23.85,4.51,0.43,4.37,50.09,24.42,9.55,,71.0,Satisfactory,2019-06-03,Satisfactory,78.57142857142857
Kolkata,2019-06-04,31.93,60.06,7.66,15.65,23.2,4.6,0.37,3.28,31.57,26.78,23.91,4.44,72.0,Satisfactory,2019-06-04,Satisfactory,76.14285714285714
Kolkata,2019-06-05,27.66,47.01,4.04,18.32,19.24,5.0,0.39,1.7,24.38,21.83,64.98,10.19,61.0,Satisfactory,2019-06-05,Satisfactory,72.57142857142857
Kolkata,2019-06-06,20.3,34.49,5.7,17.88,21.88,4.83,0.42,1.82,27.06,20.4,47.17,13.54,48.0,Good,2019-06-06,Good,67.57142857142857
Kolkata,2019-06-07,19.04,33.84,5.92,17.24,21.69,4.5,0.43,1.89,32.87,24.01,10.48,10.75,49.0,Good,2019-06-07,Good,63.714285714285715
Kolkata,2019-06-08,15.87,29.35,7.36,14.2,20.32,4.49,0.41,1.87,29.98,10.55,6.31,4.34,47.0,Good,2019-06-08,Good,59.57142857142857
Kolkata,2019-06-09,31.08,48.86,28.0,17.2,38.47,11.48,0.42,2.49,34.29,2.56,7.77,,64.0,Satisfactory,2019-06-09,Satisfactory,58.857142857142854
Kolkata,2019-06-10,34.28,62.72,5.7,12.48,15.42,4.09,0.39,1.65,36.48,1.85,7.33,,80.0,Satisfactory,2019-06-10,Satisfactory,60.142857142857146
Kolkata,2019-06-11,31.04,58.4,17.04,14.17,31.43,5.64,0.36,1.6,37.01,3.39,7.21,3.39,70.0,Satisfactory,2019-06-11,Satisfactory,59.857142857142854
Kolkata,2019-06-12,32.61,64.75,4.36,11.68,13.89,3.7,0.36,2.74,34.14,8.02,5.21,3.59,67.0,Satisfactory,2019-06-12,Satisfactory,60.714285714285715
Kolkata,2019-06-13,43.52,75.56,6.69,24.24,26.81,4.38,0.54,3.09,51.71,9.79,8.75,3.76,94.0,Satisfactory,2019-06-13,Satisfactory,67.28571428571429
Kolkata,2019-06-14,52.05,89.17,6.14,22.9,25.68,4.35,0.54,1.73,48.36,7.5,6.96,2.87,101.0,Moderate,2019-06-14,Moderate,74.71428571428571
Kolkata,2019-06-15,37.14,65.3,9.93,20.89,28.59,4.88,0.35,1.96,32.21,8.33,5.66,3.72,88.0,Satisfactory,2019-06-15,Satisfactory,80.57142857142857
Kolkata,2019-06-16,31.52,60.8,5.08,14.72,17.01,3.76,0.38,3.11,43.72,5.93,5.2,3.24,79.0,Satisfactory,2019-06-16,Satisfactory,82.71428571428571
Kolkata,2019-06-17,50.58,107.48,3.53,23.6,20.77,4.15,0.55,3.31,39.69,7.87,7.57,3.5,82.0,Satisfactory,2019-06-17,Satisfactory,83.0
Kolkata,2019-06-18,48.86,86.87,6.12,26.06,29.01,4.27,0.53,2.0,32.25,22.29,6.12,3.63,105.0,Moderate,2019-06-18,Moderate,88.0
Kolkata,2019-06-19,50.99,92.07,3.23,24.86,27.94,4.01,0.52,2.0,42.01,20.92,7.71,3.58,95.0,Satisfactory,2019-06-19,Satisfactory,92.0
Kolkata,2019-06-20,41.77,77.35,4.83,28.04,32.58,5.14,0.54,1.86,21.76,21.69,8.35,3.97,92.0,Satisfactory,2019-06-20,Satisfactory,91.71428571428571
Kolkata,2019-06-21,19.24,38.81,3.69,20.06,23.52,7.04,0.43,1.5,19.79,39.76,6.44,3.49,54.0,Satisfactory,2019-06-21,Satisfactory,85.0
Kolkata,2019-06-22,19.23,36.22,11.63,16.82,28.31,8.33,0.39,1.72,23.86,45.57,7.45,3.23,46.0,Good,2019-06-22,Good,79.0
Kolkata,2019-06-23,17.54,35.32,18.47,13.16,28.63,8.49,0.34,1.73,19.44,36.69,5.05,3.02,57.0,Satisfactory,2019-06-23,Satisfactory,75.85714285714286
Kolkata,2019-06-24,26.09,53.43,5.97,15.61,21.56,6.98,0.34,2.1,27.77,22.53,6.23,2.88,56.0,Satisfactory,2019-06-24,Satisfactory,72.14285714285714
Kolkata,2019-06-25,21.93,52.12,9.22,13.39,18.13,9.67,0.33,2.72,24.77,21.68,5.28,2.64,61.0,Satisfactory,2019-06-25,Satisfactory,65.85714285714286
Kolkata,2019-06-26,19.68,44.36,11.01,11.86,19.87,9.77,0.3,2.67,23.9,19.35,7.64,2.74,54.0,Satisfactory,2019-06-26,Satisfactory,60.0
Kolkata,2019-06-27,22.86,49.27,18.44,15.6,35.56,13.5,0.33,3.46,24.76,13.01,7.53,3.06,62.0,Satisfactory,2019-06-27,Satisfactory,55.714285714285715
Kolkata,2019-06-28,31.59,58.52,5.62,20.55,25.12,10.93,0.47,4.35,41.54,17.96,8.26,3.13,73.0,Satisfactory,2019-06-28,Satisfactory,58.42857142857143
Kolkata,2019-06-29,44.03,76.1,6.27,21.47,27.27,9.08,0.64,3.01,37.1,22.66,10.7,4.13,78.0,Satisfactory,2019-06-29,Satisfactory,63.0
Kolkata,2019-06-30,47.54,82.48,12.15,25.12,36.89,8.65,0.74,3.3,18.37,16.23,11.82,4.32,98.0,Satisfactory,2019-06-30,Satisfactory,68.85714285714286
Kolkata,2019-07-01,23.16,48.3,8.37,16.39,24.62,10.15,0.57,2.59,21.87,12.81,7.76,3.08,71.0,Satisfactory,2019-07-01,Satisfactory,71.0
Kolkata,2019-07-02,17.6,30.71,4.85,13.65,18.18,11.31,0.51,3.24,31.38,16.35,10.59,3.07,45.0,Good,2019-07-02,Good,68.71428571428571
Kolkata,2019-07-03,20.48,39.15,3.98,17.47,21.37,11.78,0.52,3.08,39.28,17.08,16.03,3.64,58.0,Satisfactory,2019-07-03,Satisfactory,69.28571428571429
Kolkata,2019-07-04,32.09,63.73,3.71,18.55,22.15,15.54,0.55,5.49,41.44,15.47,8.77,3.88,68.0,Satisfactory,2019-07-04,Satisfactory,70.14285714285714
Kolkata,2019-07-05,27.6,54.31,4.63,17.39,21.98,20.3,0.53,4.27,26.66,15.64,8.28,4.19,67.0,Satisfactory,2019-07-05,Satisfactory,69.28571428571429
Kolkata,2019-07-06,28.76,52.07,5.7,22.06,27.72,19.7,0.56,6.02,24.02,16.35,10.22,3.37,58.0,Satisfactory,2019-07-06,Satisfactory,66.42857142857143
Kolkata,2019-07-07,19.65,40.85,4.91,14.68,19.28,15.27,0.45,5.95,24.19,16.01,5.87,3.12,52.0,Satisfactory,2019-07-07,Satisfactory,59.857142857142854
Kolkata,2019-07-08,27.94,60.83,3.9,16.38,20.08,12.06,0.41,6.28,31.58,12.24,8.12,2.95,56.0,Satisfactory,2019-07-08,Satisfactory,57.714285714285715
Kolkata,2019-07-09,26.94,60.03,6.57,17.39,23.29,19.4,0.45,7.35,29.94,11.82,8.67,2.92,64.0,Satisfactory,2019-07-09,Satisfactory,60.42857142857143
Kolkata,2019-07-10,26.2,52.69,6.54,19.62,25.18,18.51,0.5,5.65,28.51,12.57,10.03,3.0,60.0,Satisfactory,2019-07-10,Satisfactory,60.714285714285715
Kolkata,2019-07-11,28.7,56.45,26.66,21.13,40.14,28.25,0.46,5.54,26.62,12.5,10.17,3.0,64.0,Satisfactory,2019-07-11,Satisfactory,60.142857142857146
Kolkata,2019-07-12,29.63,57.5,6.38,20.11,23.87,21.76,0.44,8.5,29.95,11.8,10.67,2.97,66.0,Satisfactory,2019-07-12,Satisfactory,60.0
Kolkata,2019-07-13,35.3,69.72,4.92,17.32,20.46,30.05,0.46,7.89,38.28,13.11,9.87,3.08,69.0,Satisfactory,2019-07-13,Satisfactory,61.57142857142857
Kolkata,2019-07-14,41.91,75.46,3.17,17.21,20.05,55.39,0.48,12.4,48.42,11.14,6.75,2.85,83.0,Satisfactory,2019-07-14,Satisfactory,66.0
Kolkata,2019-07-15,45.48,92.7,6.2,25.17,29.17,73.45,0.49,11.54,47.41,10.04,8.76,2.53,97.0,Satisfactory,2019-07-15,Satisfactory,71.85714285714286
Kolkata,2019-07-16,43.74,82.52,17.84,28.64,42.47,65.71,0.63,8.71,32.89,11.76,12.41,3.63,97.0,Satisfactory,2019-07-16,Satisfactory,76.57142857142857
Kolkata,2019-07-17,57.6,104.21,39.95,27.41,60.92,23.78,0.79,4.6,27.24,18.23,12.03,5.34,106.0,Moderate,2019-07-17,Moderate,83.14285714285714
Kolkata,2019-07-18,44.18,81.77,7.49,20.98,28.47,11.54,0.48,4.01,19.82,10.48,13.75,3.58,91.0,Satisfactory,2019-07-18,Satisfactory,87.0
Kolkata,2019-07-19,15.02,30.29,5.11,14.16,19.27,13.53,0.37,2.56,19.86,11.55,7.93,2.78,53.0,Satisfactory,2019-07-19,Satisfactory,85.14285714285714
Kolkata,2019-07-20,22.92,44.3,5.29,14.3,19.42,11.54,0.39,2.49,24.96,12.41,7.78,2.56,44.0,Good,2019-07-20,Good,81.57142857142857
Kolkata,2019-07-21,25.98,47.27,3.74,13.27,17.02,8.99,0.4,5.23,28.79,11.38,6.29,2.54,54.0,Satisfactory,2019-07-21,Satisfactory,77.42857142857143
Kolkata,2019-07-22,19.9,43.33,7.72,14.33,19.9,11.88,0.37,3.5,19.35,9.5,9.06,2.33,50.0,Good,2019-07-22,Good,70.71428571428571
Kolkata,2019-07-23,16.06,34.69,6.65,14.13,20.78,8.85,0.37,4.71,15.84,11.51,10.45,2.49,47.0,Good,2019-07-23,Good,63.57142857142857
Kolkata,2019-07-24,14.63,33.81,6.44,18.29,24.72,8.27,0.38,6.15,20.87,12.91,10.46,2.52,44.0,Good,2019-07-24,Good,54.714285714285715
Kolkata,2019-07-25,36.9,63.34,4.5,31.77,35.93,8.03,0.54,9.84,32.75,16.49,14.12,3.53,60.0,Satisfactory,2019-07-25,Satisfactory,50.285714285714285
Kolkata,2019-07-26,32.16,50.27,5.97,27.46,33.43,10.25,0.52,4.1,22.94,14.99,9.99,2.93,66.0,Satisfactory,2019-07-26,Satisfactory,52.142857142857146
Kolkata,2019-07-27,25.09,40.45,11.42,26.5,37.9,9.98,0.54,3.04,19.16,16.68,11.03,3.55,56.0,Satisfactory,2019-07-27,Satisfactory,53.857142857142854
Kolkata,2019-07-28,12.07,23.33,5.36,13.68,18.79,9.13,0.41,2.55,17.95,14.66,8.57,2.7,43.0,Good,2019-07-28,Good,52.285714285714285
Kolkata,2019-07-29,10.12,20.56,7.37,17.97,25.32,8.11,0.44,2.34,21.18,14.58,8.44,2.43,33.0,Good,2019-07-29,Good,49.857142857142854
Kolkata,2019-07-30,21.44,43.61,8.17,23.09,31.25,7.88,0.5,2.65,17.36,15.78,12.55,4.64,44.0,Good,2019-07-30,Good,49.42857142857143
Kolkata,2019-07-31,23.4,48.28,7.12,25.37,32.49,8.49,0.52,3.43,21.95,15.76,11.99,2.71,54.0,Satisfactory,2019-07-31,Satisfactory,50.857142857142854
Kolkata,2019-08-01,23.61,44.79,12.28,25.41,36.5,9.46,0.5,5.62,23.09,15.5,10.93,2.84,59.0,Satisfactory,2019-08-01,Satisfactory,50.714285714285715
Kolkata,2019-08-02,17.93,34.63,13.68,19.92,33.58,11.22,0.51,4.42,17.22,16.44,12.62,10.3,46.0,Good,2019-08-02,Good,47.857142857142854
Kolkata,2019-08-03,25.22,40.82,21.74,21.29,38.44,18.44,0.62,4.23,13.88,16.62,13.59,8.27,64.0,Satisfactory,2019-08-03,Satisfactory,49.0
Kolkata,2019-08-04,39.37,62.25,12.69,24.23,34.72,13.94,0.78,2.99,17.31,15.88,10.45,4.74,64.0,Satisfactory,2019-08-04,Satisfactory,52.0
Kolkata,2019-08-05,33.97,57.32,8.16,22.84,29.84,10.98,0.7,2.75,18.39,15.09,9.27,3.31,73.0,Satisfactory,2019-08-05,Satisfactory,57.714285714285715
Kolkata,2019-08-06,25.88,45.47,15.26,24.85,40.29,12.46,0.6,3.4,13.95,14.78,12.3,3.16,65.0,Satisfactory,2019-08-06,Satisfactory,60.714285714285715
Kolkata,2019-08-07,9.07,16.56,6.29,11.38,17.38,12.7,0.35,2.12,24.01,12.29,9.39,2.92,38.0,Good,2019-08-07,Good,58.42857142857143
Kolkata,2019-08-08,11.36,22.78,7.95,16.73,24.05,9.84,0.4,2.49,14.48,12.36,8.82,2.28,34.0,Good,2019-08-08,Good,54.857142857142854
Kolkata,2019-08-09,21.7,45.74,7.96,20.52,26.26,9.3,0.48,8.29,17.08,13.57,7.97,2.71,43.0,Good,2019-08-09,Good,54.42857142857143
Kolkata,2019-08-10,32.78,58.33,15.57,30.56,46.0,9.02,0.71,5.93,19.0,15.26,12.28,3.87,61.0,Satisfactory,2019-08-10,Satisfactory,54.0
Kolkata,2019-08-11,45.57,75.21,30.54,34.18,64.04,10.32,0.79,5.42,17.37,17.23,18.64,4.85,105.0,Moderate,2019-08-11,Moderate,59.857142857142854
Kolkata,2019-08-12,29.86,51.62,11.43,25.7,36.39,11.79,0.65,5.07,11.21,12.66,8.35,3.1,68.0,Satisfactory,2019-08-12,Satisfactory,59.142857142857146
Kolkata,2019-08-13,13.17,22.97,7.54,18.01,23.81,11.33,0.49,3.5,16.11,10.6,7.9,2.66,48.0,Good,2019-08-13,Good,56.714285714285715
Kolkata,2019-08-14,29.6,54.22,6.88,21.27,27.35,10.46,0.44,3.99,18.14,20.03,7.76,2.25,45.0,Good,2019-08-14,Good,57.714285714285715
Kolkata,2019-08-15,25.81,40.62,4.66,17.72,22.47,8.42,0.47,4.27,17.42,26.05,6.78,2.23,56.0,Satisfactory,2019-08-15,Satisfactory,60.857142857142854
Kolkata,2019-08-16,27.99,47.39,6.3,19.07,25.53,11.58,0.55,2.63,17.18,28.03,7.25,2.42,51.0,Satisfactory,2019-08-16,Satisfactory,62.0
Kolkata,2019-08-17,20.92,26.95,7.49,19.29,27.0,14.84,0.57,2.14,15.6,38.98,9.96,3.1,48.0,Good,2019-08-17,Good,60.142857142857146
Kolkata,2019-08-18,18.3,24.3,4.8,13.58,18.57,11.63,0.46,2.49,23.59,29.97,7.07,2.49,46.0,Good,2019-08-18,Good,51.714285714285715
Kolkata,2019-08-19,13.95,30.32,6.97,15.32,22.21,11.51,0.44,2.37,20.74,24.65,7.78,2.1,39.0,Good,2019-08-19,Good,47.57142857142857
Kolkata,2019-08-20,27.41,46.94,4.87,24.09,27.65,11.93,0.49,4.33,22.33,28.68,8.44,2.37,50.0,Good,2019-08-20,Good,47.857142857142854
Kolkata,2019-08-21,30.31,52.58,6.57,19.12,24.58,10.14,0.43,3.01,18.13,19.61,8.45,2.28,58.0,Satisfactory,2019-08-21,Satisfactory,49.714285714285715
Kolkata,2019-08-22,31.91,55.66,12.33,22.73,29.36,10.05,0.44,3.74,17.54,19.99,11.98,1.66,64.0,Satisfactory,2019-08-22,Satisfactory,50.857142857142854
Kolkata,2019-08-23,18.15,30.42,17.68,21.49,35.75,10.61,0.5,2.54,16.79,20.93,14.42,2.18,62.0,Satisfactory,2019-08-23,Satisfactory,52.42857142857143
Kolkata,2019-08-24,18.41,32.41,14.48,36.97,36.9,15.53,0.52,2.6,13.15,25.91,12.7,1.99,55.0,Satisfactory,2019-08-24,Satisfactory,53.42857142857143
Kolkata,2019-08-25,13.74,24.22,7.22,17.02,24.21,10.58,0.4,2.63,24.58,21.92,10.79,1.46,50.0,Good,2019-08-25,Good,54.0
Kolkata,2019-08-26,12.82,22.87,12.89,18.34,26.58,11.7,0.41,3.91,25.8,20.27,11.23,1.42,49.0,Good,2019-08-26,Good,55.42857142857143
Kolkata,2019-08-27,16.68,28.91,7.61,17.33,24.22,11.55,0.42,3.03,21.5,18.32,11.32,2.16,43.0,Good,2019-08-27,Good,54.42857142857143
Kolkata,2019-08-28,24.71,40.02,15.78,21.28,35.58,11.55,0.5,3.24,16.55,22.24,11.61,1.63,51.0,Satisfactory,2019-08-28,Satisfactory,53.42857142857143
Kolkata,2019-08-29,14.31,29.09,15.18,19.6,33.02,9.74,0.44,2.95,14.89,24.05,12.51,2.18,54.0,Satisfactory,2019-08-29,Satisfactory,52.0
Kolkata,2019-08-30,18.83,36.56,11.96,16.93,24.06,10.58,0.4,2.92,14.54,18.99,15.68,2.32,47.0,Good,2019-08-30,Good,49.857142857142854
Kolkata,2019-08-31,16.54,35.74,10.89,14.93,24.46,12.45,0.38,3.43,15.37,18.69,14.33,1.66,40.0,Good,2019-08-31,Good,47.714285714285715
Kolkata,2019-09-01,26.16,50.5,8.48,20.14,26.02,12.37,0.48,3.54,18.66,18.81,15.13,1.55,50.0,Good,2019-09-01,Good,47.714285714285715
Kolkata,2019-09-02,15.99,32.01,26.78,19.0,42.46,15.43,0.5,2.98,12.49,26.67,13.6,2.73,53.0,Satisfactory,2019-09-02,Satisfactory,48.285714285714285
Kolkata,2019-09-03,10.64,19.67,22.93,14.85,25.61,31.02,0.46,3.06,13.67,23.38,9.25,2.14,48.0,Good,2019-09-03,Good,49.0
Kolkata,2019-09-04,10.37,21.58,8.33,10.63,16.45,8.86,0.39,3.71,15.78,7.91,11.04,1.5,39.0,Good,2019-09-04,Good,47.285714285714285
Kolkata,2019-09-05,10.02,21.17,6.8,12.4,18.86,11.23,0.38,3.44,18.85,18.69,15.34,2.84,34.0,Good,2019-09-05,Good,44.42857142857143
Kolkata,2019-09-06,8.77,20.17,6.43,13.0,19.24,13.53,0.36,3.66,20.62,19.85,15.78,1.62,34.0,Good,2019-09-06,Good,42.57142857142857
Kolkata,2019-09-07,11.06,21.3,5.86,13.9,19.42,13.16,0.42,3.3,17.55,21.63,17.62,2.54,34.0,Good,2019-09-07,Good,41.714285714285715
Kolkata,2019-09-08,12.63,23.51,6.03,15.62,21.28,9.32,0.42,3.04,16.11,18.39,14.45,1.39,36.0,Good,2019-09-08,Good,39.714285714285715
Kolkata,2019-09-09,18.89,33.89,4.99,15.5,20.16,14.19,0.4,4.14,25.56,16.69,12.56,1.02,49.0,Good,2019-09-09,Good,39.142857142857146
Kolkata,2019-09-10,20.96,43.09,3.85,12.27,15.97,16.92,0.39,3.36,27.4,12.24,12.76,1.34,49.0,Good,2019-09-10,Good,39.285714285714285
Kolkata,2019-09-11,15.06,34.89,5.15,17.5,22.48,13.58,0.46,3.91,18.56,15.68,12.95,1.09,50.0,Good,2019-09-11,Good,40.857142857142854
Kolkata,2019-09-12,18.3,34.87,7.84,19.49,27.28,15.07,0.45,3.62,11.89,22.17,14.37,1.41,43.0,Good,2019-09-12,Good,42.142857142857146
Kolkata,2019-09-13,13.73,39.58,5.36,17.01,22.35,13.49,0.38,4.15,20.21,13.76,15.95,1.14,44.0,Good,2019-09-13,Good,43.57142857142857
Kolkata,2019-09-14,18.34,50.45,4.77,18.52,23.26,10.47,0.39,4.57,33.92,4.74,14.66,1.08,59.0,Satisfactory,2019-09-14,Satisfactory,47.142857142857146
Kolkata,2019-09-15,22.12,54.31,4.55,15.75,20.26,8.36,0.34,7.32,41.67,3.65,12.61,0.87,74.0,Satisfactory,2019-09-15,Satisfactory,52.57142857142857
Kolkata,2019-09-16,20.66,46.43,5.18,15.05,20.24,10.92,0.37,5.23,26.68,4.07,11.02,0.92,53.0,Satisfactory,2019-09-16,Satisfactory,53.142857142857146
Kolkata,2019-09-17,19.19,38.64,6.37,12.62,18.91,12.69,0.35,4.23,15.73,8.18,11.97,1.07,45.0,Good,2019-09-17,Good,52.57142857142857
Kolkata,2019-09-18,12.38,26.69,5.85,12.2,18.06,9.94,0.37,3.59,17.47,18.99,17.01,1.75,37.0,Good,2019-09-18,Good,50.714285714285715
Kolkata,2019-09-19,9.88,22.6,6.75,11.9,18.63,9.6,0.37,3.35,14.86,19.45,18.1,1.53,33.0,Good,2019-09-19,Good,49.285714285714285
Kolkata,2019-09-20,20.57,44.33,14.74,23.75,38.48,11.8,0.55,5.1,20.25,19.7,18.25,2.64,54.0,Satisfactory,2019-09-20,Satisfactory,50.714285714285715
Kolkata,2019-09-21,26.92,54.04,23.25,24.46,46.95,12.86,0.6,6.07,19.36,23.85,21.22,3.39,74.0,Satisfactory,2019-09-21,Satisfactory,52.857142857142854
Kolkata,2019-09-22,22.27,39.76,9.48,18.8,28.26,11.41,0.52,3.85,23.79,21.59,18.45,2.16,61.0,Satisfactory,2019-09-22,Satisfactory,51.0
Kolkata,2019-09-23,13.46,27.79,5.37,15.08,20.36,10.81,0.44,3.93,23.79,17.44,16.08,1.61,44.0,Good,2019-09-23,Good,49.714285714285715
Kolkata,2019-09-24,7.86,19.38,6.52,12.54,19.05,10.95,0.32,3.52,15.08,22.55,19.38,1.76,31.0,Good,2019-09-24,Good,47.714285714285715
Kolkata,2019-09-25,11.71,22.26,9.76,18.31,28.02,9.79,0.53,3.39,10.42,25.57,20.93,2.19,36.0,Good,2019-09-25,Good,47.57142857142857
Kolkata,2019-09-26,18.45,31.97,9.05,19.79,28.81,10.36,0.53,4.13,16.25,23.51,20.91,3.0,46.0,Good,2019-09-26,Good,49.42857142857143
Kolkata,2019-09-27,19.27,33.53,10.16,22.59,32.53,12.21,0.53,4.82,18.09,24.31,22.17,2.16,48.0,Good,2019-09-27,Good,48.57142857142857
Kolkata,2019-09-28,19.66,33.92,14.96,21.08,35.71,13.45,0.56,4.81,12.16,28.94,24.97,2.78,47.0,Good,2019-09-28,Good,44.714285714285715
Kolkata,2019-09-29,14.96,26.69,7.84,18.02,25.86,10.91,0.44,3.97,15.97,24.06,21.56,2.09,44.0,Good,2019-09-29,Good,42.285714285714285
Kolkata,2019-09-30,14.36,30.44,7.87,19.59,27.37,12.37,0.43,6.14,20.4,18.95,19.19,1.66,42.0,Good,2019-09-30,Good,42.0
Kolkata,2019-10-01,32.51,61.75,9.06,24.88,33.94,12.94,0.57,8.09,25.58,23.34,18.4,2.84,56.0,Satisfactory,2019-10-01,Satisfactory,45.57142857142857
Kolkata,2019-10-02,53.48,90.6,10.78,26.72,37.62,12.05,0.7,7.47,33.08,25.44,20.5,2.53,86.0,Satisfactory,2019-10-02,Satisfactory,52.714285714285715
Kolkata,2019-10-03,38.11,65.5,7.29,26.61,33.91,12.51,0.6,5.36,24.73,20.31,17.84,2.17,78.0,Satisfactory,2019-10-03,Satisfactory,57.285714285714285
Kolkata,2019-10-04,32.16,58.42,5.25,20.46,25.58,13.25,0.49,7.52,35.75,18.67,16.67,1.72,70.0,Satisfactory,2019-10-04,Satisfactory,60.42857142857143
Kolkata,2019-10-05,36.38,66.53,14.07,25.99,40.0,11.1,0.69,5.51,28.48,22.68,19.39,2.34,72.0,Satisfactory,2019-10-05,Satisfactory,64.0
Kolkata,2019-10-06,41.4,76.92,12.93,26.84,39.51,9.86,0.67,4.99,25.91,23.75,21.06,2.61,90.0,Satisfactory,2019-10-06,Satisfactory,70.57142857142857
Kolkata,2019-10-07,33.22,65.76,9.47,24.83,34.22,8.97,0.67,4.4,26.62,25.1,21.82,2.52,77.0,Satisfactory,2019-10-07,Satisfactory,75.57142857142857
Kolkata,2019-10-08,25.16,55.33,16.23,21.42,37.51,9.89,0.66,4.05,22.52,24.95,21.71,2.72,78.0,Satisfactory,2019-10-08,Satisfactory,78.71428571428571
Kolkata,2019-10-09,11.61,30.49,6.4,15.09,21.29,9.3,0.38,4.14,19.3,24.99,19.94,1.82,51.0,Satisfactory,2019-10-09,Satisfactory,73.71428571428571
Kolkata,2019-10-10,14.75,52.87,16.19,19.56,35.72,9.22,0.62,4.72,16.92,30.08,26.22,2.78,51.0,Satisfactory,2019-10-10,Satisfactory,69.85714285714286
Kolkata,2019-10-11,37.23,66.97,37.6,26.81,62.43,11.88,0.94,5.52,23.79,25.97,26.71,4.9,95.0,Satisfactory,2019-10-11,Satisfactory,73.42857142857143
Kolkata,2019-10-12,50.35,82.16,40.06,30.4,70.28,9.34,1.07,4.31,31.44,20.23,25.42,5.07,110.0,Moderate,2019-10-12,Moderate,78.85714285714286
Kolkata,2019-10-13,69.61,108.35,15.77,29.86,45.64,9.41,0.74,6.85,32.84,11.91,12.83,3.65,116.0,Moderate,2019-10-13,Moderate,82.57142857142857
Kolkata,2019-10-14,69.89,107.38,7.35,31.27,38.63,10.3,0.63,7.36,52.83,9.85,10.38,2.6,148.0,Moderate,2019-10-14,Moderate,92.71428571428571
Kolkata,2019-10-15,64.09,103.94,7.8,31.64,39.45,11.66,0.7,6.33,50.55,10.45,12.31,2.59,135.0,Moderate,2019-10-15,Moderate,100.85714285714286
Kolkata,2019-10-16,56.62,92.76,13.47,33.22,46.71,12.09,0.76,4.47,34.19,20.41,33.65,2.72,129.0,Moderate,2019-10-16,Moderate,112.0
Kolkata,2019-10-17,50.03,85.23,23.48,34.86,58.24,12.26,0.86,6.51,21.23,24.3,35.75,4.02,94.0,Satisfactory,2019-10-17,Satisfactory,118.14285714285714
Kolkata,2019-10-18,62.88,108.38,51.52,39.8,87.26,13.14,1.17,6.9,29.78,27.67,40.3,5.61,149.0,Moderate,2019-10-18,Moderate,125.85714285714286
Kolkata,2019-10-19,61.12,105.64,38.45,34.54,69.35,11.71,1.03,4.32,35.19,24.88,35.85,4.29,145.0,Moderate,2019-10-19,Moderate,130.85714285714286
Kolkata,2019-10-20,63.0,101.4,12.99,32.87,45.48,10.42,0.85,5.15,40.98,22.31,36.56,2.62,118.0,Moderate,2019-10-20,Moderate,131.14285714285714
Kolkata,2019-10-21,87.18,128.62,9.96,33.12,43.03,11.18,0.82,7.23,43.72,17.9,29.52,2.56,184.0,Moderate,2019-10-21,Moderate,136.28571428571428
Kolkata,2019-10-22,68.66,111.63,20.17,39.51,59.45,11.14,0.91,8.61,38.38,17.33,28.24,3.01,174.0,Moderate,2019-10-22,Moderate,141.85714285714286
Kolkata,2019-10-23,83.63,130.56,20.42,41.4,61.7,12.43,0.99,6.64,35.29,18.92,29.63,3.61,181.0,Moderate,2019-10-23,Moderate,149.28571428571428
Kolkata,2019-10-24,34.47,58.82,5.79,25.85,31.51,12.34,0.51,4.18,33.2,21.95,32.25,1.58,121.0,Moderate,2019-10-24,Moderate,153.14285714285714
Kolkata,2019-10-25,17.39,42.0,8.01,20.41,28.21,14.18,0.46,4.27,22.57,16.84,27.51,1.37,55.0,Satisfactory,2019-10-25,Satisfactory,139.71428571428572
Kolkata,2019-10-26,33.33,63.66,10.15,26.3,36.42,10.78,0.66,6.74,14.61,19.16,33.62,2.22,54.0,Satisfactory,2019-10-26,Satisfactory,126.71428571428571
Kolkata,2019-10-27,97.83,133.73,20.33,27.72,48.02,10.95,0.69,9.55,21.29,18.14,31.88,2.72,114.0,Moderate,2019-10-27,Moderate,126.14285714285714
Kolkata,2019-10-28,129.59,180.39,10.55,30.93,41.48,13.41,0.57,11.25,30.33,16.07,27.94,2.07,289.0,Poor,2019-10-28,Poor,141.14285714285714
Kolkata,2019-10-29,120.12,177.4,18.92,36.38,55.32,12.98,0.74,9.68,27.19,18.62,30.77,2.52,265.0,Poor,2019-10-29,Poor,154.14285714285714
Kolkata,2019-10-30,102.54,171.02,25.42,40.53,65.82,14.44,0.93,8.75,30.65,22.83,35.16,3.27,251.0,Poor,2019-10-30,Poor,164.14285714285714
Kolkata,2019-10-31,106.31,200.92,32.12,50.3,82.35,17.03,1.22,8.71,35.61,25.03,37.09,4.56,255.0,Poor,2019-10-31,Poor,183.28571428571428
Kolkata,2019-11-01,101.59,211.21,49.12,54.98,104.08,17.99,1.33,9.44,40.02,21.35,30.9,5.29,249.0,Poor,2019-11-01,Poor,211.0
Kolkata,2019-11-02,75.18,157.84,19.95,46.23,66.18,18.4,0.9,10.2,37.77,10.12,16.57,2.41,195.0,Moderate,2019-11-02,Moderate,231.14285714285714
Kolkata,2019-11-03,67.16,136.63,15.49,39.2,54.45,18.45,0.78,8.63,34.9,20.16,34.56,2.48,140.0,Moderate,2019-11-03,Moderate,234.85714285714286
Kolkata,2019-11-04,71.91,147.98,46.18,48.22,88.9,16.59,1.09,8.48,35.16,23.44,34.24,3.31,133.0,Moderate,2019-11-04,Moderate,212.57142857142858
Kolkata,2019-11-05,118.34,221.56,34.21,56.85,88.37,16.67,1.39,11.49,42.73,20.65,31.27,4.4,208.0,Poor,2019-11-05,Poor,204.42857142857142
Kolkata,2019-11-06,141.21,244.81,15.85,52.13,67.98,18.07,1.3,9.59,49.62,8.93,14.28,2.72,296.0,Poor,2019-11-06,Poor,210.85714285714286
Kolkata,2019-11-07,88.07,180.18,24.96,56.32,81.19,19.12,0.95,11.24,41.41,25.94,37.94,3.85,236.0,Poor,2019-11-07,Poor,208.14285714285714
Kolkata,2019-11-08,50.55,103.92,9.91,32.06,41.23,19.43,0.59,6.13,29.77,19.81,28.54,1.86,159.0,Moderate,2019-11-08,Moderate,195.28571428571428
Kolkata,2019-11-09,11.92,34.15,7.48,15.9,21.94,16.9,0.43,5.26,30.06,17.32,25.69,1.02,64.0,Satisfactory,2019-11-09,Satisfactory,176.57142857142858
Kolkata,2019-11-10,19.4,43.14,6.53,19.76,25.71,13.62,0.51,6.03,37.37,11.66,17.12,1.51,53.0,Satisfactory,2019-11-10,Satisfactory,164.14285714285714
Kolkata,2019-11-11,31.74,81.19,31.45,29.62,59.18,12.38,0.95,8.63,21.54,9.67,17.3,2.82,70.0,Satisfactory,2019-11-11,Satisfactory,155.14285714285714
Kolkata,2019-11-12,83.3,181.97,93.88,58.28,147.85,27.04,1.71,11.53,32.19,28.28,43.48,8.69,173.0,Moderate,2019-11-12,Moderate,150.14285714285714
Kolkata,2019-11-13,93.94,204.82,61.28,61.02,117.62,29.31,1.37,12.42,36.07,25.66,49.78,6.41,240.0,Poor,2019-11-13,Poor,142.14285714285714
Kolkata,2019-11-14,78.47,171.14,42.01,60.5,101.9,23.66,1.19,11.15,31.36,22.45,45.14,4.41,199.0,Moderate,2019-11-14,Moderate,136.85714285714286
Kolkata,2019-11-15,73.73,161.01,63.94,53.69,113.96,25.83,1.3,9.17,27.47,29.04,53.21,5.11,186.0,Moderate,2019-11-15,Moderate,140.71428571428572
Kolkata,2019-11-16,86.92,170.48,67.18,59.83,122.19,26.43,1.33,10.57,36.57,15.17,40.21,4.52,187.0,Moderate,2019-11-16,Moderate,158.28571428571428
Kolkata,2019-11-17,91.89,178.88,67.3,53.58,119.98,27.14,1.31,13.74,34.36,29.2,54.82,4.76,207.0,Poor,2019-11-17,Poor,180.28571428571428
Kolkata,2019-11-18,106.34,203.72,75.24,62.51,131.48,24.74,1.55,14.33,36.15,26.26,45.72,5.58,235.0,Poor,2019-11-18,Poor,203.85714285714286
Kolkata,2019-11-19,94.08,208.28,61.33,63.25,123.02,27.35,1.38,13.49,41.82,34.12,52.12,6.12,246.0,Poor,2019-11-19,Poor,214.28571428571428
Kolkata,2019-11-20,93.97,195.42,99.92,67.53,162.54,30.5,1.57,11.74,39.23,32.3,45.24,6.59,237.0,Poor,2019-11-20,Poor,213.85714285714286
Kolkata,2019-11-21,90.03,183.8,51.29,57.15,105.16,31.22,1.14,11.62,42.51,29.77,42.25,4.94,216.0,Poor,2019-11-21,Poor,216.28571428571428
Kolkata,2019-11-22,89.43,187.94,40.04,60.78,100.86,29.84,1.08,13.85,41.21,26.17,36.19,4.76,197.0,Moderate,2019-11-22,Moderate,217.85714285714286
Kolkata,2019-11-23,110.7,222.67,54.7,69.34,123.61,31.07,1.36,18.3,41.56,30.02,44.8,5.23,234.0,Poor,2019-11-23,Poor,224.57142857142858
Kolkata,2019-11-24,132.43,258.0,75.4,66.27,139.23,30.21,1.45,11.68,39.64,32.78,50.04,5.71,295.0,Poor,2019-11-24,Poor,237.14285714285714
Kolkata,2019-11-25,117.23,233.93,70.09,63.55,127.99,28.58,1.52,9.97,42.48,26.91,36.68,4.87,278.0,Poor,2019-11-25,Poor,243.28571428571428
Kolkata,2019-11-26,117.32,229.43,98.2,65.19,145.73,29.69,1.93,7.12,35.96,38.16,44.74,6.56,279.0,Poor,2019-11-26,Poor,248.0
Kolkata,2019-11-27,114.92,232.5,63.4,55.04,115.33,27.83,1.47,8.3,41.27,33.49,43.63,5.91,276.0,Poor,2019-11-27,Poor,253.57142857142858
Kolkata,2019-11-28,74.28,156.41,45.84,47.44,92.95,24.42,1.13,8.09,35.04,35.92,44.37,5.88,211.0,Poor,2019-11-28,Poor,252.85714285714286
Kolkata,2019-11-29,83.26,170.19,74.96,50.73,120.73,25.1,1.48,9.25,33.83,34.55,44.62,7.85,207.0,Poor,2019-11-29,Poor,254.28571428571428
Kolkata,2019-11-30,107.68,224.99,96.3,54.42,142.7,25.16,1.83,14.33,32.56,39.26,53.86,9.44,242.0,Poor,2019-11-30,Poor,255.42857142857142
Kolkata,2019-12-01,92.93,192.04,80.54,44.48,121.36,22.43,1.36,9.74,33.74,34.29,49.48,5.99,247.0,Poor,2019-12-01,Poor,248.57142857142858
Kolkata,2019-12-02,82.72,165.95,67.81,48.51,115.0,21.82,1.27,10.82,33.8,30.18,42.49,5.26,191.0,Moderate,2019-12-02,Moderate,236.14285714285714
Kolkata,2019-12-03,95.06,202.55,70.95,56.41,120.88,28.27,1.22,12.92,36.38,31.55,42.19,5.27,205.0,Poor,2019-12-03,Poor,225.57142857142858
Kolkata,2019-12-04,101.36,203.24,56.03,53.02,105.46,29.08,1.22,15.09,36.22,30.29,43.2,5.07,241.0,Poor,2019-12-04,Poor,220.57142857142858
Kolkata,2019-12-05,85.69,173.56,34.51,50.15,84.09,26.58,1.06,13.24,35.88,30.27,38.15,3.36,202.0,Poor,2019-12-05,Poor,219.28571428571428
Kolkata,2019-12-06,71.72,143.09,46.68,46.56,92.79,25.75,0.97,9.53,32.72,15.11,21.59,3.14,183.0,Moderate,2019-12-06,Moderate,215.85714285714286
Kolkata,2019-12-07,68.23,152.71,76.75,56.2,132.12,29.46,1.27,12.53,28.53,29.2,40.84,5.08,163.0,Moderate,2019-12-07,Moderate,204.57142857142858
Kolkata,2019-12-08,76.4,163.09,69.99,53.73,121.73,29.94,1.13,16.61,25.83,28.49,40.12,5.14,201.0,Poor,2019-12-08,Poor,198.0
Kolkata,2019-12-09,61.42,135.43,27.77,47.07,74.3,25.61,0.87,13.04,36.19,23.65,33.33,2.65,129.0,Moderate,2019-12-09,Moderate,189.14285714285714
Kolkata,2019-12-10,57.4,136.04,30.53,53.6,83.24,26.79,0.72,12.22,43.22,28.32,38.62,2.74,151.0,Moderate,2019-12-10,Moderate,181.42857142857142
Kolkata,2019-12-11,74.26,149.7,19.23,43.49,62.55,26.53,0.83,11.73,48.36,27.43,34.84,2.09,146.0,Moderate,2019-12-11,Moderate,167.85714285714286
Kolkata,2019-12-12,67.18,140.94,15.89,43.48,59.36,23.73,0.88,10.6,38.79,17.76,21.69,2.04,139.0,Moderate,2019-12-12,Moderate,158.85714285714286
Kolkata,2019-12-13,101.93,185.67,17.2,43.64,60.84,23.41,1.01,13.1,44.65,20.86,21.11,2.67,193.0,Moderate,2019-12-13,Moderate,160.28571428571428
Kolkata,2019-12-14,121.48,228.18,37.12,51.04,88.08,22.81,1.29,14.43,41.67,36.25,44.0,3.46,257.0,Poor,2019-12-14,Poor,173.71428571428572
Kolkata,2019-12-15,96.64,186.46,25.75,41.49,67.17,23.7,0.96,11.96,39.54,27.38,36.39,2.68,269.0,Poor,2019-12-15,Poor,183.42857142857142
Kolkata,2019-12-16,60.88,131.04,14.6,42.26,56.78,21.73,0.74,16.57,31.63,21.81,33.07,2.1,159.0,Moderate,2019-12-16,Moderate,187.71428571428572
Kolkata,2019-12-17,65.04,139.55,18.08,42.15,60.14,20.85,0.81,14.42,35.12,24.82,37.84,2.32,129.0,Moderate,2019-12-17,Moderate,184.57142857142858
Kolkata,2019-12-18,69.51,152.91,10.61,36.45,47.0,21.4,0.74,12.95,44.6,19.39,28.77,2.03,143.0,Moderate,2019-12-18,Moderate,184.14285714285714
Kolkata,2019-12-19,68.66,150.99,10.59,38.67,49.18,21.81,0.67,15.32,38.31,19.11,28.69,1.53,145.0,Moderate,2019-12-19,Moderate,185.0
Kolkata,2019-12-20,83.06,185.51,30.54,49.15,79.65,23.67,1.12,13.97,36.92,19.11,30.56,2.45,165.0,Moderate,2019-12-20,Moderate,181.0
Kolkata,2019-12-21,121.14,248.22,46.48,54.57,101.01,27.78,1.38,13.41,32.14,33.28,45.32,2.95,258.0,Poor,2019-12-21,Poor,181.14285714285714
Kolkata,2019-12-22,109.38,220.65,17.01,45.09,62.02,24.24,1.29,8.08,28.06,28.35,36.79,1.49,253.0,Poor,2019-12-22,Poor,178.85714285714286
Kolkata,2019-12-23,120.65,234.99,13.73,48.48,62.12,26.28,1.19,10.05,37.72,25.93,33.59,1.58,274.0,Poor,2019-12-23,Poor,195.28571428571428
Kolkata,2019-12-24,123.92,262.53,49.47,56.67,96.2,29.43,1.75,13.56,34.37,34.25,42.39,2.67,295.0,Poor,2019-12-24,Poor,219.0
Kolkata,2019-12-25,104.65,231.11,97.36,69.8,165.9,31.69,2.09,11.59,33.36,46.36,56.84,4.49,274.0,Poor,2019-12-25,Poor,237.71428571428572
Kolkata,2019-12-26,107.72,217.34,44.27,54.49,98.47,28.97,1.56,11.57,26.93,29.76,37.45,2.97,269.0,Poor,2019-12-26,Poor,255.42857142857142
Kolkata,2019-12-27,79.44,144.61,9.66,38.43,48.0,27.49,0.96,12.59,34.64,22.44,29.42,1.49,179.0,Moderate,2019-12-27,Moderate,257.42857142857144
Kolkata,2019-12-28,118.6,212.65,12.86,42.52,55.28,24.3,1.44,16.25,28.33,32.13,39.63,1.86,251.0,Poor,2019-12-28,Poor,256.42857142857144
Kolkata,2019-12-29,95.05,177.8,21.78,46.23,67.98,25.24,1.22,16.33,34.9,28.37,34.72,1.84,241.0,Poor,2019-12-29,Poor,254.71428571428572
Kolkata,2019-12-30,114.01,220.29,60.36,54.24,103.29,30.36,1.59,18.39,27.94,36.97,43.82,3.05,235.0,Poor,2019-12-30,Poor,249.14285714285714
Kolkata,2019-12-31,128.67,235.51,88.57,64.68,143.92,34.42,2.04,18.82,26.28,36.66,48.76,5.43,289.0,Poor,2019-12-31,Poor,248.28571428571428
Kolkata,2020-01-01,128.62,247.05,84.98,64.93,149.92,34.09,2.09,19.89,26.8,41.65,55.06,5.08,298.0,Poor,2020-01-01,Poor,251.71428571428572
Kolkata,2020-01-02,114.73,220.19,43.1,55.96,98.99,31.09,1.62,18.57,25.11,36.16,43.23,3.63,267.0,Poor,2020-01-02,Poor,251.42857142857142
Kolkata,2020-01-03,54.29,100.05,19.14,36.5,55.61,30.4,0.84,12.35,14.97,26.75,32.95,2.27,201.0,Poor,2020-01-03,Poor,254.57142857142858
Kolkata,2020-01-04,47.11,96.07,50.89,40.23,89.54,30.58,1.29,11.3,9.01,29.35,40.74,2.95,91.0,Satisfactory,2020-01-04,Satisfactory,231.71428571428572
Kolkata,2020-01-05,91.78,170.2,84.79,41.06,125.79,33.6,1.79,12.03,9.37,34.39,44.32,4.22,182.0,Moderate,2020-01-05,Moderate,223.28571428571428
Kolkata,2020-01-06,94.41,179.61,85.61,47.39,132.87,31.25,1.66,12.34,24.44,34.21,41.75,4.56,217.0,Poor,2020-01-06,Poor,220.71428571428572
Kolkata,2020-01-07,101.15,197.16,24.72,43.52,68.32,27.7,1.24,14.61,32.44,29.55,36.6,2.73,203.0,Poor,2020-01-07,Poor,208.42857142857142
Kolkata,2020-01-08,107.83,220.72,61.19,46.0,107.26,30.95,1.2,12.53,30.36,40.68,50.93,4.17,264.0,Poor,2020-01-08,Poor,203.57142857142858
Kolkata,2020-01-09,84.88,160.64,43.27,48.82,91.95,26.41,1.09,12.02,20.64,37.7,41.84,3.48,200.0,Moderate,2020-01-09,Moderate,194.0
Kolkata,2020-01-10,84.49,158.8,26.82,45.77,72.64,27.64,0.89,16.04,25.17,28.48,34.04,2.88,179.0,Moderate,2020-01-10,Moderate,190.85714285714286
Kolkata,2020-01-11,78.54,149.81,24.89,42.08,67.03,24.99,0.94,15.92,31.37,25.77,30.85,2.1,162.0,Moderate,2020-01-11,Moderate,201.0
Kolkata,2020-01-12,83.17,156.39,40.21,45.72,86.0,24.13,0.99,14.48,33.94,27.91,33.26,1.95,194.0,Moderate,2020-01-12,Moderate,202.71428571428572
Kolkata,2020-01-13,89.03,191.22,68.05,59.86,119.82,28.94,1.27,15.24,35.6,28.82,35.47,3.83,184.0,Moderate,2020-01-13,Moderate,198.0
Kolkata,2020-01-14,146.7,269.95,159.22,79.75,214.54,35.36,2.15,15.48,31.08,56.76,70.23,8.79,286.0,Poor,2020-01-14,Poor,209.85714285714286
Kolkata,2020-01-15,176.49,325.84,151.75,94.33,224.09,39.65,2.22,19.24,35.41,64.44,70.44,10.65,338.0,Very Poor,2020-01-15,Very Poor,220.42857142857142
Kolkata,2020-01-16,145.88,256.22,103.28,77.25,170.71,35.15,1.79,13.07,38.31,60.97,66.84,8.29,347.0,Very Poor,2020-01-16,Very Poor,241.42857142857142
Kolkata,2020-01-17,111.02,211.36,109.92,67.76,171.93,35.51,1.48,13.02,34.49,44.01,47.53,6.08,277.0,Poor,2020-01-17,Poor,255.42857142857142
Kolkata,2020-01-18,82.65,167.5,78.57,64.95,140.68,27.53,1.22,17.28,31.83,31.32,46.49,3.82,219.0,Poor,2020-01-18,Poor,263.57142857142856
Kolkata,2020-01-19,83.41,176.12,45.12,51.05,93.6,31.03,1.01,14.21,34.6,24.37,30.22,2.84,196.0,Moderate,2020-01-19,Moderate,263.85714285714283
Kolkata,2020-01-20,62.35,125.7,20.22,39.97,60.07,23.2,0.8,12.65,39.43,19.31,23.37,1.71,148.0,Moderate,2020-01-20,Moderate,258.7142857142857
Kolkata,2020-01-21,75.02,157.98,62.34,54.45,105.24,23.12,1.11,13.18,39.37,29.26,39.26,4.05,172.0,Moderate,2020-01-21,Moderate,242.42857142857142
Kolkata,2020-01-22,102.79,200.55,88.75,70.22,149.82,27.56,1.14,13.87,38.81,33.93,46.14,4.94,229.0,Poor,2020-01-22,Poor,226.85714285714286
Kolkata,2020-01-23,118.1,211.3,28.64,59.79,88.68,20.97,1.04,14.76,35.86,31.03,38.97,3.75,260.0,Poor,2020-01-23,Poor,214.42857142857142
Kolkata,2020-01-24,84.27,164.39,50.67,58.79,109.03,21.23,0.93,15.39,38.16,29.23,35.12,3.42,248.0,Poor,2020-01-24,Poor,210.28571428571428
Kolkata,2020-01-25,62.5,134.22,37.25,56.5,89.28,21.4,0.7,13.91,48.05,23.59,29.63,2.73,157.0,Moderate,2020-01-25,Moderate,201.42857142857142
Kolkata,2020-01-26,106.39,197.16,86.73,67.07,146.25,25.26,1.21,13.82,44.09,33.39,39.34,5.06,234.0,Poor,2020-01-26,Poor,206.85714285714286
Kolkata,2020-01-27,107.8,216.85,60.88,68.55,123.03,26.97,1.23,12.15,40.5,22.26,28.74,3.44,254.0,Poor,2020-01-27,Poor,222.0
Kolkata,2020-01-28,115.41,221.71,45.17,62.58,100.08,28.54,0.96,14.29,50.09,24.36,28.49,3.15,278.0,Poor,2020-01-28,Poor,237.14285714285714
Kolkata,2020-01-29,51.86,121.15,16.0,36.64,46.36,30.89,0.48,9.23,48.43,15.1,19.37,0.95,175.0,Moderate,2020-01-29,Moderate,229.42857142857142
Kolkata,2020-01-30,56.91,118.12,23.53,36.89,60.37,24.69,0.81,8.57,31.85,23.23,29.03,2.09,102.0,Moderate,2020-01-30,Moderate,206.85714285714286
Kolkata,2020-01-31,73.09,154.08,50.69,49.78,100.07,27.8,0.88,11.97,36.63,21.68,30.86,3.01,163.0,Moderate,2020-01-31,Moderate,194.71428571428572
Kolkata,2020-02-01,61.11,135.39,53.87,55.94,106.07,25.27,0.81,13.1,42.88,24.76,35.45,3.07,159.0,Moderate,2020-02-01,Moderate,195.0
Kolkata,2020-02-02,67.01,158.46,66.93,59.8,122.47,29.23,0.98,14.75,40.56,21.46,33.04,2.93,174.0,Moderate,2020-02-02,Moderate,186.42857142857142
Kolkata,2020-02-03,66.42,139.53,50.78,55.57,106.17,26.17,0.83,10.73,43.77,19.62,27.41,2.58,156.0,Moderate,2020-02-03,Moderate,172.42857142857142
Kolkata,2020-02-04,79.24,168.58,57.23,69.37,124.05,29.31,0.9,17.62,41.3,23.17,34.46,3.37,184.0,Moderate,2020-02-04,Moderate,159.0
Kolkata,2020-02-05,101.36,203.72,46.16,67.53,113.86,27.79,0.95,27.0,47.61,22.97,32.33,3.43,222.0,Poor,2020-02-05,Poor,165.71428571428572
Kolkata,2020-02-06,78.36,161.52,30.92,56.1,87.99,25.32,0.81,13.53,38.61,20.47,25.77,2.63,192.0,Moderate,2020-02-06,Moderate,178.57142857142858
Kolkata,2020-02-07,80.67,180.94,22.63,57.6,80.68,24.99,0.74,13.6,34.87,22.53,25.9,2.52,189.0,Moderate,2020-02-07,Moderate,182.28571428571428
Kolkata,2020-02-08,110.11,225.37,18.23,59.59,77.9,21.25,0.91,19.06,16.94,23.64,26.37,2.41,217.0,Poor,2020-02-08,Poor,190.57142857142858
Kolkata,2020-02-09,89.17,174.34,22.96,52.41,75.49,20.03,0.77,13.76,36.55,19.44,21.84,1.63,246.0,Poor,2020-02-09,Poor,200.85714285714286
Kolkata,2020-02-10,80.91,169.09,54.34,64.6,114.08,20.84,0.86,13.03,39.91,19.71,25.63,2.55,196.0,Moderate,2020-02-10,Moderate,206.57142857142858
Kolkata,2020-02-11,106.37,210.54,98.81,76.36,162.32,24.81,1.23,14.93,42.54,25.11,38.79,4.45,241.0,Poor,2020-02-11,Poor,214.71428571428572
Kolkata,2020-02-12,101.11,203.59,126.15,85.22,192.55,26.78,1.44,14.79,44.09,28.41,44.07,4.94,247.0,Poor,2020-02-12,Poor,218.28571428571428
Kolkata,2020-02-13,99.03,204.3,76.98,79.66,148.11,25.53,1.11,13.39,40.69,25.61,36.32,4.31,240.0,Poor,2020-02-13,Poor,225.14285714285714
Kolkata,2020-02-14,106.87,217.18,79.9,80.75,153.8,33.36,1.12,19.36,44.77,28.03,34.51,5.62,254.0,Poor,2020-02-14,Poor,234.42857142857142
Kolkata,2020-02-15,71.25,157.73,48.61,66.46,114.34,29.58,0.88,14.99,43.65,14.46,25.71,3.09,185.0,Moderate,2020-02-15,Moderate,229.85714285714286
Kolkata,2020-02-16,100.15,211.64,59.42,71.03,126.21,33.1,0.97,15.38,45.41,13.42,22.79,3.96,219.0,Poor,2020-02-16,Poor,226.0
Kolkata,2020-02-17,101.37,207.97,48.81,70.05,118.95,33.49,0.96,13.14,45.61,13.41,23.0,3.94,228.0,Poor,2020-02-17,Poor,230.57142857142858
Kolkata,2020-02-18,92.52,190.61,32.88,54.74,88.24,35.44,0.82,12.79,44.8,11.52,20.69,3.02,226.0,Poor,2020-02-18,Poor,228.42857142857142
Kolkata,2020-02-19,84.06,157.66,14.88,42.4,56.58,39.24,0.53,29.47,44.52,8.42,14.1,1.6,203.0,Poor,2020-02-19,Poor,222.14285714285714
Kolkata,2020-02-20,58.63,115.09,9.42,36.14,45.59,29.37,0.44,24.4,48.09,5.88,12.06,1.37,157.0,Moderate,2020-02-20,Moderate,210.28571428571428
Kolkata,2020-02-21,81.15,175.18,53.7,57.85,108.0,28.02,0.86,12.45,38.87,13.0,21.41,2.75,162.0,Moderate,2020-02-21,Moderate,197.14285714285714
Kolkata,2020-02-22,107.24,208.66,49.64,66.31,115.93,28.94,1.0,15.01,48.21,16.41,29.85,3.98,242.0,Poor,2020-02-22,Poor,205.28571428571428
Kolkata,2020-02-23,94.78,189.57,33.97,53.2,86.54,30.88,0.78,11.4,39.25,11.44,17.9,2.95,233.0,Poor,2020-02-23,Poor,207.28571428571428
Kolkata,2020-02-24,106.36,205.48,52.73,59.18,111.64,36.52,0.97,12.99,26.89,14.8,21.77,3.65,209.0,Poor,2020-02-24,Poor,204.57142857142858
Kolkata,2020-02-25,82.03,136.88,24.71,53.5,78.26,35.78,0.75,8.34,16.49,13.44,21.46,2.75,237.0,Poor,2020-02-25,Poor,206.14285714285714
Kolkata,2020-02-26,40.94,84.42,22.93,40.31,63.34,32.19,0.51,11.03,27.21,6.73,17.84,1.77,116.0,Moderate,2020-02-26,Moderate,193.71428571428572
Kolkata,2020-02-27,45.0,89.71,19.39,45.61,65.07,28.23,0.67,11.59,37.56,9.06,16.74,2.17,91.0,Satisfactory,2020-02-27,Satisfactory,184.28571428571428
Kolkata,2020-02-28,73.23,141.5,20.01,47.57,67.78,26.35,0.78,10.72,45.84,9.71,19.66,2.4,142.0,Moderate,2020-02-28,Moderate,181.42857142857142
Kolkata,2020-02-29,73.68,141.14,40.41,57.35,97.62,28.26,0.92,11.26,44.83,13.07,23.04,2.94,167.0,Moderate,2020-02-29,Moderate,170.71428571428572
Kolkata,2020-03-01,92.08,173.74,56.32,59.52,115.46,29.07,1.22,13.39,48.24,14.32,22.98,3.52,196.0,Moderate,2020-03-01,Moderate,165.42857142857142
Kolkata,2020-03-02,97.45,183.82,45.4,54.31,99.7,27.63,1.09,14.25,41.92,11.31,18.57,3.5,222.0,Poor,2020-03-02,Poor,167.28571428571428
Kolkata,2020-03-03,82.48,149.76,11.03,38.23,49.24,28.48,0.81,10.52,49.7,8.47,12.82,1.6,194.0,Moderate,2020-03-03,Moderate,161.14285714285714
Kolkata,2020-03-04,50.13,86.22,9.34,30.3,39.69,26.21,0.6,11.45,37.8,5.91,11.48,1.23,127.0,Moderate,2020-03-04,Moderate,162.71428571428572
Kolkata,2020-03-05,34.26,71.62,15.34,33.77,49.13,25.91,0.68,9.3,33.35,7.67,14.45,1.71,89.0,Satisfactory,2020-03-05,Satisfactory,162.42857142857142
Kolkata,2020-03-06,36.1,72.34,20.44,29.89,50.34,24.57,0.6,8.44,21.39,6.9,12.41,1.56,90.0,Satisfactory,2020-03-06,Satisfactory,155.0
Kolkata,2020-03-07,32.81,58.09,8.91,25.75,34.7,24.09,0.67,8.05,27.46,6.85,11.84,1.56,69.0,Satisfactory,2020-03-07,Satisfactory,141.0
Kolkata,2020-03-08,37.96,73.49,20.34,30.23,50.59,23.21,0.8,9.51,31.98,5.63,12.38,1.57,82.0,Satisfactory,2020-03-08,Satisfactory,124.71428571428571
Kolkata,2020-03-09,57.01,110.73,20.9,35.23,56.18,22.91,0.72,11.02,49.97,6.16,14.48,1.98,128.0,Moderate,2020-03-09,Moderate,111.28571428571429
Kolkata,2020-03-10,65.59,119.8,14.37,38.92,53.35,22.14,0.87,12.04,57.59,8.96,15.43,2.48,149.0,Moderate,2020-03-10,Moderate,104.85714285714286
Kolkata,2020-03-11,56.77,111.27,6.29,30.92,37.2,23.59,0.67,13.6,59.48,5.56,11.84,1.45,143.0,Moderate,2020-03-11,Moderate,107.14285714285714
Kolkata,2020-03-12,57.54,114.2,7.71,33.63,41.39,24.25,0.72,12.66,36.42,6.7,12.52,1.46,120.0,Moderate,2020-03-12,Moderate,111.57142857142857
Kolkata,2020-03-13,57.2,110.82,12.35,39.86,49.84,24.08,0.83,11.76,41.17,8.96,15.47,2.86,126.0,Moderate,2020-03-13,Moderate,116.71428571428571
Kolkata,2020-03-14,52.17,110.27,8.16,23.32,29.75,23.42,0.55,9.19,56.6,5.37,10.22,1.18,132.0,Moderate,2020-03-14,Moderate,125.71428571428571
Kolkata,2020-03-15,23.34,55.65,7.32,26.71,33.42,23.08,0.54,11.89,47.47,3.34,9.39,1.0,92.0,Satisfactory,2020-03-15,Satisfactory,127.14285714285714
Kolkata,2020-03-16,56.05,116.34,17.27,38.02,55.35,23.07,0.85,20.02,46.0,8.37,14.75,2.04,107.0,Moderate,2020-03-16,Moderate,124.14285714285714
Kolkata,2020-03-17,61.94,118.28,16.78,37.15,54.0,22.89,0.83,10.65,53.69,11.27,18.97,2.15,138.0,Moderate,2020-03-17,Moderate,122.57142857142857
Kolkata,2020-03-18,77.16,148.45,18.82,42.14,61.03,25.06,0.93,13.79,55.84,10.61,19.49,2.8,156.0,Moderate,2020-03-18,Moderate,124.42857142857143
Kolkata,2020-03-19,86.38,149.16,19.93,45.5,65.46,22.38,0.83,15.41,61.26,10.84,18.66,2.66,207.0,Poor,2020-03-19,Poor,136.85714285714286
Kolkata,2020-03-20,42.09,82.64,11.39,31.8,43.24,21.18,0.63,14.56,62.06,6.08,14.16,1.75,139.0,Moderate,2020-03-20,Moderate,138.71428571428572
Kolkata,2020-03-21,47.22,86.73,12.61,26.91,39.57,21.54,0.55,14.65,55.33,6.0,12.07,1.34,117.0,Moderate,2020-03-21,Moderate,136.57142857142858
Kolkata,2020-03-22,16.18,30.44,5.32,17.81,22.63,19.72,0.38,8.37,57.24,2.0,7.4,0.54,83.0,Satisfactory,2020-03-22,Satisfactory,135.28571428571428
Kolkata,2020-03-23,29.31,56.35,6.39,17.95,24.39,20.61,0.53,10.22,62.0,3.04,7.53,0.65,99.0,Satisfactory,2020-03-23,Satisfactory,134.14285714285714
Kolkata,2020-03-24,33.21,52.19,5.56,13.92,19.53,19.63,0.52,9.68,48.07,3.4,7.69,0.66,88.0,Satisfactory,2020-03-24,Satisfactory,127.0
Kolkata,2020-03-25,53.01,77.59,5.92,15.94,21.92,19.44,0.57,12.52,44.48,4.3,9.36,1.01,96.0,Satisfactory,2020-03-25,Satisfactory,118.42857142857143
Kolkata,2020-03-26,37.02,60.49,5.62,14.36,20.02,19.23,0.52,6.8,47.17,2.77,7.92,0.7,95.0,Satisfactory,2020-03-26,Satisfactory,102.42857142857143
Kolkata,2020-03-27,48.1,83.63,5.25,14.86,20.16,18.61,0.55,11.62,60.57,3.68,7.67,0.74,106.0,Moderate,2020-03-27,Moderate,97.71428571428571
Kolkata,2020-03-28,46.57,77.11,6.29,15.71,21.9,18.62,0.57,11.46,58.18,3.34,6.79,0.76,100.0,Satisfactory,2020-03-28,Satisfactory,95.28571428571429
Kolkata,2020-03-29,40.85,68.04,4.77,14.53,19.36,18.28,0.54,9.52,64.88,3.54,6.94,0.79,101.0,Moderate,2020-03-29,Moderate,97.85714285714286
Kolkata,2020-03-30,43.56,71.92,4.98,16.55,21.58,18.02,0.54,10.03,68.67,3.54,6.86,0.77,107.0,Moderate,2020-03-30,Moderate,99.0
Kolkata,2020-03-31,44.67,76.1,5.16,19.05,24.25,18.77,0.54,9.83,66.03,3.51,6.43,0.8,110.0,Moderate,2020-03-31,Moderate,102.14285714285714
Kolkata,2020-04-01,50.19,78.52,5.04,12.41,17.49,19.22,0.57,11.65,69.65,2.61,6.5,0.51,117.0,Moderate,2020-04-01,Moderate,105.14285714285714
Kolkata,2020-04-02,42.51,62.04,5.02,11.91,16.97,17.94,0.56,7.73,59.02,2.23,5.97,0.43,100.0,Satisfactory,2020-04-02,Satisfactory,105.85714285714286
Kolkata,2020-04-03,43.08,71.67,5.13,13.25,18.42,17.37,0.62,7.33,58.44,3.05,7.42,0.66,100.0,Satisfactory,2020-04-03,Satisfactory,105.0
Kolkata,2020-04-04,60.85,100.15,5.21,14.82,20.07,17.56,0.55,9.55,74.08,4.53,8.06,0.76,129.0,Moderate,2020-04-04,Moderate,109.14285714285714
Kolkata,2020-04-05,47.78,75.16,6.62,11.03,17.57,17.75,0.45,9.11,62.77,2.67,6.64,0.52,112.0,Moderate,2020-04-05,Moderate,110.71428571428571
Kolkata,2020-04-06,38.78,70.1,5.08,14.7,19.83,16.75,0.41,9.56,49.58,2.78,6.73,0.56,96.0,Satisfactory,2020-04-06,Satisfactory,109.14285714285714
Kolkata,2020-04-07,39.33,74.46,4.97,11.32,16.34,16.76,0.39,13.28,63.72,2.14,5.68,0.36,95.0,Satisfactory,2020-04-07,Satisfactory,107.0
Kolkata,2020-04-08,23.45,48.43,4.95,11.92,16.93,16.23,0.34,10.0,57.56,1.95,6.44,0.44,82.0,Satisfactory,2020-04-08,Satisfactory,102.0
Kolkata,2020-04-09,20.26,43.54,4.75,12.71,17.5,15.23,0.33,12.12,74.55,1.77,6.3,0.39,100.0,Satisfactory,2020-04-09,Satisfactory,102.0
Kolkata,2020-04-10,19.11,37.8,4.27,9.24,13.56,15.46,0.38,8.23,51.65,1.63,6.95,0.34,79.0,Satisfactory,2020-04-10,Satisfactory,99.0
Kolkata,2020-04-11,18.03,39.16,4.5,8.65,13.21,15.25,0.35,7.51,45.52,1.44,6.46,0.33,62.0,Satisfactory,2020-04-11,Satisfactory,89.42857142857143
Kolkata,2020-04-12,23.56,57.98,4.83,8.48,13.35,14.97,0.34,6.94,44.6,1.87,6.03,0.33,60.0,Satisfactory,2020-04-12,Satisfactory,82.0
Kolkata,2020-04-13,24.5,48.39,4.29,7.64,11.98,14.12,0.38,6.8,42.03,1.74,5.65,0.26,65.0,Satisfactory,2020-04-13,Satisfactory,77.57142857142857
Kolkata,2020-04-14,26.65,50.91,3.7,6.37,10.12,12.72,0.37,5.31,36.61,1.82,5.97,0.29,56.0,Satisfactory,2020-04-14,Satisfactory,72.0
Kolkata,2020-04-15,24.33,55.61,3.81,8.17,12.02,12.38,0.37,6.88,38.78,1.95,6.21,0.35,59.0,Satisfactory,2020-04-15,Satisfactory,68.71428571428571
Kolkata,2020-04-16,30.15,62.36,4.49,11.56,16.09,13.6,0.41,6.99,37.99,2.83,6.99,0.55,68.0,Satisfactory,2020-04-16,Satisfactory,64.14285714285714
Kolkata,2020-04-17,21.85,45.57,3.88,7.8,11.72,13.43,0.34,7.69,39.34,1.25,6.02,0.29,62.0,Satisfactory,2020-04-17,Satisfactory,61.714285714285715
Kolkata,2020-04-18,18.37,39.71,3.94,8.91,12.9,12.76,0.36,8.1,32.05,1.21,5.94,0.32,48.0,Good,2020-04-18,Good,59.714285714285715
Kolkata,2020-04-19,13.35,31.37,3.83,8.77,12.64,13.4,0.32,8.07,51.59,1.06,5.73,0.28,67.0,Satisfactory,2020-04-19,Satisfactory,60.714285714285715
Kolkata,2020-04-20,14.57,30.86,3.92,7.56,11.52,12.55,0.34,6.68,31.48,1.23,5.7,0.28,45.0,Good,2020-04-20,Good,57.857142857142854
Kolkata,2020-04-21,11.81,24.7,4.05,12.3,16.42,12.34,0.34,6.26,41.06,1.97,7.0,0.46,56.0,Satisfactory,2020-04-21,Satisfactory,57.857142857142854
Kolkata,2020-04-22,16.18,29.16,3.96,10.21,14.22,12.43,0.34,9.8,39.33,1.68,5.95,0.37,56.0,Satisfactory,2020-04-22,Satisfactory,57.42857142857143
Kolkata,2020-04-23,13.48,27.12,4.03,9.0,13.08,12.63,0.32,6.14,25.54,1.36,5.96,0.33,41.0,Good,2020-04-23,Good,53.57142857142857
Kolkata,2020-04-24,10.49,23.68,3.97,8.56,12.58,12.42,0.33,7.5,36.42,1.22,5.38,0.29,44.0,Good,2020-04-24,Good,51.0
Kolkata,2020-04-25,15.3,29.63,4.0,8.68,12.72,12.36,0.33,7.45,47.67,1.41,5.6,0.31,59.0,Satisfactory,2020-04-25,Satisfactory,52.57142857142857
Kolkata,2020-04-26,15.74,27.95,3.86,8.54,12.4,12.13,0.34,6.61,48.65,1.63,5.36,0.31,59.0,Satisfactory,2020-04-26,Satisfactory,51.42857142857143
Kolkata,2020-04-27,10.67,36.11,3.9,8.2,12.12,12.23,0.32,5.52,33.34,1.5,5.56,0.36,44.0,Good,2020-04-27,Good,51.285714285714285
Kolkata,2020-04-28,7.71,19.98,3.95,9.15,13.15,12.33,0.34,5.21,29.82,1.6,6.06,0.43,45.0,Good,2020-04-28,Good,49.714285714285715
Kolkata,2020-04-29,16.66,31.0,4.25,10.52,14.83,12.57,0.36,6.04,35.37,2.18,7.26,0.55,51.0,Satisfactory,2020-04-29,Satisfactory,49.0
Kolkata,2020-04-30,13.88,29.3,3.87,9.11,13.02,12.71,0.31,7.42,38.95,1.42,5.63,0.33,54.0,Satisfactory,2020-04-30,Satisfactory,50.857142857142854
Kolkata,2020-05-01,10.46,25.57,3.84,8.2,12.09,12.52,0.29,5.88,37.78,1.19,5.39,0.31,51.0,Satisfactory,2020-05-01,Satisfactory,51.857142857142854
Kolkata,2020-05-02,16.81,32.46,4.15,10.69,14.88,12.49,0.39,5.57,30.12,2.15,7.01,0.49,49.0,Good,2020-05-02,Good,50.42857142857143
Kolkata,2020-05-03,18.04,32.98,3.94,9.23,13.21,13.04,0.38,5.76,42.05,1.76,6.28,0.47,57.0,Satisfactory,2020-05-03,Satisfactory,50.142857142857146
Kolkata,2020-05-04,22.15,42.76,3.96,9.69,13.71,12.4,0.38,5.25,32.76,1.97,6.16,0.46,50.0,Good,2020-05-04,Good,51.0
Kolkata,2020-05-05,17.49,35.85,3.82,8.59,12.46,11.35,0.34,5.75,33.08,1.86,5.78,0.34,50.0,Good,2020-05-05,Good,51.714285714285715
Kolkata,2020-05-06,12.66,27.77,3.83,10.21,14.08,11.21,0.36,6.73,42.34,1.63,6.03,0.37,61.0,Satisfactory,2020-05-06,Satisfactory,53.142857142857146
Kolkata,2020-05-07,16.77,34.69,3.92,9.68,13.65,11.0,0.32,5.95,41.97,1.77,6.12,0.41,59.0,Satisfactory,2020-05-07,Satisfactory,53.857142857142854
Kolkata,2020-05-08,16.16,32.48,3.81,8.03,11.89,11.47,0.34,6.29,51.29,1.18,5.2,0.27,64.0,Satisfactory,2020-05-08,Satisfactory,55.714285714285715
Kolkata,2020-05-09,21.76,44.67,3.85,8.27,12.16,11.28,0.36,5.5,48.86,1.41,5.48,0.29,73.0,Satisfactory,2020-05-09,Satisfactory,59.142857142857146
Kolkata,2020-05-10,19.3,42.14,3.03,6.6,9.66,9.96,0.34,5.4,41.11,1.32,5.09,0.2,63.0,Satisfactory,2020-05-10,Satisfactory,60.0
Kolkata,2020-05-11,19.21,41.4,3.21,8.78,12.05,8.35,0.38,6.44,60.31,2.0,6.99,0.47,75.0,Satisfactory,2020-05-11,Satisfactory,63.57142857142857
Kolkata,2020-05-12,29.09,59.6,3.64,9.97,13.65,7.25,0.38,10.2,63.85,2.29,5.57,0.43,97.0,Satisfactory,2020-05-12,Satisfactory,70.28571428571429
Kolkata,2020-05-13,24.23,53.11,3.24,6.96,10.29,7.27,0.29,8.82,38.78,1.54,4.04,0.23,71.0,Satisfactory,2020-05-13,Satisfactory,71.71428571428571
Kolkata,2020-05-14,16.61,41.75,3.24,5.56,8.86,7.09,0.26,5.95,27.15,1.14,4.47,0.22,52.0,Satisfactory,2020-05-14,Satisfactory,70.71428571428571
Kolkata,2020-05-15,12.3,31.18,3.3,5.35,8.71,6.88,0.27,5.58,23.89,1.08,5.35,0.24,44.0,Good,2020-05-15,Good,67.85714285714286
Kolkata,2020-05-16,11.23,30.52,3.22,5.27,8.55,6.68,0.27,5.08,25.59,1.12,5.43,0.26,44.0,Good,2020-05-16,Good,63.714285714285715
Kolkata,2020-05-17,10.61,31.76,3.28,5.42,8.77,6.39,0.28,5.26,26.23,1.32,4.75,0.27,50.0,Good,2020-05-17,Good,61.857142857142854
Kolkata,2020-05-18,12.93,33.06,3.56,5.99,9.63,6.63,0.28,4.03,17.99,1.58,4.7,0.3,38.0,Good,2020-05-18,Good,56.57142857142857
Kolkata,2020-05-19,8.32,22.93,3.82,5.94,9.82,7.39,0.28,3.71,17.86,1.22,4.8,0.36,32.0,Good,2020-05-19,Good,47.285714285714285
Kolkata,2020-05-20,10.3,23.54,4.21,6.05,10.31,9.29,0.26,4.79,31.72,0.96,5.44,0.38,39.0,Good,2020-05-20,Good,42.714285714285715
Kolkata,2020-05-21,7.3,32.25,3.85,6.66,10.57,8.02,0.36,4.39,24.14,1.33,8.53,0.57,37.0,Good,2020-05-21,Good,40.57142857142857
Kolkata,2020-05-22,17.4,38.11,3.42,6.8,10.28,7.59,0.36,4.44,26.47,1.33,8.99,0.62,47.0,Good,2020-05-22,Good,41.0
Kolkata,2020-05-23,21.78,55.17,3.0,5.53,8.59,9.64,0.34,3.9,27.39,0.93,8.51,0.52,50.0,Good,2020-05-23,Good,41.857142857142854
Kolkata,2020-05-24,18.89,49.54,2.94,5.08,8.07,9.92,0.35,5.09,27.68,0.8,9.23,0.49,49.0,Good,2020-05-24,Good,41.714285714285715
Kolkata,2020-05-25,16.54,51.67,2.9,5.14,8.09,10.04,0.34,5.28,25.14,0.71,8.41,0.45,48.0,Good,2020-05-25,Good,43.142857142857146
Kolkata,2020-05-26,15.14,47.74,3.06,5.53,8.64,9.09,0.34,6.54,21.19,0.66,8.59,0.43,46.0,Good,2020-05-26,Good,45.142857142857146
Kolkata,2020-05-27,13.81,39.88,3.31,6.09,9.45,9.03,0.33,5.8,22.34,0.76,8.81,0.48,43.0,Good,2020-05-27,Good,45.714285714285715
Kolkata,2020-05-28,15.07,31.97,3.48,10.72,14.26,8.75,0.41,5.29,31.07,1.59,9.18,0.76,47.0,Good,2020-05-28,Good,47.142857142857146
Kolkata,2020-05-29,17.5,38.8,3.27,8.17,11.5,9.76,0.36,5.79,34.45,1.51,8.98,0.68,55.0,Satisfactory,2020-05-29,Satisfactory,48.285714285714285
Kolkata,2020-05-30,15.02,37.46,3.19,6.76,10.0,11.59,0.33,4.99,30.64,1.18,8.63,0.57,52.0,Satisfactory,2020-05-30,Satisfactory,48.57142857142857
Kolkata,2020-05-31,14.29,32.47,3.11,7.76,10.93,11.53,0.37,5.52,35.27,1.58,8.81,0.69,55.0,Satisfactory,2020-05-31,Satisfactory,49.42857142857143
Kolkata,2020-06-01,12.65,32.89,4.26,9.78,14.08,11.93,0.34,6.54,28.56,1.29,12.32,0.61,45.0,Good,2020-06-01,Good,49.0
Kolkata,2020-06-02,12.76,34.52,5.64,10.59,14.75,10.78,0.34,7.45,33.19,1.7,11.9,0.62,51.0,Satisfactory,2020-06-02,Satisfactory,49.714285714285715
Kolkata,2020-06-03,14.58,33.88,8.19,12.35,15.08,10.95,0.35,8.73,40.32,1.6,9.31,0.54,63.0,Satisfactory,2020-06-03,Satisfactory,52.57142857142857
Kolkata,2020-06-04,16.0,36.33,3.2,7.42,10.67,8.89,0.33,7.57,28.36,1.31,12.77,0.79,52.0,Satisfactory,2020-06-04,Satisfactory,53.285714285714285
Kolkata,2020-06-05,11.25,28.39,4.02,7.44,10.97,9.35,0.32,6.83,30.31,1.28,13.57,1.04,46.0,Good,2020-06-05,Good,52.0
Kolkata,2020-06-06,16.85,41.15,10.63,14.22,15.68,10.68,0.36,6.88,40.43,1.82,12.76,0.8,59.0,Satisfactory,2020-06-06,Satisfactory,53.0
Kolkata,2020-06-07,24.22,48.4,4.92,10.9,13.06,8.74,0.39,6.07,40.49,2.23,12.85,0.89,67.0,Satisfactory,2020-06-07,Satisfactory,54.714285714285715
Kolkata,2020-06-08,23.13,43.41,5.1,14.77,18.2,8.64,0.43,9.67,31.1,4.0,15.46,1.52,59.0,Satisfactory,2020-06-08,Satisfactory,56.714285714285715
Kolkata,2020-06-09,19.63,43.1,4.22,9.72,13.94,9.12,0.35,16.76,26.42,2.9,14.02,1.08,54.0,Satisfactory,2020-06-09,Satisfactory,57.142857142857146
Kolkata,2020-06-10,14.39,35.54,4.09,9.41,13.59,8.65,0.35,5.5,20.74,2.59,11.72,1.08,40.0,Good,2020-06-10,Good,53.857142857142854
Kolkata,2020-06-11,6.99,21.41,4.03,9.52,13.74,8.14,0.37,4.65,18.87,3.68,16.39,1.23,32.0,Good,2020-06-11,Good,51.0
Kolkata,2020-06-12,8.7,22.11,3.88,11.15,15.2,8.52,0.37,5.05,21.71,5.75,18.28,1.39,38.0,Good,2020-06-12,Good,49.857142857142854
Kolkata,2020-06-13,8.96,25.88,3.75,9.69,13.68,8.81,0.38,4.69,20.87,4.05,13.18,1.3,38.0,Good,2020-06-13,Good,46.857142857142854
Kolkata,2020-06-14,9.93,25.89,3.57,8.63,12.34,8.37,0.36,4.56,17.17,2.21,12.68,1.1,32.0,Good,2020-06-14,Good,41.857142857142854
Kolkata,2020-06-15,11.99,31.75,3.77,10.35,13.94,9.37,0.37,4.65,19.79,2.23,13.39,0.92,34.0,Good,2020-06-15,Good,38.285714285714285
Kolkata,2020-06-16,9.9,27.05,3.79,10.69,14.34,8.64,0.36,5.44,24.17,2.5,11.14,0.82,47.0,Good,2020-06-16,Good,37.285714285714285
Kolkata,2020-06-17,14.57,41.37,3.92,12.68,16.77,9.69,0.39,5.29,21.46,2.96,15.84,0.95,50.0,Good,2020-06-17,Good,38.714285714285715
Kolkata,2020-06-18,15.18,39.77,3.71,11.92,15.67,9.53,0.37,5.71,24.53,2.62,14.93,0.87,47.0,Good,2020-06-18,Good,40.857142857142854
Kolkata,2020-06-19,18.5,46.04,4.19,11.68,15.91,10.15,0.39,5.75,26.06,2.6,13.58,0.9,50.0,Good,2020-06-19,Good,42.57142857142857
Kolkata,2020-06-20,11.11,34.98,4.1,8.06,12.21,11.48,0.34,5.45,18.8,1.59,11.32,1.09,45.0,Good,2020-06-20,Good,43.57142857142857
Kolkata,2020-06-21,9.3,27.62,3.97,7.36,11.38,11.6,0.35,5.75,25.04,1.98,9.35,0.94,37.0,Good,2020-06-21,Good,44.285714285714285
Kolkata,2020-06-22,13.7,36.69,4.32,9.13,13.5,11.77,0.36,5.45,27.12,1.3,8.89,0.89,42.0,Good,2020-06-22,Good,45.42857142857143
Kolkata,2020-06-23,15.9,43.17,4.35,9.47,13.86,11.16,0.37,4.63,21.69,1.89,9.92,0.92,45.0,Good,2020-06-23,Good,45.142857142857146
Kolkata,2020-06-24,16.98,50.87,5.6,9.37,14.09,11.66,0.35,5.9,23.51,1.89,11.23,1.04,52.0,Satisfactory,2020-06-24,Satisfactory,45.42857142857143
Kolkata,2020-06-25,15.53,43.63,7.41,6.83,13.74,10.32,0.32,7.69,20.39,1.19,7.14,0.67,52.0,Satisfactory,2020-06-25,Satisfactory,46.142857142857146
Kolkata,2020-06-26,9.59,28.44,6.38,7.91,14.35,10.35,0.34,8.2,22.66,1.09,8.42,0.24,42.0,Good,2020-06-26,Good,45.0
Kolkata,2020-06-27,7.89,24.73,5.24,9.25,14.52,8.39,0.35,5.73,23.14,1.68,11.31,0.24,37.0,Good,2020-06-27,Good,43.857142857142854
Kolkata,2020-06-28,10.58,25.56,5.94,12.63,18.62,6.92,0.38,5.92,27.76,1.32,11.07,0.34,43.0,Good,2020-06-28,Good,44.714285714285715
Kolkata,2020-06-29,14.53,32.4,5.42,15.98,21.45,7.59,0.45,7.01,30.64,3.18,9.78,0.34,48.0,Good,2020-06-29,Good,45.57142857142857
Kolkata,2020-06-30,14.0,35.85,6.25,12.29,18.12,9.64,0.37,5.66,24.59,2.46,10.75,0.27,47.0,Good,2020-06-30,Good,45.857142857142854
Kolkata,2020-07-01,10.53,31.58,6.25,10.01,16.29,12.87,0.3,4.32,15.52,1.82,10.25,0.18,45.0,Good,2020-07-01,Good,44.857142857142854
Mumbai,2018-05-08,18.07,48.8,34.2,29.98,64.12,,1.36,19.58,35.44,0.35,,,82.0,Satisfactory,2018-05-08,Satisfactory,49.142857142857146
Mumbai,2018-05-09,18.55,62.07,34.5,28.9,63.4,,1.35,18.59,35.91,0.44,,,84.0,Satisfactory,2018-05-09,Satisfactory,55.142857142857146
Mumbai,2018-05-10,22.57,67.03,22.38,23.46,45.81,,1.3,21.3,37.26,0.32,,,77.0,Satisfactory,2018-05-10,Satisfactory,60.857142857142854
Mumbai,2018-05-11,23.57,71.8,21.08,25.71,46.8,,1.26,24.83,36.59,0.44,,,73.0,Satisfactory,2018-05-11,Satisfactory,65.14285714285714
Mumbai,2018-05-12,31.18,91.26,15.99,20.17,36.18,,1.23,25.71,33.41,0.24,,,86.0,Satisfactory,2018-05-12,Satisfactory,70.57142857142857
Mumbai,2018-05-13,24.22,79.1,36.41,30.02,66.43,,1.36,21.32,39.09,0.62,,,90.0,Satisfactory,2018-05-13,Satisfactory,76.71428571428571
Mumbai,2018-05-14,21.81,44.13,16.06,18.5,34.55,,1.25,22.25,36.71,0.35,,,70.0,Satisfactory,2018-05-14,Satisfactory,80.28571428571429
Mumbai,2018-05-15,14.93,52.51,15.19,18.23,33.43,,1.22,20.01,35.06,0.5,,,64.0,Satisfactory,2018-05-15,Satisfactory,77.71428571428571
Mumbai,2018-05-16,17.86,45.85,15.68,20.33,36.02,,1.21,20.6,30.81,0.46,,,64.0,Satisfactory,2018-05-16,Satisfactory,74.85714285714286
Mumbai,2018-05-17,24.73,74.2,14.94,18.24,33.18,,1.25,15.89,40.12,0.49,,,66.0,Satisfactory,2018-05-17,Satisfactory,73.28571428571429
Mumbai,2018-05-18,24.09,72.98,26.7,28.27,53.35,,1.27,20.46,39.23,0.68,,,85.0,Satisfactory,2018-05-18,Satisfactory,75.0
Mumbai,2018-05-19,23.97,88.35,25.5,23.79,49.3,,1.32,24.61,34.83,0.5,,,83.0,Satisfactory,2018-05-19,Satisfactory,74.57142857142857
Mumbai,2018-05-20,20.7,81.14,26.5,21.97,48.48,,1.34,22.61,45.24,0.35,,,90.0,Satisfactory,2018-05-20,Satisfactory,74.57142857142857
Mumbai,2018-05-21,19.01,79.33,14.42,19.69,34.1,,1.27,24.7,43.26,0.63,,,76.0,Satisfactory,2018-05-21,Satisfactory,75.42857142857143
Mumbai,2018-05-22,21.85,89.75,22.2,25.23,47.43,,1.32,22.67,44.85,0.63,,,90.0,Satisfactory,2018-05-22,Satisfactory,79.14285714285714
Mumbai,2018-05-23,24.32,93.09,14.02,15.9,31.4,,1.31,23.83,53.32,0.38,,,81.0,Satisfactory,2018-05-23,Satisfactory,81.57142857142857
Mumbai,2018-05-24,22.76,88.41,,16.0932,28.02,,1.19,20.43,50.68,0.49,,,92.0,Satisfactory,2018-05-24,Satisfactory,85.28571428571429
Mumbai,2018-05-25,15.38,56.32,,16.2864,23.02,,1.06,20.99,49.28,0.64,,,75.0,Satisfactory,2018-05-25,Satisfactory,83.85714285714286
Mumbai,2018-05-26,18.58,66.74,,16.4796,24.14,,1.09,22.34,50.69,0.3,,,51.0,Satisfactory,2018-05-26,Satisfactory,79.28571428571429
Mumbai,2018-05-27,15.53,18.64,,16.6728,27.73,,1.23,26.74,159.18,0.26,,,61.0,Satisfactory,2018-05-27,Satisfactory,75.14285714285714
Mumbai,2018-05-28,17.17,20.66315789473684,,16.866,104.17,,1.14,23.07,91.34,0.32,,,118.0,Moderate,2018-05-28,Moderate,81.14285714285714
Mumbai,2018-05-29,22.54,22.686315789473685,,17.0592,78.73,,1.16,19.44,72.08,0.34,,,115.0,Moderate,2018-05-29,Moderate,84.71428571428571
Mumbai,2018-05-30,18.79,24.709473684210526,,17.2524,44.37,,1.16,20.83,58.76,0.42,,,83.0,Satisfactory,2018-05-30,Satisfactory,85.0
Mumbai,2018-06-18,10.87,31.4,30.83,20.73,74.79,,1.45,24.73,30.8,1.04,,,125.0,Moderate,2018-06-18,Moderate,89.71428571428571
Mumbai,2018-06-19,15.87,43.53,30.34,27.43,57.08,,1.4,20.43,35.72,0.75,,,88.0,Satisfactory,2018-06-19,Satisfactory,91.57142857142857
Mumbai,2018-06-20,25.71,97.45,34.53,19.74,54.28,,1.42,19.86,39.04,0.51,,,82.0,Satisfactory,2018-06-20,Satisfactory,96.0
Mumbai,2018-06-21,22.86,82.67,12.38,9.35,21.72,,1.15,17.32,40.96,0.39,,,71.0,Satisfactory,2018-06-21,Satisfactory,97.42857142857143
Mumbai,2018-06-22,18.09,70.66,11.86,8.0,19.87,,1.19,18.99,44.93,0.63,,,75.0,Satisfactory,2018-06-22,Satisfactory,91.28571428571429
Mumbai,2018-06-23,17.52,61.23,41.22,22.69,63.92,,1.45,20.7,35.33,0.69,,,89.0,Satisfactory,2018-06-23,Satisfactory,87.57142857142857
Mumbai,2018-06-24,10.53,41.27,28.12,21.7,49.82,,1.35,19.23,38.32,0.51,,,91.0,Satisfactory,2018-06-24,Satisfactory,88.71428571428571
Mumbai,2018-06-25,13.38,55.71,13.15,9.81,22.96,,1.19,18.61,48.68,0.36,,,77.0,Satisfactory,2018-06-25,Satisfactory,81.85714285714286
Mumbai,2018-06-26,22.06,75.33,14.66,7.29,21.95,,1.17,18.95,33.79,0.39,,,68.0,Satisfactory,2018-06-26,Satisfactory,79.0
Mumbai,2018-06-27,18.54,71.0,12.86,14.83,24.8,,1.21,19.25,34.73,0.33,,,72.0,Satisfactory,2018-06-27,Satisfactory,77.57142857142857
Mumbai,2018-06-28,19.38,56.8,37.79,29.81,66.97,,1.4,19.79,31.45,0.66,,,80.0,Satisfactory,2018-06-28,Satisfactory,78.85714285714286
Mumbai,2018-06-29,18.39,67.13,58.8,23.55,82.36,,1.72,20.16,34.69,1.02,,,109.0,Moderate,2018-06-29,Moderate,83.71428571428571
Mumbai,2018-06-30,16.59,66.72,28.83,20.94,49.77,,1.49,16.63,28.51,0.62,,,78.0,Satisfactory,2018-06-30,Satisfactory,82.14285714285714
Mumbai,2018-07-01,13.0,48.23,28.19,21.22,49.41,,1.49,19.4,22.08,0.82,,,88.0,Satisfactory,2018-07-01,Satisfactory,81.71428571428571
Mumbai,2018-07-02,13.78,48.89,30.97,22.09,53.06,,1.37,15.46,22.38,0.55,,,77.0,Satisfactory,2018-07-02,Satisfactory,81.71428571428571
Mumbai,2018-07-03,18.5,65.24,37.75,25.39,63.13,,1.49,18.02,26.45,0.54,,,89.0,Satisfactory,2018-07-03,Satisfactory,84.71428571428571
Mumbai,2018-07-04,14.71,52.86,11.34,13.29,24.63,,1.17,15.13,29.09,0.27,,,75.0,Satisfactory,2018-07-04,Satisfactory,85.14285714285714
Mumbai,2018-07-05,14.11,73.45,11.07,13.32,24.39,,1.19,13.5,27.65,0.5,,,68.0,Satisfactory,2018-07-05,Satisfactory,83.42857142857143
Mumbai,2018-07-06,14.53,70.33,10.98,15.53,26.52,,1.17,12.65,26.26,0.41,,,72.0,Satisfactory,2018-07-06,Satisfactory,78.14285714285714
Mumbai,2018-07-07,12.84,56.35,17.38,22.11,38.35,,1.27,12.79,28.19,0.4,,,73.0,Satisfactory,2018-07-07,Satisfactory,77.42857142857143
Mumbai,2018-07-08,15.495,64.06,36.66,35.28,,,1.41,,,0.56,,,74.0,Satisfactory,2018-07-08,Satisfactory,75.42857142857143
Mumbai,2018-07-11,18.15,71.77,10.39,16.33,26.73,,1.17,14.69,27.8,0.42,,,67.0,Satisfactory,2018-07-11,Satisfactory,74.0
Mumbai,2018-07-12,15.31,69.04,10.59,16.32,26.92,,1.16,12.03,24.34,0.5,,,68.0,Satisfactory,2018-07-12,Satisfactory,71.0
Mumbai,2018-07-13,14.72,82.21,11.01,17.39,28.4,,1.23,11.33,25.82,0.5,,,72.0,Satisfactory,2018-07-13,Satisfactory,70.57142857142857
Mumbai,2018-07-14,19.26,93.35,10.72,16.22,26.96,,1.2,11.48,26.07,1.25,,,84.0,Satisfactory,2018-07-14,Satisfactory,72.85714285714286
Mumbai,2018-07-15,13.43,89.58,9.86,15.37,25.24,,1.16,11.5,33.28,0.58,,,60.0,Satisfactory,2018-07-15,Satisfactory,71.14285714285714
Mumbai,2018-07-16,15.67,77.37,10.53,16.43,26.96,,1.17,11.43,30.01,0.46,,,69.0,Satisfactory,2018-07-16,Satisfactory,70.57142857142857
Mumbai,2018-07-17,16.43,72.12,10.75,16.38,27.14,,1.22,11.99,28.73,0.52,,,80.0,Satisfactory,2018-07-17,Satisfactory,71.42857142857143
Mumbai,2018-07-18,23.32,60.58,9.09,17.66,26.75,,1.25,11.67,25.99,0.67,,,70.0,Satisfactory,2018-07-18,Satisfactory,71.85714285714286
Mumbai,2018-07-19,46.76,73.6,4.55,14.7,19.23,,1.2,9.71,24.56,0.72,,,82.0,Satisfactory,2018-07-19,Satisfactory,73.85714285714286
Mumbai,2018-07-20,16.52,67.74,10.53,18.31,28.85,,1.24,11.57,27.49,0.71,,,70.0,Satisfactory,2018-07-20,Satisfactory,73.57142857142857
Mumbai,2018-07-21,15.0,65.59,10.13,16.98,27.11,,1.04,12.14,29.34,0.6,,,66.0,Satisfactory,2018-07-21,Satisfactory,71.0
Mumbai,2018-07-22,15.37,58.9,10.26,16.35,26.61,,1.02,11.8,24.89,0.74,,,62.0,Satisfactory,2018-07-22,Satisfactory,71.28571428571429
Mumbai,2018-07-23,14.24,56.91,11.01,17.29,28.31,,1.07,11.66,26.77,0.24,,,63.0,Satisfactory,2018-07-23,Satisfactory,70.42857142857143
Mumbai,2018-07-24,15.24,53.79,13.13,16.18,29.31,,1.1,13.08,18.72,0.51,,,61.0,Satisfactory,2018-07-24,Satisfactory,67.71428571428571
Mumbai,2018-07-25,16.28,54.45,12.84,14.54,27.38,,1.05,12.86,22.01,0.59,,,61.0,Satisfactory,2018-07-25,Satisfactory,66.42857142857143
Mumbai,2018-07-26,15.88,62.28,16.02,13.72,29.75,,1.15,12.88,21.87,0.57,,,60.0,Satisfactory,2018-07-26,Satisfactory,63.285714285714285
Mumbai,2018-07-27,13.23,52.16,13.76,12.4,26.17,,1.14,12.25,22.52,0.53,,,63.0,Satisfactory,2018-07-27,Satisfactory,62.285714285714285
Mumbai,2018-07-28,14.11,53.33,15.2,12.74,27.95,,1.14,13.07,22.15,0.39,,,62.0,Satisfactory,2018-07-28,Satisfactory,61.714285714285715
Mumbai,2018-07-29,13.39,52.3,18.68,13.83,32.49,,1.05,14.99,21.91,0.44,,,62.0,Satisfactory,2018-07-29,Satisfactory,61.714285714285715
Mumbai,2018-07-30,15.45,50.4,14.19,11.65,25.84,,1.15,12.34,21.34,0.67,,,64.0,Satisfactory,2018-07-30,Satisfactory,61.857142857142854
Mumbai,2018-07-31,16.22,61.49,8.42,15.83,24.25,,1.23,9.29,24.03,0.39,,,44.0,Good,2018-07-31,Good,59.42857142857143
Mumbai,2018-08-01,14.71,65.57,8.07,15.46,23.54,,1.16,10.08,23.69,0.44,,,64.0,Satisfactory,2018-08-01,Satisfactory,59.857142857142854
Mumbai,2018-08-02,14.87,56.31,11.9,32.71,45.5,,1.2,20.19,33.07,1.02,,,84.0,Satisfactory,2018-08-02,Satisfactory,63.285714285714285
Mumbai,2018-08-03,17.72,48.66,12.25,48.29,58.01,,1.18,24.59,18.65,0.32,,,75.0,Satisfactory,2018-08-03,Satisfactory,65.0
Mumbai,2018-08-04,10.36,44.69,12.66,20.48,27.66,,1.19,10.93,28.24,0.27,,,65.0,Satisfactory,2018-08-04,Satisfactory,65.42857142857143
Mumbai,2018-08-05,9.21,41.44,15.48,22.23,37.71,,1.17,15.38,27.3,0.3,,,64.0,Satisfactory,2018-08-05,Satisfactory,65.71428571428571
Mumbai,2018-08-06,11.21,43.37,16.13,14.63,30.76,,1.2,12.42,27.19,0.36,,,66.0,Satisfactory,2018-08-06,Satisfactory,66.0
Mumbai,2018-08-07,12.65,51.97,14.45,20.24,34.7,,1.21,9.22,28.15,0.42,,,66.0,Satisfactory,2018-08-07,Satisfactory,69.14285714285714
Mumbai,2018-08-08,13.33,54.43,12.68,20.09,32.78,,1.2,9.64,26.99,0.29,,,67.0,Satisfactory,2018-08-08,Satisfactory,69.57142857142857
Mumbai,2018-08-09,11.61,46.49,13.13,31.78,44.92,,1.21,12.06,32.95,0.19,,,67.0,Satisfactory,2018-08-09,Satisfactory,67.14285714285714
Mumbai,2018-08-10,12.59,48.67,13.29,20.2,33.44,,1.22,10.6,35.23,0.3,,,69.0,Satisfactory,2018-08-10,Satisfactory,66.28571428571429
Mumbai,2018-08-11,11.7,40.69,14.08,21.17,35.26,,1.24,11.08,39.1,0.31,,,67.0,Satisfactory,2018-08-11,Satisfactory,66.57142857142857
Mumbai,2018-08-12,9.7,42.34,12.42,20.86,33.28,,1.22,11.92,38.31,0.29,,,67.0,Satisfactory,2018-08-12,Satisfactory,67.0
Mumbai,2018-08-13,12.94,45.15,13.18,17.76,30.93,,1.14,9.21,37.65,0.39,,,68.0,Satisfactory,2018-08-13,Satisfactory,67.28571428571429
Mumbai,2018-08-14,80.13,64.24,15.43,20.85,36.28,,0.91,11.77,39.5,0.33,,,107.0,Moderate,2018-08-14,Moderate,73.14285714285714
Mumbai,2018-08-15,26.83,90.14,16.22,22.03,38.26,,1.12,14.45,44.31,0.31,,,93.0,Satisfactory,2018-08-15,Satisfactory,76.85714285714286
Mumbai,2018-08-16,26.49,91.07,15.76,22.23,38.0,,1.1,11.49,41.44,0.43,,,90.0,Satisfactory,2018-08-16,Satisfactory,80.14285714285714
Mumbai,2018-08-17,23.72,74.6,14.51,21.08,35.6,,1.09,11.53,41.28,0.34,,,83.0,Satisfactory,2018-08-17,Satisfactory,82.14285714285714
Mumbai,2018-08-18,24.15,73.99,16.42,23.64,40.06,,1.06,14.13,41.67,0.33,,,74.0,Satisfactory,2018-08-18,Satisfactory,83.14285714285714
Mumbai,2018-08-19,22.94,84.4,15.52,19.22,34.74,,1.02,11.74,44.15,0.33,,,76.0,Satisfactory,2018-08-19,Satisfactory,84.42857142857143
Mumbai,2018-08-20,26.68,75.24,17.67,20.96,38.63,,0.99,11.84,37.31,0.32,,,81.0,Satisfactory,2018-08-20,Satisfactory,86.28571428571429
Mumbai,2018-08-21,30.76,69.36,18.75,24.6,43.35,,1.02,13.7,46.32,0.33,,,95.0,Satisfactory,2018-08-21,Satisfactory,84.57142857142857
Mumbai,2018-08-22,25.47,61.36,14.19,22.08,36.26,,1.03,15.21,47.18,0.38,,,64.0,Satisfactory,2018-08-22,Satisfactory,80.42857142857143
Mumbai,2018-08-23,23.11,62.32,16.75,26.84,43.6,,1.01,15.22,45.22,0.28,,,65.0,Satisfactory,2018-08-23,Satisfactory,76.85714285714286
Mumbai,2018-08-24,18.94,53.7,14.7,26.94,41.59,,1.18,12.06,48.58,0.25,,,65.0,Satisfactory,2018-08-24,Satisfactory,74.28571428571429
Mumbai,2018-08-25,25.28,55.95,14.09,26.13,40.23,,1.33,14.85,49.66,0.28,,,70.0,Satisfactory,2018-08-25,Satisfactory,73.71428571428571
Mumbai,2018-08-26,23.62,54.02,14.61,24.89,39.51,,1.36,14.8,55.14,0.5,,,72.0,Satisfactory,2018-08-26,Satisfactory,73.14285714285714
Mumbai,2018-08-27,26.46,65.51,36.47,30.42,66.89,,1.44,14.13,49.99,0.47,,,77.0,Satisfactory,2018-08-27,Satisfactory,72.57142857142857
Mumbai,2018-08-28,30.97,75.3,22.59,33.37,55.98,,1.39,9.51,54.83,0.4,,,100.0,Satisfactory,2018-08-28,Satisfactory,73.28571428571429
Mumbai,2018-08-29,28.58,70.91,10.63,32.46,43.09,,1.31,7.65,45.71,0.29,,,77.0,Satisfactory,2018-08-29,Satisfactory,75.14285714285714
Mumbai,2018-08-30,26.49,67.74,9.12,31.34,40.48,,1.29,11.08,47.01,0.47,,,71.0,Satisfactory,2018-08-30,Satisfactory,76.0
Mumbai,2018-08-31,25.69,61.92,12.02,29.3,41.33,,1.31,11.4,48.2,0.35,,,70.0,Satisfactory,2018-08-31,Satisfactory,76.71428571428571
Mumbai,2018-09-01,28.24,71.66,14.73,27.72,42.45,,1.31,13.66,44.98,0.3,,,71.0,Satisfactory,2018-09-01,Satisfactory,76.85714285714286
Mumbai,2018-09-02,24.03,56.21,13.42,25.98,39.41,,1.32,12.45,47.94,0.41,,,70.0,Satisfactory,2018-09-02,Satisfactory,76.57142857142857
Mumbai,2018-09-03,26.35,57.69,15.1,23.5,38.61,,1.31,15.45,49.4,0.29,,,69.0,Satisfactory,2018-09-03,Satisfactory,75.42857142857143
Mumbai,2018-09-04,23.49,54.7,17.67,20.7,38.38,,1.31,14.73,42.47,0.39,,,70.0,Satisfactory,2018-09-04,Satisfactory,71.14285714285714
Mumbai,2018-09-05,22.67,56.3,13.13,24.62,37.66,,1.23,14.35,46.98,0.39,,,68.0,Satisfactory,2018-09-05,Satisfactory,69.85714285714286
Mumbai,2018-09-06,25.5,60.73,10.1,26.53,35.96,,0.98,13.51,43.64,0.28,,,60.0,Satisfactory,2018-09-06,Satisfactory,68.28571428571429
Mumbai,2018-09-07,27.31,67.46,14.55,31.49,46.03,,0.97,15.23,39.31,0.42,,,65.0,Satisfactory,2018-09-07,Satisfactory,67.57142857142857
Mumbai,2018-09-08,26.77,64.56,13.03,30.32,43.35,,0.99,15.65,42.69,0.37,,,67.0,Satisfactory,2018-09-08,Satisfactory,67.0
Mumbai,2018-09-09,24.28,67.13,18.89,31.12,49.99,,1.1,16.27,39.83,0.97,,,70.0,Satisfactory,2018-09-09,Satisfactory,67.0
Mumbai,2018-09-10,21.84,63.71,55.28,26.24,80.08,,1.27,12.41,24.91,1.3,,,84.0,Satisfactory,2018-09-10,Satisfactory,69.14285714285714
Mumbai,2018-09-11,26.76,72.02,51.88,23.19,74.94,,1.55,13.9,22.46,0.99,,,106.0,Moderate,2018-09-11,Moderate,74.28571428571429
Mumbai,2018-09-12,21.64,53.58,31.75,21.46,53.21,,1.41,11.85,23.67,0.77,,,89.0,Satisfactory,2018-09-12,Satisfactory,77.28571428571429
Mumbai,2018-09-13,19.28,48.32,34.93,21.2,56.14,,1.44,17.7,25.68,0.84,,,82.0,Satisfactory,2018-09-13,Satisfactory,80.42857142857143
Mumbai,2018-09-14,23.52,57.14,37.65,22.87,60.46,,1.57,18.26,27.03,1.04,,,89.0,Satisfactory,2018-09-14,Satisfactory,83.85714285714286
Mumbai,2018-09-15,22.09,67.31,31.31,24.76,56.08,,1.77,17.79,30.62,1.83,,,102.0,Moderate,2018-09-15,Moderate,88.85714285714286
Mumbai,2018-09-16,25.6,76.8,29.74,25.68,55.42,,1.77,16.75,33.62,1.53,,,103.0,Moderate,2018-09-16,Moderate,93.57142857142857
Mumbai,2018-09-17,20.37,68.0,27.73,21.88,49.61,,1.62,13.13,30.21,0.91,,,93.0,Satisfactory,2018-09-17,Satisfactory,94.85714285714286
Mumbai,2018-09-18,25.51,78.16,30.13,22.65,52.76,,1.58,10.78,30.93,0.79,,,93.0,Satisfactory,2018-09-18,Satisfactory,93.0
Mumbai,2018-09-19,17.68,55.13,20.54,23.5,44.02,,1.39,10.29,28.35,0.54,,,78.0,Satisfactory,2018-09-19,Satisfactory,91.42857142857143
Mumbai,2018-09-20,25.44,91.8,33.4,26.19,59.59,,1.7,11.93,37.93,0.84,,,100.0,Satisfactory,2018-09-20,Satisfactory,94.0
Mumbai,2018-09-21,42.73,114.46,38.25,28.18,66.41,,1.92,14.14,43.7,1.41,,,113.0,Moderate,2018-09-21,Moderate,97.42857142857143
Mumbai,2018-09-22,31.22,59.71,16.24,21.98,38.19,,1.35,17.08,49.13,0.55,,,80.0,Satisfactory,2018-09-22,Satisfactory,94.28571428571429
Mumbai,2018-09-23,35.95,66.06,22.8,25.3,48.11,,1.5,18.69,45.84,0.56,,,82.0,Satisfactory,2018-09-23,Satisfactory,91.28571428571429
Mumbai,2018-09-24,33.06,70.44,33.91,23.98,57.89,,1.6,14.82,46.51,1.18,,,104.0,Moderate,2018-09-24,Moderate,92.85714285714286
Mumbai,2018-09-25,33.86,77.88,26.2,25.06,51.09,,1.55,14.14,36.72,0.62,,,92.0,Satisfactory,2018-09-25,Satisfactory,92.71428571428571
Mumbai,2018-09-26,32.52,71.2,22.16,29.12,51.22,,1.57,15.17,38.59,0.65,,,91.0,Satisfactory,2018-09-26,Satisfactory,94.57142857142857
Mumbai,2018-09-27,37.21,76.15,40.21,33.05,73.08,,1.58,13.64,49.45,0.84,,,90.0,Satisfactory,2018-09-27,Satisfactory,93.14285714285714
Mumbai,2018-09-28,44.86,107.68,51.26,37.4,88.2,,2.0,15.19,50.39,2.15,,,108.0,Moderate,2018-09-28,Moderate,92.42857142857143
Mumbai,2018-09-29,44.05,112.39,41.92,31.84,73.78,,1.94,17.12,47.98,1.42,,,106.0,Moderate,2018-09-29,Moderate,96.14285714285714
Mumbai,2018-09-30,54.77,141.2,44.46,32.42,76.87,,2.32,20.79,55.94,1.61,,,122.0,Moderate,2018-09-30,Moderate,101.85714285714286
Mumbai,2018-10-01,49.35,130.79,40.14,31.92,71.83,,2.21,16.35,46.39,2.06,,,128.0,Moderate,2018-10-01,Moderate,105.28571428571429
Mumbai,2018-10-02,49.52,116.69,44.32,36.92,81.23,,2.0,15.18,49.69,1.49,,,111.0,Moderate,2018-10-02,Moderate,108.0
Mumbai,2018-10-03,50.87,122.42,25.36,34.0,59.36,,1.95,15.28,60.44,1.86,,,122.0,Moderate,2018-10-03,Moderate,112.42857142857143
Mumbai,2018-10-04,43.4,99.57,23.44,29.79,53.24,,2.09,18.74,47.73,1.59,,,110.0,Moderate,2018-10-04,Moderate,115.28571428571429
Mumbai,2018-10-05,42.12,103.91,33.2,29.9,63.09,,2.14,15.77,41.95,1.69,,,106.0,Moderate,2018-10-05,Moderate,115.0
Mumbai,2018-10-06,48.16,122.98,39.6,29.55,69.14,,2.13,16.84,41.35,1.57,,,117.0,Moderate,2018-10-06,Moderate,116.57142857142857
Mumbai,2018-10-07,54.76,118.68,30.75,31.68,62.43,,1.89,22.58,52.25,1.03,,,112.0,Moderate,2018-10-07,Moderate,115.14285714285714
Mumbai,2018-10-08,48.6,106.14,24.79,31.1,55.91,,1.76,20.49,64.18,2.08,,,109.0,Moderate,2018-10-08,Moderate,112.42857142857143
Mumbai,2018-10-09,45.06,100.44,22.78,24.85,47.6,,1.75,20.02,66.08,1.72,,,103.0,Moderate,2018-10-09,Moderate,111.28571428571429
Mumbai,2018-10-10,42.82,100.02,31.63,27.69,57.87,,1.69,18.62,59.75,0.98,,,104.0,Moderate,2018-10-10,Moderate,108.71428571428571
Mumbai,2018-10-11,34.35,89.58,37.28,21.34,58.63,,1.66,16.7,66.49,0.74,,,100.0,Satisfactory,2018-10-11,Satisfactory,107.28571428571429
Mumbai,2018-10-12,44.57,118.82,35.41,31.55,66.67,,1.76,17.23,65.46,0.96,,,105.0,Moderate,2018-10-12,Moderate,107.14285714285714
Mumbai,2018-10-13,54.92,167.05,37.1,28.09,65.19,,1.91,17.81,74.19,1.74,,,136.0,Moderate,2018-10-13,Moderate,109.85714285714286
Mumbai,2018-10-14,48.18,166.65,43.01,30.08,73.09,,2.18,18.99,49.91,2.47,,,149.0,Moderate,2018-10-14,Moderate,115.14285714285714
Mumbai,2018-10-15,49.42,153.48,47.95,32.3,80.26,,2.34,20.27,51.95,1.86,,,135.0,Moderate,2018-10-15,Moderate,118.85714285714286
Mumbai,2018-10-16,54.25,158.76,48.94,33.31,82.26,,2.41,20.25,52.22,2.25,,,142.0,Moderate,2018-10-16,Moderate,124.42857142857143
Mumbai,2018-10-17,46.14,129.95,44.23,31.55,75.79,,1.96,18.33,52.39,3.02,,,130.0,Moderate,2018-10-17,Moderate,128.14285714285714
Mumbai,2018-10-18,26.07,71.72,42.65,29.06,71.72,,1.7,19.8,58.18,2.79,,,132.0,Moderate,2018-10-18,Moderate,132.71428571428572
Mumbai,2018-10-19,49.65,137.14,37.8,24.75,62.56,,1.54,25.03,71.31,0.78,,,150.0,Moderate,2018-10-19,Moderate,139.14285714285714
Mumbai,2018-10-24,45.04,153.14,41.17,19.69,60.86,,2.38,20.83,25.53,1.28,,,123.0,Moderate,2018-10-24,Moderate,137.28571428571428
Mumbai,2018-10-25,52.53,166.96,45.57,19.54,65.11,,2.59,21.41,26.01,1.43,,,146.0,Moderate,2018-10-25,Moderate,136.85714285714286
Mumbai,2018-10-26,39.38,115.93,35.15,19.51,54.67,,1.93,19.11,24.46,1.16,,,118.0,Moderate,2018-10-26,Moderate,134.42857142857142
Mumbai,2018-10-27,54.0,172.6,40.88,21.46,62.35,,2.65,21.75,27.42,2.39,,,136.0,Moderate,2018-10-27,Moderate,133.57142857142858
Mumbai,2018-10-28,45.16,140.85,,29.17,,,,,,,,,144.0,Moderate,2018-10-28,Moderate,135.57142857142858
Mumbai,2018-10-30,36.32,109.1,48.67,36.88,86.04,,1.87,18.0,32.52,1.04,,,110.0,Moderate,2018-10-30,Moderate,132.42857142857142
Mumbai,2018-10-31,41.76,111.56,36.52,38.88,75.41,,1.95,16.61,37.97,0.96,,,106.0,Moderate,2018-10-31,Moderate,126.14285714285714
Mumbai,2018-11-01,49.85,138.28,66.92,60.47,127.38,,2.1,16.34,39.87,2.77,,,141.0,Moderate,2018-11-01,Moderate,128.71428571428572
Mumbai,2018-11-02,41.8,120.59,61.25,58.64,119.9,,2.02,18.88,44.23,2.3,,,138.0,Moderate,2018-11-02,Moderate,127.57142857142857
Mumbai,2018-11-03,40.22,100.16,50.57,50.71,101.3,,1.95,14.27,41.95,2.07,,,132.0,Moderate,2018-11-03,Moderate,129.57142857142858
Mumbai,2018-11-04,37.39,78.33,27.56,30.41,57.99,,1.71,13.1,55.14,1.89,,,100.0,Satisfactory,2018-11-04,Satisfactory,124.42857142857143
Mumbai,2018-11-05,34.93,68.37,29.87,35.62,65.45,,1.74,19.92,43.27,1.72,,,102.0,Moderate,2018-11-05,Moderate,118.42857142857143
Mumbai,2018-11-06,65.23,152.2,52.23,41.32,93.55,,2.14,28.32,47.33,2.52,,,112.0,Moderate,2018-11-06,Moderate,118.71428571428571
Mumbai,2018-11-07,67.63,164.86,107.2,56.95,164.12,,2.32,28.2,37.62,2.57,,,184.0,Moderate,2018-11-07,Moderate,129.85714285714286
Mumbai,2018-11-08,130.47,276.46,75.54,67.3,142.85,,2.81,40.57,48.41,3.27,,,299.0,Poor,2018-11-08,Poor,152.42857142857142
Mumbai,2018-11-09,93.59,222.33,94.43,50.06,144.47,,2.76,39.24,45.71,3.26,,,195.0,Moderate,2018-11-09,Moderate,160.57142857142858
Mumbai,2018-11-10,122.18,272.19,128.76,39.76,168.54,,2.92,29.82,64.46,3.84,,,307.0,Very Poor,2018-11-10,Very Poor,185.57142857142858
Mumbai,2018-11-11,63.69,157.26,104.41,49.0,150.06,,2.65,25.82,66.27,3.23,,,179.0,Moderate,2018-11-11,Moderate,196.85714285714286
Mumbai,2018-11-12,56.06,149.49,72.48,44.82,117.3,,2.59,24.89,58.48,3.25,,,146.0,Moderate,2018-11-12,Moderate,203.14285714285714
Mumbai,2018-11-13,51.04,133.23,27.94,29.43,58.83,,2.1,24.14,67.98,2.28,,,123.0,Moderate,2018-11-13,Moderate,204.71428571428572
Mumbai,2018-11-14,48.02,132.29,52.75,37.39,90.14,,2.3,24.71,56.49,2.75,,,132.0,Moderate,2018-11-14,Moderate,197.28571428571428
Mumbai,2018-11-15,49.79,132.08,52.43,49.29,101.75,,2.33,23.56,64.87,2.86,,,122.0,Moderate,2018-11-15,Moderate,172.0
Mumbai,2018-11-16,51.3,136.44,64.48,59.6,124.09,,2.35,21.75,57.12,2.86,,,147.0,Moderate,2018-11-16,Moderate,165.14285714285714
Mumbai,2018-11-17,56.72,152.93,79.32,56.85,136.18,,2.75,21.46,57.58,3.33,,,150.0,Moderate,2018-11-17,Moderate,142.71428571428572
Mumbai,2018-11-18,65.09,171.12,63.09,42.15,105.25,,2.83,19.25,79.13,3.32,,,153.0,Moderate,2018-11-18,Moderate,139.0
Mumbai,2018-11-19,56.925,156.175,,40.394999999999996,,,,,,,,,145.0,Moderate,2018-11-19,Moderate,138.85714285714286
Mumbai,2018-11-24,48.76,141.23,46.23,38.64,84.87,,2.61,21.5,53.93,1.46,,,125.0,Moderate,2018-11-24,Moderate,139.14285714285714
Mumbai,2018-11-25,51.75,171.43,55.21,39.13,94.35,,2.89,21.99,64.37,2.05,,,145.0,Moderate,2018-11-25,Moderate,141.0
Mumbai,2018-11-26,63.19,179.98,57.34,38.66,96.0,,3.07,22.39,61.74,2.18,,,169.0,Moderate,2018-11-26,Moderate,147.71428571428572
Mumbai,2018-11-27,57.74,161.37,47.61,50.01,97.62,,2.87,18.53,51.25,1.45,,,143.0,Moderate,2018-11-27,Moderate,147.14285714285714
Mumbai,2018-11-28,55.7,175.73,47.11,49.82,96.93,,2.83,13.92,65.33,2.3,,,149.0,Moderate,2018-11-28,Moderate,147.0
Mumbai,2018-11-29,53.71,170.39,44.84,39.31,84.16,,2.85,14.99,65.15,2.04,,,146.0,Moderate,2018-11-29,Moderate,146.0
Mumbai,2018-11-30,56.87,175.08,40.31,37.29,77.61,,2.93,17.34,69.6,2.2,,,158.0,Moderate,2018-11-30,Moderate,147.85714285714286
Mumbai,2018-12-01,62.05,196.83,47.03,41.17,88.2,,3.02,17.4,63.12,2.21,,,154.0,Moderate,2018-12-01,Moderate,152.0
Mumbai,2018-12-02,62.82,202.58,46.9,36.12,83.02,,2.21,17.88,71.9,2.73,,,172.0,Moderate,2018-12-02,Moderate,155.85714285714286
Mumbai,2018-12-03,76.86,215.08,38.47,43.27,81.73,,1.89,16.39,74.46,2.22,,,174.0,Moderate,2018-12-03,Moderate,156.57142857142858
Mumbai,2018-12-04,65.54,187.09,54.68,60.53,115.22,,2.42,14.82,65.87,1.87,,,168.0,Moderate,2018-12-04,Moderate,160.14285714285714
Mumbai,2018-12-05,72.91,201.08,81.97,68.46,150.46,,3.26,15.46,75.06,2.09,,,163.0,Moderate,2018-12-05,Moderate,162.14285714285714
Mumbai,2018-12-06,70.04,170.19,64.5,56.0,120.51,,2.63,13.9,49.86,1.91,,,176.0,Moderate,2018-12-06,Moderate,166.42857142857142
Mumbai,2018-12-07,54.61,165.03,44.06,42.91,86.97,,2.06,19.62,44.72,1.75,,,140.0,Moderate,2018-12-07,Moderate,163.85714285714286
Mumbai,2018-12-08,63.47,193.53,47.32,46.77,94.1,,2.34,23.26,50.4,1.7,,,152.0,Moderate,2018-12-08,Moderate,163.57142857142858
Mumbai,2018-12-09,56.9,169.94,28.22,43.94,72.16,,2.12,22.11,50.29,2.04,,,158.0,Moderate,2018-12-09,Moderate,161.57142857142858
Mumbai,2018-12-10,51.82,151.5,21.34,45.25,66.57,,1.79,17.96,49.03,1.38,,,137.0,Moderate,2018-12-10,Moderate,156.28571428571428
Mumbai,2018-12-11,49.73,154.09,27.81,65.26,93.04,,1.91,18.87,43.06,1.28,,,138.0,Moderate,2018-12-11,Moderate,152.0
Mumbai,2018-12-12,38.67,121.78,32.36,57.01,89.14,,1.81,19.96,40.93,1.27,,,124.0,Moderate,2018-12-12,Moderate,146.42857142857142
Mumbai,2018-12-13,50.03,142.34,28.34,61.56,89.36,,1.81,22.04,45.61,1.46,,,117.0,Moderate,2018-12-13,Moderate,138.0
Mumbai,2018-12-14,61.98,148.08,47.78,50.13,97.88,,1.81,26.36,35.55,1.05,,,123.0,Moderate,2018-12-14,Moderate,135.57142857142858
Mumbai,2018-12-15,57.49,159.6,40.58,44.05,84.54,,1.87,29.7,38.71,1.01,,,136.0,Moderate,2018-12-15,Moderate,133.28571428571428
Mumbai,2018-12-16,56.54,155.32,30.17,36.6,66.74,,1.8,33.29,43.55,0.94,,,146.0,Moderate,2018-12-16,Moderate,131.57142857142858
Mumbai,2018-12-17,50.82,135.22,36.94,37.73,67.63,,1.7,23.54,43.0,1.01,,,128.0,Moderate,2018-12-17,Moderate,130.28571428571428
Mumbai,2018-12-18,63.59,165.21,58.47,49.72,105.66,,1.9,21.82,53.08,0.95,,,136.0,Moderate,2018-12-18,Moderate,130.0
Mumbai,2018-12-19,66.38,141.73,45.93,106.27,152.15,,1.97,20.37,49.9,1.46,,,174.0,Moderate,2018-12-19,Moderate,137.14285714285714
Mumbai,2018-12-20,50.75,130.15,34.57,70.55,104.68,,1.74,19.4,42.96,1.17,,,135.0,Moderate,2018-12-20,Moderate,139.71428571428572
Mumbai,2018-12-21,52.93,143.39,37.82,65.68,103.29,,1.9,17.82,47.82,1.66,,,123.0,Moderate,2018-12-21,Moderate,139.71428571428572
Mumbai,2018-12-22,74.39,180.07,80.57,73.65,154.21,,2.58,19.18,54.17,2.49,,,160.0,Moderate,2018-12-22,Moderate,143.14285714285714
Mumbai,2018-12-23,92.96,192.28,85.85,63.17,149.03,,2.65,21.36,53.27,1.95,,,197.0,Moderate,2018-12-23,Moderate,150.42857142857142
Mumbai,2018-12-24,96.74,221.61,68.31,60.1,128.11,,2.75,17.33,58.67,2.14,,,219.0,Poor,2018-12-24,Poor,163.42857142857142
Mumbai,2018-12-25,88.48,203.0,70.22,37.83,107.87,,2.72,22.33,60.08,1.88,,,210.0,Poor,2018-12-25,Poor,174.0
Mumbai,2018-12-26,68.03,137.58,32.12,49.5,80.71,,1.86,18.79,46.46,1.58,,,149.0,Moderate,2018-12-26,Moderate,170.42857142857142
Mumbai,2018-12-27,67.26,133.78,43.87,50.21,93.15,,1.81,22.18,33.39,3.54,,,119.0,Moderate,2018-12-27,Moderate,168.14285714285714
Mumbai,2018-12-28,69.88,152.97,56.22,52.64,108.22,,2.03,26.15,37.61,1.48,,,130.0,Moderate,2018-12-28,Moderate,169.14285714285714
Mumbai,2018-12-29,65.85,137.97,58.08,69.41,127.32,,2.05,26.23,37.22,1.55,,,143.0,Moderate,2018-12-29,Moderate,166.71428571428572
Mumbai,2018-12-30,81.14,159.39,76.01,66.55,142.56,,2.11,38.07,35.39,1.78,,,154.0,Moderate,2018-12-30,Moderate,160.57142857142858
Mumbai,2018-12-31,81.34,185.04,70.64,90.08,160.67,,2.57,27.19,38.87,2.21,,,188.0,Moderate,2018-12-31,Moderate,156.14285714285714
Mumbai,2019-01-01,79.78,221.85,62.98,66.11,129.08,,2.75,21.88,45.29,2.76,,,181.0,Moderate,2019-01-01,Moderate,152.0
Mumbai,2019-01-02,80.41,232.04,82.29,64.04,146.33,,3.14,26.7,53.3,3.04,,,175.0,Moderate,2019-01-02,Moderate,155.71428571428572
Mumbai,2019-01-03,103.76,295.76,83.94,58.71,142.66,,3.65,25.44,68.37,4.09,,,239.0,Poor,2019-01-03,Poor,172.85714285714286
Mumbai,2019-01-04,84.61,250.62,80.09,59.75,139.85,,3.5,23.0,68.82,3.37,,,221.0,Poor,2019-01-04,Poor,185.85714285714286
Mumbai,2019-01-05,75.92,216.49,61.9,64.59,126.48,,2.76,24.93,63.06,2.5,,,180.0,Moderate,2019-01-05,Moderate,191.14285714285714
Mumbai,2019-01-06,81.14,233.06,49.18,60.0,109.19,,2.76,21.49,62.05,2.2,,,183.0,Moderate,2019-01-06,Moderate,195.28571428571428
Mumbai,2019-01-07,52.78,164.07,41.1,67.79,99.42,,2.18,22.27,48.85,1.48,,,156.0,Moderate,2019-01-07,Moderate,190.71428571428572
Mumbai,2019-01-08,57.44,177.25,54.09,56.98,111.08,,2.75,32.25,67.66,2.44,,,156.0,Moderate,2019-01-08,Moderate,187.14285714285714
Mumbai,2019-01-09,71.68,199.89,57.69,48.59,106.29,,2.49,21.75,85.19,2.56,,,150.0,Moderate,2019-01-09,Moderate,183.57142857142858
Mumbai,2019-01-10,84.32,250.65,70.11,50.68,120.77,,3.01,18.86,69.71,3.2,,,199.0,Moderate,2019-01-10,Moderate,177.85714285714286
Mumbai,2019-01-11,85.51,240.04,77.9,47.07,124.97,,3.32,32.67,71.31,3.09,,,201.0,Poor,2019-01-11,Poor,175.0
Mumbai,2019-01-12,76.86,237.89,55.52,49.1,102.22,,2.76,34.55,78.82,2.55,,,187.0,Moderate,2019-01-12,Moderate,176.0
Mumbai,2019-01-13,75.79,235.95,63.0,35.42,98.42,,3.11,30.85,76.64,2.66,,,197.0,Moderate,2019-01-13,Moderate,178.0
Mumbai,2019-01-14,66.32,191.3,37.01,44.04,81.05,,2.37,25.59,72.08,1.57,,,163.0,Moderate,2019-01-14,Moderate,179.0
Mumbai,2019-01-15,68.1,188.89,52.24,50.99,103.22,,2.53,28.78,72.52,1.7,,,162.0,Moderate,2019-01-15,Moderate,179.85714285714286
Mumbai,2019-01-16,69.37,194.79,62.3,48.31,110.55,,2.56,27.31,65.72,1.9,,,162.0,Moderate,2019-01-16,Moderate,181.57142857142858
Mumbai,2019-01-17,83.31,245.52,118.84,48.1,166.94,,3.25,27.92,32.31,2.7,,,184.0,Moderate,2019-01-17,Moderate,179.42857142857142
Mumbai,2019-01-18,84.99,231.12,69.76,52.87,122.63,,2.99,26.39,32.51,2.18,,,200.0,Moderate,2019-01-18,Moderate,179.28571428571428
Mumbai,2019-01-19,82.07,254.54,94.63,50.15,144.78,,3.3,35.06,29.55,2.45,,,190.0,Moderate,2019-01-19,Moderate,179.71428571428572
Mumbai,2019-01-20,93.45,285.55,79.17,26.93,106.1,,3.34,35.52,33.76,3.13,,,234.0,Poor,2019-01-20,Poor,185.0
Mumbai,2019-01-21,51.0,132.19,38.08,17.6,55.68,,2.1,28.3,20.34,1.17,,,160.0,Moderate,2019-01-21,Moderate,184.57142857142858
Mumbai,2019-01-22,34.26,109.43,36.32,35.26,71.55,,1.94,22.76,25.59,1.03,,,114.0,Moderate,2019-01-22,Moderate,177.71428571428572
Mumbai,2019-01-23,26.04,113.83,26.82,41.97,68.62,,1.65,21.92,29.55,0.67,,,100.0,Satisfactory,2019-01-23,Satisfactory,168.85714285714286
Mumbai,2019-01-24,53.38,150.95,23.5,70.2,93.7,,1.78,18.37,37.42,0.7,,,125.0,Moderate,2019-01-24,Moderate,160.42857142857142
Mumbai,2019-01-25,47.4,135.35,22.96,79.41,102.36,,1.83,12.39,52.07,0.84,,,133.0,Moderate,2019-01-25,Moderate,150.85714285714286
Mumbai,2019-01-26,38.28,122.56,40.28,72.66,112.93,,1.84,12.89,54.64,0.91,,,131.0,Moderate,2019-01-26,Moderate,142.42857142857142
Mumbai,2019-01-27,36.88,117.84,17.56,68.41,85.97,,1.79,10.85,34.26,0.79,,,117.0,Moderate,2019-01-27,Moderate,125.71428571428571
Mumbai,2019-01-28,46.01,121.37,11.12,13.44,16.51,,2.29,12.57,35.58,1.4,,,112.0,Moderate,2019-01-28,Moderate,118.85714285714286
Mumbai,2019-01-29,47.42,125.09,40.19,38.05,78.24,,2.12,14.45,40.56,1.82,,,118.0,Moderate,2019-01-29,Moderate,119.42857142857143
Mumbai,2019-01-30,51.55,173.72,,34.69166666666666,,,2.83,17.46,48.14,2.19,,,150.0,Moderate,2019-01-30,Moderate,126.57142857142857
Mumbai,2019-01-31,51.24,174.07,,31.333333333333332,,,2.93,24.08,47.64,4.26,,,151.0,Moderate,2019-01-31,Moderate,130.28571428571428
Mumbai,2019-02-01,48.04,153.71,,27.974999999999998,,,2.3,17.87,59.04,1.68,,,146.0,Moderate,2019-02-01,Moderate,132.14285714285714
Mumbai,2019-02-02,50.63,184.82,,24.616666666666667,,,2.27,17.97,59.69,1.88,,,152.0,Moderate,2019-02-02,Moderate,135.14285714285714
Mumbai,2019-02-03,73.37,257.39,,21.258333333333333,,,3.21,22.13,72.76,3.42,,,186.0,Moderate,2019-02-03,Moderate,145.0
Mumbai,2019-02-04,66.26,217.26,54.58,17.9,72.48,,3.25,22.36,56.12,3.16,,,201.0,Poor,2019-02-04,Poor,157.71428571428572
Mumbai,2019-02-05,65.62,209.61,27.48,30.45,57.93,,2.73,19.76,70.86,2.9,,,164.0,Moderate,2019-02-05,Moderate,164.28571428571428
Mumbai,2019-02-06,43.34,146.7,38.78,23.77,62.55,,1.88,14.66,65.06,1.02,,,156.0,Moderate,2019-02-06,Moderate,165.14285714285714
Mumbai,2019-02-07,18.67,94.56,40.78,24.61,60.36,,1.59,12.31,44.44,0.59,,,103.0,Moderate,2019-02-07,Moderate,158.28571428571428
Mumbai,2019-02-08,52.26,203.43,50.54,36.41,86.93,,1.64,13.66,38.51,0.64,,,132.0,Moderate,2019-02-08,Moderate,156.28571428571428
Mumbai,2019-02-09,72.35,188.49,85.9,34.58,118.31,,2.0,20.72,32.65,1.26,,,170.0,Moderate,2019-02-09,Moderate,158.85714285714286
Mumbai,2019-02-10,86.52,222.61,31.02,30.53,61.57,,2.84,26.28,55.92,3.1,,,180.0,Moderate,2019-02-10,Moderate,158.0
Mumbai,2019-02-11,101.67,261.7,39.3,34.5,73.67,,3.17,25.97,69.16,2.93,,,213.0,Poor,2019-02-11,Poor,159.71428571428572
Mumbai,2019-02-12,94.74,221.18,95.62,45.67,141.28,,3.27,24.49,55.38,3.13,,,225.0,Poor,2019-02-12,Poor,168.42857142857142
Mumbai,2019-02-13,78.47,152.16,73.92,34.45,108.37,,2.6,21.96,56.51,2.46,,,190.0,Moderate,2019-02-13,Moderate,173.28571428571428
Mumbai,2019-02-14,49.64,100.42,59.57,32.54,92.13,,1.91,16.76,56.4,0.84,,,139.0,Moderate,2019-02-14,Moderate,178.42857142857142
Mumbai,2019-02-15,47.74,119.49,43.85,30.95,74.8,,1.86,15.42,68.09,0.92,,,118.0,Moderate,2019-02-15,Moderate,176.42857142857142
Mumbai,2019-02-16,52.57,130.57,64.01,37.75,101.77,,2.16,17.91,58.37,1.58,,,125.0,Moderate,2019-02-16,Moderate,170.0
Mumbai,2019-02-17,59.84,168.11,61.17,34.62,95.79,,2.37,19.85,90.64,1.69,,,165.0,Moderate,2019-02-17,Moderate,167.85714285714286
Mumbai,2019-02-18,54.99,136.62,47.99,32.21,80.21,,2.25,19.18,83.46,1.31,,,155.0,Moderate,2019-02-18,Moderate,159.57142857142858
Mumbai,2019-02-19,49.87,120.19,50.63,34.17,84.8,,2.19,18.32,76.99,1.29,,,143.0,Moderate,2019-02-19,Moderate,147.85714285714286
Mumbai,2019-02-20,64.73,182.68,58.01,28.4,86.42,,3.0,22.73,101.76,4.0,,,166.0,Moderate,2019-02-20,Moderate,144.42857142857142
Mumbai,2019-02-21,35.61,84.13,32.41,20.68,53.1,,1.67,17.0,70.35,0.49,,,114.0,Moderate,2019-02-21,Moderate,140.85714285714286
Mumbai,2019-02-22,38.3,103.84,37.16,21.65,58.81,,1.85,16.77,56.96,0.78,,,105.0,Moderate,2019-02-22,Moderate,139.0
Mumbai,2019-02-23,58.39,196.31,53.85,32.52,86.39,,2.51,21.28,78.9,1.92,,,156.0,Moderate,2019-02-23,Moderate,143.42857142857142
Mumbai,2019-02-24,31.67,126.11,41.11,22.27,63.4,,1.84,18.07,62.79,0.9,,,140.0,Moderate,2019-02-24,Moderate,139.85714285714286
Mumbai,2019-02-25,35.64,118.0,54.25,26.2,80.36,,1.97,15.66,57.0,0.98,,,119.0,Moderate,2019-02-25,Moderate,134.71428571428572
Mumbai,2019-02-26,27.8,116.06,45.93,24.5,70.45,,1.69,8.13,45.78,0.56,,,118.0,Moderate,2019-02-26,Moderate,131.14285714285714
Mumbai,2019-02-27,22.69,109.49,54.48,18.29,72.77,,1.72,7.67,37.63,0.78,,,108.0,Moderate,2019-02-27,Moderate,122.85714285714286
Mumbai,2019-02-28,49.14,133.69,57.22,13.9,71.12,,1.92,10.0,49.84,1.12,,,106.0,Moderate,2019-02-28,Moderate,121.71428571428571
Mumbai,2019-03-01,41.12,150.77,90.27,38.66,128.94,,2.35,17.55,70.34,2.53,,,159.0,Moderate,2019-03-01,Moderate,129.42857142857142
Mumbai,2019-03-02,49.77,203.42,108.87,35.35,144.24,,2.78,15.04,72.01,3.01,,,184.0,Moderate,2019-03-02,Moderate,133.42857142857142
Mumbai,2019-03-03,15.85,58.71,35.64,12.5,48.15,,1.64,7.53,63.43,0.43,,,114.0,Moderate,2019-03-03,Moderate,129.71428571428572
Mumbai,2019-03-04,16.82,81.35,41.82,7.43,49.26,,1.64,7.72,73.28,0.36,,,95.0,Satisfactory,2019-03-04,Satisfactory,126.28571428571429
Mumbai,2019-03-05,22.15,126.58,29.85,5.5,35.35,,1.54,6.83,76.26,0.31,,,106.0,Moderate,2019-03-05,Moderate,124.57142857142857
Mumbai,2019-03-06,23.44,92.09,37.33,10.1,47.44,,1.67,7.12,80.67,0.38,,,113.0,Moderate,2019-03-06,Moderate,125.28571428571429
Mumbai,2019-03-07,25.23,102.94,41.19,15.47,56.67,,1.75,7.22,80.8,0.6,,,113.0,Moderate,2019-03-07,Moderate,126.28571428571429
Mumbai,2019-03-08,29.13,108.52,40.93,17.87,58.8,,1.83,8.15,81.24,0.78,,,122.0,Moderate,2019-03-08,Moderate,121.0
Mumbai,2019-03-09,36.24,132.21,54.51,20.05,74.58,,2.14,10.39,89.05,1.0,,,151.0,Moderate,2019-03-09,Moderate,116.28571428571429
Mumbai,2019-03-10,30.19,158.13,51.19,17.41,68.6,,1.96,9.84,61.16,1.11,,,142.0,Moderate,2019-03-10,Moderate,120.28571428571429
Mumbai,2019-03-11,23.72,128.8,40.45,9.46,49.92,,1.67,7.23,46.22,0.58,,,127.0,Moderate,2019-03-11,Moderate,124.85714285714286
Mumbai,2019-03-12,21.02,92.1,36.52,9.01,45.54,,1.54,6.71,60.52,0.36,,,109.0,Moderate,2019-03-12,Moderate,125.28571428571429
Mumbai,2019-03-13,23.36,90.2,36.51,10.9,47.41,,1.58,7.4,97.63,0.39,,,142.0,Moderate,2019-03-13,Moderate,129.42857142857142
Mumbai,2019-03-14,21.54,99.26,42.4,14.7,57.1,,1.63,5.16,68.64,0.48,,,104.0,Moderate,2019-03-14,Moderate,128.14285714285714
Mumbai,2019-03-15,28.02,113.58,43.47,17.95,61.43,,1.73,4.28,85.43,0.62,,,124.0,Moderate,2019-03-15,Moderate,128.42857142857142
Mumbai,2019-03-16,39.49,158.64,62.31,25.05,87.36,,2.18,6.0,89.53,1.32,,,153.0,Moderate,2019-03-16,Moderate,128.71428571428572
Mumbai,2019-03-17,37.52,132.12,46.68,20.46,67.14,,1.93,4.04,87.21,0.92,,,135.0,Moderate,2019-03-17,Moderate,127.71428571428571
Mumbai,2019-03-18,40.68,145.41,59.73,23.59,83.33,,2.28,5.96,86.68,1.13,,,137.0,Moderate,2019-03-18,Moderate,129.14285714285714
Mumbai,2019-03-19,35.58,140.87,87.07,20.39,107.47,,2.34,7.17,57.91,1.56,,,140.0,Moderate,2019-03-19,Moderate,133.57142857142858
Mumbai,2019-03-20,27.08,92.8,54.25,10.65,64.89,,1.8,4.35,65.62,0.83,,,108.0,Moderate,2019-03-20,Moderate,128.71428571428572
Mumbai,2019-03-21,19.81,79.16,40.25,3.53,43.63,,1.58,3.2,55.06,0.41,,,98.0,Satisfactory,2019-03-21,Satisfactory,127.85714285714286
Mumbai,2019-03-22,18.03,65.91,46.92,7.2,54.07,,1.44,3.15,37.28,0.35,,,81.0,Satisfactory,2019-03-22,Satisfactory,121.71428571428571
Mumbai,2019-03-23,31.96,115.36,46.86,10.21,57.04,,1.44,3.86,51.37,0.75,,,90.0,Satisfactory,2019-03-23,Satisfactory,112.71428571428571
Mumbai,2019-03-24,49.58,188.42,69.57,20.72,90.3,,,5.64,66.28,1.68,,,149.0,Moderate,2019-03-24,Moderate,114.71428571428571
Mumbai,2019-03-25,55.04,206.24,85.62,34.94,120.57,,1.71,4.78,50.36,1.88,,,160.0,Moderate,2019-03-25,Moderate,118.0
Mumbai,2019-03-26,40.69,151.14,42.96,23.48,66.44,,1.71,1.22,35.31,1.16,,,147.0,Moderate,2019-03-26,Moderate,119.0
Mumbai,2019-03-27,34.51,127.47,26.75,10.1,36.82,,1.6,24.1,29.84,0.6,,,128.0,Moderate,2019-03-27,Moderate,121.85714285714286
Mumbai,2019-03-28,32.94,105.11,29.22,10.48,39.7,,1.61,42.91,32.64,1.35,,,111.0,Moderate,2019-03-28,Moderate,123.71428571428571
Mumbai,2019-03-29,29.55,100.84,20.58,5.19,25.73,,1.5,28.83,21.98,0.55,,,98.0,Satisfactory,2019-03-29,Satisfactory,126.14285714285714
Mumbai,2019-03-30,24.24,89.43,25.92,5.62,31.47,,1.49,28.87,17.4,0.73,,,101.0,Moderate,2019-03-30,Moderate,127.71428571428571
Mumbai,2019-03-31,18.43,90.53,27.07,5.77,32.73,,1.46,28.27,14.4,0.42,,,87.0,Satisfactory,2019-03-31,Satisfactory,118.85714285714286
Mumbai,2019-04-01,19.8,87.09,24.96,2.49,27.18,,1.43,29.66,13.07,0.82,,,90.0,Satisfactory,2019-04-01,Satisfactory,108.85714285714286
Mumbai,2019-04-02,22.9,89.81,21.03,18.8,39.82,,1.7,22.45,43.42,1.05,,,86.0,Satisfactory,2019-04-02,Satisfactory,100.14285714285714
Mumbai,2019-04-03,27.35,92.65,32.87,29.36,62.24,,1.79,22.97,35.71,0.55,,,138.0,Moderate,2019-04-03,Moderate,101.57142857142857
Mumbai,2019-04-04,16.91,66.3,33.32,19.55,52.88,,1.72,22.44,21.67,0.53,,,94.0,Satisfactory,2019-04-04,Satisfactory,99.14285714285714
Mumbai,2019-04-05,19.09,60.59,36.51,19.43,55.94,,1.76,22.69,25.83,0.57,,,94.0,Satisfactory,2019-04-05,Satisfactory,98.57142857142857
Mumbai,2019-04-06,17.84,66.09,43.1,21.09,64.19,,1.78,22.87,14.0,0.57,,,95.0,Satisfactory,2019-04-06,Satisfactory,97.71428571428571
Mumbai,2019-04-07,18.74,71.13,52.31,22.34,74.65,,1.85,23.04,15.02,1.02,,,98.0,Satisfactory,2019-04-07,Satisfactory,99.28571428571429
Mumbai,2019-04-08,16.1,59.23,44.91,21.77,66.69,,1.78,23.21,21.22,0.43,,,95.0,Satisfactory,2019-04-08,Satisfactory,100.0
Mumbai,2019-04-09,16.87,60.7,38.38,18.49,56.87,,1.73,23.29,22.29,0.58,,,93.0,Satisfactory,2019-04-09,Satisfactory,101.0
Mumbai,2019-04-10,14.22,52.28,40.36,17.8,58.16,,1.77,23.47,19.22,0.4,,,94.0,Satisfactory,2019-04-10,Satisfactory,94.71428571428571
Mumbai,2019-04-11,17.17,64.97,29.93,15.32,45.25,,1.74,22.99,20.81,0.32,,,92.0,Satisfactory,2019-04-11,Satisfactory,94.42857142857143
Mumbai,2019-04-12,22.32,76.97,44.14,20.93,65.09,,1.83,23.7,24.64,1.52,,,96.0,Satisfactory,2019-04-12,Satisfactory,94.71428571428571
Mumbai,2019-04-13,33.1,114.51,71.9,34.12,103.73,,2.06,25.33,25.95,0.84,,,109.0,Moderate,2019-04-13,Moderate,96.71428571428571
Mumbai,2019-04-14,22.7,83.82,48.02,30.65,78.67,,1.91,23.82,15.09,0.61,,,108.0,Moderate,2019-04-14,Moderate,98.14285714285714
Mumbai,2019-04-15,20.7,84.28,32.61,28.62,61.23,,1.88,22.74,35.39,0.98,,,102.0,Moderate,2019-04-15,Moderate,99.14285714285714
Mumbai,2019-04-16,27.28,106.52,35.04,24.92,59.96,,1.85,19.95,28.41,0.82,,,101.0,Moderate,2019-04-16,Moderate,100.28571428571429
Mumbai,2019-04-17,13.15,50.12,21.7,20.49,42.2,,1.69,19.47,19.05,0.17,,,93.0,Satisfactory,2019-04-17,Satisfactory,100.14285714285714
Mumbai,2019-04-18,21.44,88.17,37.19,34.18,71.36,,1.82,20.13,32.75,0.32,,,96.0,Satisfactory,2019-04-18,Satisfactory,100.71428571428571
Mumbai,2019-04-19,21.5,95.76,34.43,27.23,61.67,,1.84,20.07,21.3,0.37,,,99.0,Satisfactory,2019-04-19,Satisfactory,101.14285714285714
Mumbai,2019-04-20,22.27,75.24,49.89,34.26,84.15,,1.92,20.16,23.3,0.48,,,102.0,Moderate,2019-04-20,Moderate,100.14285714285714
Mumbai,2019-04-21,21.17,69.22,35.8,23.45,59.26,,1.89,20.28,14.96,0.57,,,100.0,Satisfactory,2019-04-21,Satisfactory,99.0
Mumbai,2019-04-22,20.98,75.94,38.67,27.14,65.82,,1.86,22.6,24.44,0.49,,,98.0,Satisfactory,2019-04-22,Satisfactory,98.42857142857143
Mumbai,2019-04-23,18.09,71.69,42.5,22.31,64.82,,1.84,24.63,32.45,0.27,,,97.0,Satisfactory,2019-04-23,Satisfactory,97.85714285714286
Mumbai,2019-04-24,16.24,67.42,26.75,14.65,41.4,,1.77,23.62,34.41,0.19,,,93.0,Satisfactory,2019-04-24,Satisfactory,97.85714285714286
Mumbai,2019-04-25,17.48,57.09,25.69,15.74,41.43,,1.76,22.37,31.8,0.19,,,90.0,Satisfactory,2019-04-25,Satisfactory,97.0
Mumbai,2019-04-26,17.19,74.24,28.67,18.72,47.4,,1.79,20.85,27.22,0.23,,,93.0,Satisfactory,2019-04-26,Satisfactory,96.14285714285714
Mumbai,2019-04-27,26.23,99.86,53.5,24.73,78.23,,1.94,24.2,22.74,0.47,,,100.0,Satisfactory,2019-04-27,Satisfactory,95.85714285714286
Mumbai,2019-04-28,23.77,99.29,29.63,27.13,57.84,,1.88,23.41,16.98,0.48,,,103.0,Moderate,2019-04-28,Moderate,96.28571428571429
Mumbai,2019-04-29,22.63,88.73,29.2,22.3,51.5,,1.85,23.8,15.57,0.3,,,97.0,Satisfactory,2019-04-29,Satisfactory,96.14285714285714
Mumbai,2019-04-30,21.86,85.4,31.26,19.2,50.47,,1.84,24.52,18.42,0.33,,,96.0,Satisfactory,2019-04-30,Satisfactory,96.0
Mumbai,2019-05-01,19.09,89.67,22.92,12.89,35.82,,1.77,23.3,12.82,0.15,,,90.0,Satisfactory,2019-05-01,Satisfactory,95.57142857142857
Mumbai,2019-05-02,21.65,114.38,22.82,13.17,36.0,,1.76,22.6,23.08,0.17,,,105.0,Moderate,2019-05-02,Moderate,97.71428571428571
Mumbai,2019-05-03,17.93,85.82,29.42,14.87,44.64,,1.8,19.09,11.7,0.34,,,97.0,Satisfactory,2019-05-03,Satisfactory,98.28571428571429
Mumbai,2019-05-04,16.54,76.05,27.84,16.35,44.2,,1.8,19.29,16.35,0.17,,,92.0,Satisfactory,2019-05-04,Satisfactory,97.14285714285714
Mumbai,2019-05-05,14.8,71.97,21.85,9.55,31.4,,1.79,19.68,17.61,0.16,,,91.0,Satisfactory,2019-05-05,Satisfactory,95.42857142857143
Mumbai,2019-05-06,15.73,61.85,30.79,12.71,43.5,,1.8,19.8,19.01,0.25,,,93.0,Satisfactory,2019-05-06,Satisfactory,94.85714285714286
Mumbai,2019-05-07,13.48,52.14,37.16,13.09,50.76,,1.82,21.62,21.85,0.29,,,95.0,Satisfactory,2019-05-07,Satisfactory,94.71428571428571
Mumbai,2019-05-08,12.89,47.56,23.64,9.3,32.94,,1.76,24.67,24.36,0.4,,,90.0,Satisfactory,2019-05-08,Satisfactory,94.71428571428571
Mumbai,2019-05-09,10.95,46.73,26.4,11.28,37.68,,1.76,24.3,11.22,0.29,,,91.0,Satisfactory,2019-05-09,Satisfactory,92.71428571428571
Mumbai,2019-05-10,12.8,49.69,23.09,11.68,34.78,,1.75,24.35,18.84,0.22,,,89.0,Satisfactory,2019-05-10,Satisfactory,91.57142857142857
Mumbai,2019-05-11,12.96,45.38,32.79,19.48,52.27,,1.78,24.31,16.01,0.25,,,93.0,Satisfactory,2019-05-11,Satisfactory,91.71428571428571
Mumbai,2019-05-12,14.62,62.45,36.73,18.89,55.62,,1.81,24.16,15.75,0.3,,,94.0,Satisfactory,2019-05-12,Satisfactory,92.14285714285714
Mumbai,2019-05-13,18.73,70.93,23.25,14.77,38.03,,1.77,24.34,15.94,0.21,,,92.0,Satisfactory,2019-05-13,Satisfactory,92.0
Mumbai,2019-05-14,15.43,64.72,35.17,16.34,51.52,,1.67,22.41,20.13,0.22,,,92.0,Satisfactory,2019-05-14,Satisfactory,91.57142857142857
Mumbai,2019-05-15,15.19,64.91,30.53,15.87,46.41,,1.45,22.61,22.69,0.28,,,80.0,Satisfactory,2019-05-15,Satisfactory,90.14285714285714
Mumbai,2019-05-16,16.01,58.49,25.31,14.07,39.38,,1.43,19.58,19.94,0.16,,,76.0,Satisfactory,2019-05-16,Satisfactory,88.0
Mumbai,2019-05-17,15.25,64.12,40.23,18.31,58.54,,1.5,18.85,14.32,0.23,,,79.0,Satisfactory,2019-05-17,Satisfactory,86.57142857142857
Mumbai,2019-05-18,16.14,74.72,54.67,20.05,74.73,,1.62,24.56,14.88,0.31,,,92.0,Satisfactory,2019-05-18,Satisfactory,86.42857142857143
Mumbai,2019-05-19,12.37,58.55,38.35,20.27,58.63,,1.54,23.69,15.65,0.25,,,83.0,Satisfactory,2019-05-19,Satisfactory,84.85714285714286
Mumbai,2019-05-20,12.04,58.33,31.5,16.87,48.37,,1.65,17.63,22.67,0.19,,,84.0,Satisfactory,2019-05-20,Satisfactory,83.71428571428571
Mumbai,2019-05-21,14.62,69.48,25.94,14.59,39.98,,1.79,11.05,15.14,0.19,,,92.0,Satisfactory,2019-05-21,Satisfactory,83.71428571428571
Mumbai,2019-05-22,11.08,45.31,20.11,12.09,32.21,,1.75,10.84,14.77,0.13,,,89.0,Satisfactory,2019-05-22,Satisfactory,85.0
Mumbai,2019-05-23,25.61,55.67,37.17,13.9,51.08,,1.78,11.83,17.17,0.17,,,93.0,Satisfactory,2019-05-23,Satisfactory,87.42857142857143
Mumbai,2019-05-24,16.84,79.74,32.58,12.8,45.39,,1.69,10.96,14.79,0.18,,,90.0,Satisfactory,2019-05-24,Satisfactory,89.0
Mumbai,2019-05-25,14.03,60.49,25.71,10.11,35.83,,1.41,12.41,26.22,0.11,,,75.0,Satisfactory,2019-05-25,Satisfactory,86.57142857142857
Mumbai,2019-05-26,17.07,76.72,28.86,9.62,38.49,,1.36,15.93,23.81,0.16,,,71.0,Satisfactory,2019-05-26,Satisfactory,84.85714285714286
Mumbai,2019-05-27,18.11,86.81,29.58,9.78,39.36,,1.45,14.91,23.04,0.14,,,86.0,Satisfactory,2019-05-27,Satisfactory,85.14285714285714
Mumbai,2019-05-28,16.57,72.77,30.56,9.8,40.36,,1.76,11.23,19.96,0.16,,,90.0,Satisfactory,2019-05-28,Satisfactory,84.85714285714286
Mumbai,2019-05-29,14.93,60.16,25.94,9.83,35.78,,1.7,11.33,26.66,0.92,,,91.0,Satisfactory,2019-05-29,Satisfactory,85.14285714285714
Mumbai,2019-05-30,12.88,48.56,26.93,9.69,36.62,,1.39,11.02,19.95,0.28,,,73.0,Satisfactory,2019-05-30,Satisfactory,82.28571428571429
Mumbai,2019-05-31,13.92,48.68,31.28,11.04,42.32,,1.45,13.74,31.89,0.23,,,76.0,Satisfactory,2019-05-31,Satisfactory,80.28571428571429
Mumbai,2019-06-01,12.38,45.97,32.6,14.13,46.54,,1.58,16.05,24.38,0.23,,,81.0,Satisfactory,2019-06-01,Satisfactory,81.14285714285714
Mumbai,2019-06-02,12.49,43.71,32.2,13.65,45.85,,1.6,16.32,24.89,0.24,,,81.0,Satisfactory,2019-06-02,Satisfactory,82.57142857142857
Mumbai,2019-06-03,16.91,45.9,26.45,11.69,38.15,7.21,1.29,13.11,24.56,0.23,,,81.0,Satisfactory,2019-06-03,Satisfactory,81.85714285714286
Mumbai,2019-06-04,14.51,49.54,16.3,7.05,23.25,7.47,0.68,7.54,18.91,0.92,,,66.0,Satisfactory,2019-06-04,Satisfactory,78.42857142857143
Mumbai,2019-06-05,16.41,53.63,12.61,6.38,18.98,8.87,0.63,9.08,17.04,0.62,,,64.0,Satisfactory,2019-06-05,Satisfactory,74.57142857142857
Mumbai,2019-06-06,12.41,57.2,17.28,8.5,25.75,10.61,0.58,9.9,18.84,1.16,,,65.0,Satisfactory,2019-06-06,Satisfactory,73.42857142857143
Mumbai,2019-06-07,12.86,65.7,23.87,11.45,35.29,11.13,0.5,10.37,17.37,1.88,,,72.0,Satisfactory,2019-06-07,Satisfactory,72.85714285714286
Mumbai,2019-06-08,14.42,77.47,25.34,11.93,36.46,9.55,0.52,8.74,18.69,1.77,,,77.0,Satisfactory,2019-06-08,Satisfactory,72.28571428571429
Mumbai,2019-06-09,16.3,85.38,27.75,11.54,38.53,8.39,0.55,9.59,15.94,1.71,,,86.0,Satisfactory,2019-06-09,Satisfactory,73.0
Mumbai,2019-06-10,18.41,75.69,27.33,20.97,48.3,16.2,0.68,9.76,22.76,2.26,,,87.0,Satisfactory,2019-06-10,Satisfactory,73.85714285714286
Mumbai,2019-06-11,18.13,50.39,22.23,28.04,50.27,18.1,0.7,9.34,30.22,3.18,,,90.0,Satisfactory,2019-06-11,Satisfactory,77.28571428571429
Mumbai,2019-06-12,15.48,46.88,25.57,19.26,44.77,17.14,0.63,9.46,20.67,2.3,,,71.0,Satisfactory,2019-06-12,Satisfactory,78.28571428571429
Mumbai,2019-06-13,13.64,57.28,21.6,15.52,36.51,15.49,0.53,8.57,21.85,1.31,,,61.0,Satisfactory,2019-06-13,Satisfactory,77.71428571428571
Mumbai,2019-06-14,15.87,56.1,23.48,13.6,36.99,14.05,0.53,9.5,13.58,2.08,,,69.0,Satisfactory,2019-06-14,Satisfactory,77.28571428571429
Mumbai,2019-06-15,13.97,48.22,23.56,14.4,37.27,13.96,0.51,10.38,12.83,2.05,,,62.0,Satisfactory,2019-06-15,Satisfactory,75.14285714285714
Mumbai,2019-06-16,11.64,55.6,17.38,9.91,26.09,10.25,0.33,9.73,14.62,0.97,,,58.0,Satisfactory,2019-06-16,Satisfactory,71.14285714285714
Mumbai,2019-06-17,12.33,59.29,17.32,9.55,26.02,9.36,0.44,10.37,14.3,0.98,,,60.0,Satisfactory,2019-06-17,Satisfactory,67.28571428571429
Mumbai,2019-06-18,14.3,52.99,17.55,11.91,29.1,8.75,0.51,10.39,14.79,1.09,,,65.0,Satisfactory,2019-06-18,Satisfactory,63.714285714285715
Mumbai,2019-06-19,14.45,56.82,22.59,13.23,34.57,9.6,0.53,10.8,12.38,1.69,,,61.0,Satisfactory,2019-06-19,Satisfactory,62.285714285714285
Mumbai,2019-06-20,15.98,82.29,27.03,11.25,35.37,8.91,0.48,10.9,13.0,1.41,,,80.0,Satisfactory,2019-06-20,Satisfactory,65.0
Mumbai,2019-06-21,16.49,78.83,26.62,11.72,35.38,9.47,0.46,11.22,12.15,1.78,,,82.0,Satisfactory,2019-06-21,Satisfactory,66.85714285714286
Mumbai,2019-06-22,19.33,88.55,25.32,13.33,35.7,10.41,0.46,11.19,13.26,1.71,,,84.0,Satisfactory,2019-06-22,Satisfactory,70.0
Mumbai,2019-06-23,18.81,88.85,22.83,13.27,33.94,9.22,0.43,11.77,13.74,1.32,,,90.0,Satisfactory,2019-06-23,Satisfactory,74.57142857142857
Mumbai,2019-06-24,20.36,80.85,20.8,15.53,36.33,8.51,0.54,12.04,13.16,1.69,,,92.0,Satisfactory,2019-06-24,Satisfactory,79.14285714285714
Mumbai,2019-06-25,17.72,53.76,30.17,14.17,44.24,12.19,0.52,11.48,14.9,3.62,,,71.0,Satisfactory,2019-06-25,Satisfactory,80.0
Mumbai,2019-06-26,15.04,49.61,27.65,13.16,40.77,12.07,0.47,11.63,13.43,2.06,,,63.0,Satisfactory,2019-06-26,Satisfactory,80.28571428571429
Mumbai,2019-06-27,10.52,31.79,29.74,14.18,43.92,12.66,0.51,10.94,13.41,3.15,,,60.0,Satisfactory,2019-06-27,Satisfactory,77.42857142857143
Mumbai,2019-06-28,7.2,31.49,21.04,11.4,32.43,8.71,0.44,9.39,16.47,1.49,,,59.0,Satisfactory,2019-06-28,Satisfactory,74.14285714285714
Mumbai,2019-06-29,10.31,34.34,19.59,15.26,34.84,7.86,0.49,9.21,19.59,1.46,,,63.0,Satisfactory,2019-06-29,Satisfactory,71.14285714285714
Mumbai,2019-06-30,11.91,39.11,22.59,15.23,35.8,7.93,0.53,9.42,14.72,1.76,,,59.0,Satisfactory,2019-06-30,Satisfactory,66.71428571428571
Mumbai,2019-07-01,8.73,24.69,21.26,17.34,38.51,7.62,0.55,11.08,17.01,1.5,,,59.0,Satisfactory,2019-07-01,Satisfactory,62.0
Mumbai,2019-07-02,9.86,21.58,27.78,19.56,47.34,11.71,0.59,12.53,14.59,1.72,,,61.0,Satisfactory,2019-07-02,Satisfactory,60.57142857142857
Mumbai,2019-07-03,13.44,31.61,37.74,17.27,54.8,12.88,0.62,13.27,12.88,4.07,,,67.0,Satisfactory,2019-07-03,Satisfactory,61.142857142857146
Mumbai,2019-07-04,16.28,43.96,44.97,14.32,58.4,10.29,0.72,12.93,12.16,2.91,,,68.0,Satisfactory,2019-07-04,Satisfactory,62.285714285714285
Mumbai,2019-07-05,13.97,53.1,31.89,13.72,44.87,11.0,0.57,12.61,12.64,2.19,,,84.0,Satisfactory,2019-07-05,Satisfactory,65.85714285714286
Mumbai,2019-07-06,10.48,46.43,20.99,11.91,30.74,7.73,0.42,11.13,14.05,1.11,,,57.0,Satisfactory,2019-07-06,Satisfactory,65.0
Mumbai,2019-07-07,17.65,82.39,20.06,9.3,29.25,5.74,0.42,11.35,15.25,1.69,,,76.0,Satisfactory,2019-07-07,Satisfactory,67.42857142857143
Mumbai,2019-07-08,9.78,54.07,22.01,12.64,34.24,6.49,0.44,11.47,14.2,2.13,,,84.0,Satisfactory,2019-07-08,Satisfactory,71.0
Mumbai,2019-07-09,10.49,45.85,18.6,10.51,28.55,6.16,0.41,10.75,14.75,1.09,,,61.0,Satisfactory,2019-07-09,Satisfactory,71.0
Mumbai,2019-07-10,8.69,28.14,25.96,12.99,38.82,6.27,0.47,9.36,12.85,1.9,,,59.0,Satisfactory,2019-07-10,Satisfactory,69.85714285714286
Mumbai,2019-07-11,11.0,49.5,28.42,10.58,37.52,8.24,0.41,7.28,12.22,2.11,,,67.0,Satisfactory,2019-07-11,Satisfactory,69.71428571428571
Mumbai,2019-07-12,11.6,48.04,24.42,11.89,35.3,6.75,0.44,7.21,13.87,2.13,,,72.0,Satisfactory,2019-07-12,Satisfactory,68.0
Mumbai,2019-07-13,11.06,44.93,25.43,11.47,36.87,5.61,0.44,7.38,11.65,1.71,,,63.0,Satisfactory,2019-07-13,Satisfactory,68.85714285714286
Mumbai,2019-07-14,9.18,43.54,26.83,9.99,36.79,5.43,0.44,8.0,13.45,1.74,,,65.0,Satisfactory,2019-07-14,Satisfactory,67.28571428571429
Mumbai,2019-07-15,10.76,57.0,22.66,9.99,32.65,6.57,0.43,8.18,13.18,1.88,,,66.0,Satisfactory,2019-07-15,Satisfactory,64.71428571428571
Mumbai,2019-07-16,11.46,51.18,28.27,9.44,37.71,7.03,0.45,8.32,11.87,1.63,,,66.0,Satisfactory,2019-07-16,Satisfactory,65.42857142857143
Mumbai,2019-07-17,14.55,59.21,27.74,9.47,37.14,11.05,0.49,8.6,12.26,2.68,,,69.0,Satisfactory,2019-07-17,Satisfactory,66.85714285714286
Mumbai,2019-07-18,14.07,62.65,24.18,11.3,35.47,14.42,0.46,9.19,12.41,1.95,,,70.0,Satisfactory,2019-07-18,Satisfactory,67.28571428571429
Mumbai,2019-07-19,18.79,78.75,28.95,13.24,42.14,17.49,0.51,10.0,12.25,2.08,,,77.0,Satisfactory,2019-07-19,Satisfactory,68.0
Mumbai,2019-07-20,18.67,57.53,32.17,16.96,49.09,17.58,0.62,9.35,12.88,2.7,,,78.0,Satisfactory,2019-07-20,Satisfactory,70.14285714285714
Mumbai,2019-07-21,22.6,48.5,33.18,19.66,52.83,16.54,0.71,9.54,16.46,2.69,,,79.0,Satisfactory,2019-07-21,Satisfactory,72.14285714285714
Mumbai,2019-07-22,11.58,32.14,21.45,16.13,37.5,16.04,0.55,8.73,17.35,2.18,,,64.0,Satisfactory,2019-07-22,Satisfactory,71.85714285714286
Mumbai,2019-07-23,7.33,25.93,22.41,15.21,37.59,14.29,0.4,8.17,15.68,2.67,,,55.0,Satisfactory,2019-07-23,Satisfactory,70.28571428571429
Mumbai,2019-07-24,7.93,22.05,22.44,13.77,36.2,13.52,0.28,7.67,15.25,2.83,,,51.0,Satisfactory,2019-07-24,Satisfactory,67.71428571428571
Mumbai,2019-07-25,14.23,42.48,26.43,13.12,39.55,13.69,0.31,8.02,14.15,3.44,,,56.0,Satisfactory,2019-07-25,Satisfactory,65.71428571428571
Mumbai,2019-07-26,11.83,41.53,21.56,10.47,32.01,12.09,0.27,8.06,14.63,3.58,,,59.0,Satisfactory,2019-07-26,Satisfactory,63.142857142857146
Mumbai,2019-07-27,11.84,43.68,17.04,10.49,26.48,10.02,0.43,7.62,17.47,2.08,,,56.0,Satisfactory,2019-07-27,Satisfactory,60.0
Mumbai,2019-07-28,14.16,53.66,17.06,9.9,25.59,9.87,0.46,8.41,16.94,2.15,,,61.0,Satisfactory,2019-07-28,Satisfactory,57.42857142857143
Mumbai,2019-07-29,12.93,47.19,17.86,10.8,27.06,13.77,0.51,8.57,13.16,1.92,,,65.0,Satisfactory,2019-07-29,Satisfactory,57.57142857142857
Mumbai,2019-07-30,10.37,32.95,23.37,12.72,33.95,15.65,0.46,7.7,15.39,1.87,,,58.0,Satisfactory,2019-07-30,Satisfactory,58.0
Mumbai,2019-07-31,9.25,33.22,18.95,11.75,30.2,18.33,0.46,7.75,14.5,2.33,,,56.0,Satisfactory,2019-07-31,Satisfactory,58.714285714285715
Mumbai,2019-08-01,9.44,38.95,18.22,10.59,27.45,16.59,0.43,7.93,14.61,2.14,,,58.0,Satisfactory,2019-08-01,Satisfactory,59.0
Mumbai,2019-08-02,7.97,29.55,18.23,9.89,27.33,16.34,0.4,8.6,13.84,1.8,,,56.0,Satisfactory,2019-08-02,Satisfactory,58.57142857142857
Mumbai,2019-08-03,8.06,23.05,16.04,8.7,24.19,15.24,0.39,10.29,13.76,1.73,,,49.0,Good,2019-08-03,Good,57.57142857142857
Mumbai,2019-08-04,10.3,35.88,15.93,7.87,23.05,12.79,0.4,10.12,13.98,1.45,,,48.0,Good,2019-08-04,Good,55.714285714285715
Mumbai,2019-08-05,11.9,41.42,18.87,9.02,26.81,12.44,0.42,10.04,12.85,1.58,,,56.0,Satisfactory,2019-08-05,Satisfactory,54.42857142857143
Mumbai,2019-08-06,10.6,41.04,23.34,9.73,31.87,12.25,0.44,9.83,11.1,1.54,,,59.0,Satisfactory,2019-08-06,Satisfactory,54.57142857142857
Mumbai,2019-08-07,12.73,51.39,24.49,9.14,32.45,11.54,0.43,9.37,12.52,1.17,,,60.0,Satisfactory,2019-08-07,Satisfactory,55.142857142857146
Mumbai,2019-08-08,18.67,72.32,23.89,9.7,32.84,11.17,0.44,9.46,12.52,1.19,,,69.0,Satisfactory,2019-08-08,Satisfactory,56.714285714285715
Mumbai,2019-08-09,18.48,66.95,19.78,8.54,28.11,10.95,0.43,9.26,11.43,1.38,,,74.0,Satisfactory,2019-08-09,Satisfactory,59.285714285714285
Mumbai,2019-08-10,18.71,76.53,18.0,7.54,23.54,9.67,0.41,9.13,12.07,2.46,,,78.0,Satisfactory,2019-08-10,Satisfactory,63.42857142857143
Mumbai,2019-08-11,15.56,62.75,19.14,7.74,25.2,8.21,0.43,8.71,12.19,1.31,,,72.0,Satisfactory,2019-08-11,Satisfactory,66.85714285714286
Mumbai,2019-08-12,12.73,56.76,20.93,7.92,28.39,8.78,0.45,7.44,11.54,1.33,,,66.0,Satisfactory,2019-08-12,Satisfactory,68.28571428571429
Mumbai,2019-08-13,13.07,52.56,28.81,10.19,38.17,10.04,0.54,8.19,9.89,1.5,,,66.0,Satisfactory,2019-08-13,Satisfactory,69.28571428571429
Mumbai,2019-08-14,15.06,61.4,27.53,12.45,39.97,10.91,0.57,8.64,10.8,1.25,,,69.0,Satisfactory,2019-08-14,Satisfactory,70.57142857142857
Mumbai,2019-08-15,11.75,47.84,23.11,10.33,33.42,10.23,0.53,9.53,12.32,1.3,,,70.0,Satisfactory,2019-08-15,Satisfactory,70.71428571428571
Mumbai,2019-08-16,11.89,51.78,21.54,9.91,31.39,8.81,0.52,9.55,12.81,1.14,,,60.0,Satisfactory,2019-08-16,Satisfactory,68.71428571428571
Mumbai,2019-08-17,13.3,64.05,17.68,9.24,26.81,8.8,0.52,7.74,13.62,1.3,,,67.0,Satisfactory,2019-08-17,Satisfactory,67.14285714285714
Mumbai,2019-08-18,11.37,52.68,20.6,8.69,29.22,8.62,0.55,7.38,11.22,1.59,,,65.0,Satisfactory,2019-08-18,Satisfactory,66.14285714285714
Mumbai,2019-08-19,11.44,53.12,23.24,9.8,32.29,10.27,0.54,8.07,10.44,2.04,,,67.0,Satisfactory,2019-08-19,Satisfactory,66.28571428571429
Mumbai,2019-08-20,13.78,63.94,25.29,11.11,35.44,8.67,0.51,8.9,10.72,1.63,,,73.0,Satisfactory,2019-08-20,Satisfactory,67.28571428571429
Mumbai,2019-08-21,15.77,53.39,21.95,11.06,32.19,5.67,0.52,8.59,11.15,1.69,,,68.0,Satisfactory,2019-08-21,Satisfactory,67.14285714285714
Mumbai,2019-08-22,12.96,53.14,22.39,10.74,32.56,7.52,0.55,9.01,10.33,1.68,,,62.0,Satisfactory,2019-08-22,Satisfactory,66.0
Mumbai,2019-08-23,16.01,52.92,23.11,11.58,34.04,12.92,0.6,9.56,9.38,2.93,,,64.0,Satisfactory,2019-08-23,Satisfactory,66.57142857142857
Mumbai,2019-08-24,18.56,49.36,18.39,10.06,27.72,12.42,0.58,9.6,11.89,1.81,,,62.0,Satisfactory,2019-08-24,Satisfactory,65.85714285714286
Mumbai,2019-08-25,12.37,47.31,24.17,11.86,35.08,12.82,0.69,11.14,8.11,2.95,,,66.0,Satisfactory,2019-08-25,Satisfactory,66.0
Mumbai,2019-08-26,14.76,59.08,24.26,11.3,34.95,15.1,0.64,12.3,8.62,2.71,,,73.0,Satisfactory,2019-08-26,Satisfactory,66.85714285714286
Mumbai,2019-08-27,13.53,55.06,22.73,10.38,32.22,14.52,0.35,11.97,10.51,2.24,,,64.0,Satisfactory,2019-08-27,Satisfactory,65.57142857142857
Mumbai,2019-08-28,12.75,45.0,18.89,9.91,28.73,19.5,0.46,11.47,9.27,2.68,,,53.0,Satisfactory,2019-08-28,Satisfactory,63.42857142857143
Mumbai,2019-08-29,13.24,46.32,22.52,10.03,32.28,15.95,0.66,11.13,8.93,2.43,,,57.0,Satisfactory,2019-08-29,Satisfactory,62.714285714285715
Mumbai,2019-08-30,11.17,39.63,27.41,10.86,37.62,16.12,0.67,10.95,7.12,2.08,,,62.0,Satisfactory,2019-08-30,Satisfactory,62.42857142857143
Mumbai,2019-08-31,11.53,42.24,23.87,11.28,34.6,15.21,0.63,11.18,8.93,1.55,,,62.0,Satisfactory,2019-08-31,Satisfactory,62.42857142857143
Mumbai,2019-09-01,9.75,32.99,25.25,10.74,35.69,11.7,0.65,11.02,10.84,1.49,,,62.0,Satisfactory,2019-09-01,Satisfactory,61.857142857142854
Mumbai,2019-09-02,12.12,41.22,24.24,9.33,32.13,9.82,0.71,10.89,8.56,1.83,,,67.0,Satisfactory,2019-09-02,Satisfactory,61.0
Mumbai,2019-09-03,6.72,21.31,22.59,11.46,33.25,11.08,0.64,10.98,9.87,1.39,,,60.0,Satisfactory,2019-09-03,Satisfactory,60.42857142857143
Mumbai,2019-09-04,7.68,20.72,16.94,12.01,28.84,12.63,0.62,11.23,9.36,1.14,,,54.0,Satisfactory,2019-09-04,Satisfactory,60.57142857142857
Mumbai,2019-09-05,5.68,20.38,13.76,10.54,24.08,12.98,0.6,11.37,10.26,1.28,,,49.0,Good,2019-09-05,Good,59.42857142857143
Mumbai,2019-09-06,7.6,29.36,12.54,10.81,23.05,11.7,0.57,10.93,9.62,1.06,,,47.0,Good,2019-09-06,Good,57.285714285714285
Mumbai,2019-09-07,10.71,34.27,13.36,11.97,24.75,10.07,0.62,11.08,9.12,1.24,,,49.0,Good,2019-09-07,Good,55.42857142857143
Mumbai,2019-09-08,8.69,29.63,13.52,13.69,26.66,9.0,0.67,11.81,12.28,1.11,,,51.0,Satisfactory,2019-09-08,Satisfactory,53.857142857142854
Mumbai,2019-09-09,12.07,46.77,14.4,12.67,26.77,9.16,0.57,12.02,9.24,1.22,,,54.0,Satisfactory,2019-09-09,Satisfactory,52.0
Mumbai,2019-09-10,13.89,51.1,10.6,12.29,22.61,9.89,0.39,11.8,10.38,1.18,,,54.0,Satisfactory,2019-09-10,Satisfactory,51.142857142857146
Mumbai,2019-09-11,14.62,47.04,20.44,13.79,33.46,10.31,0.52,12.02,7.52,1.27,,,55.0,Satisfactory,2019-09-11,Satisfactory,51.285714285714285
Mumbai,2019-09-12,10.93,41.79,13.61,12.54,23.65,10.26,0.44,11.38,7.84,1.29,,,55.0,Satisfactory,2019-09-12,Satisfactory,52.142857142857146
Mumbai,2019-09-13,12.93,39.62,24.34,13.82,38.08,11.37,0.54,12.0,7.08,1.3,,,53.0,Satisfactory,2019-09-13,Satisfactory,53.0
Mumbai,2019-09-14,13.24,54.5,17.51,12.13,29.52,11.01,0.46,11.58,9.01,1.13,,,60.0,Satisfactory,2019-09-14,Satisfactory,54.57142857142857
Mumbai,2019-09-15,10.85,32.85,18.68,17.71,35.25,9.14,0.62,11.31,12.04,1.12,,,57.0,Satisfactory,2019-09-15,Satisfactory,55.42857142857143
Mumbai,2019-09-16,11.95,45.25,31.62,13.78,44.35,19.52,0.57,12.4,7.17,1.25,,,65.0,Satisfactory,2019-09-16,Satisfactory,57.0
Mumbai,2019-09-17,16.24,43.48,31.84,12.93,44.44,15.38,0.59,11.46,8.24,1.11,,,64.0,Satisfactory,2019-09-17,Satisfactory,58.42857142857143
Mumbai,2019-09-18,17.95,42.66,36.78,17.44,52.32,14.89,0.8,12.06,7.93,1.36,,,80.0,Satisfactory,2019-09-18,Satisfactory,62.0
Mumbai,2019-09-19,21.73,38.49,15.81,30.97,46.79,13.33,0.83,11.61,18.46,1.44,,,83.0,Satisfactory,2019-09-19,Satisfactory,66.0
Mumbai,2019-09-20,14.94,34.2,17.92,21.94,39.84,17.44,0.75,10.98,10.91,1.65,,,73.0,Satisfactory,2019-09-20,Satisfactory,68.85714285714286
Mumbai,2019-09-21,12.09,33.0,20.6,16.97,37.44,15.24,0.47,8.75,11.09,2.07,,,57.0,Satisfactory,2019-09-21,Satisfactory,68.42857142857143
Mumbai,2019-09-22,15.09,44.55,15.96,15.95,31.9,12.04,0.45,6.85,11.12,2.98,,,56.0,Satisfactory,2019-09-22,Satisfactory,68.28571428571429
Mumbai,2019-09-23,18.6,57.85,20.12,13.64,33.08,13.89,0.55,7.6,8.68,2.6,,,64.0,Satisfactory,2019-09-23,Satisfactory,68.14285714285714
Mumbai,2019-09-24,15.04,59.47,21.42,12.38,32.84,11.16,0.57,7.4,9.33,3.68,,,67.0,Satisfactory,2019-09-24,Satisfactory,68.57142857142857
Mumbai,2019-09-25,16.9,37.22,20.46,22.09,42.0,11.57,0.67,7.63,10.74,2.99,,,64.0,Satisfactory,2019-09-25,Satisfactory,66.28571428571429
Mumbai,2019-09-26,17.28,39.46,22.87,19.61,41.89,19.44,0.67,7.97,10.72,3.29,,,70.0,Satisfactory,2019-09-26,Satisfactory,64.42857142857143
Mumbai,2019-09-27,8.39,22.71,15.69,12.29,27.95,14.47,0.39,7.44,10.11,2.41,,,49.0,Good,2019-09-27,Good,61.0
Mumbai,2019-09-28,8.32,27.38,18.67,10.2,28.84,16.88,0.28,7.82,7.38,2.92,,,40.0,Good,2019-09-28,Good,58.57142857142857
Mumbai,2019-09-29,9.62,32.07,17.97,9.67,27.5,12.28,0.28,8.2,7.3,2.55,,,42.0,Good,2019-09-29,Good,56.57142857142857
Mumbai,2019-09-30,8.33,26.16,21.75,9.8,31.46,12.68,0.32,8.42,6.25,2.81,,,41.0,Good,2019-09-30,Good,53.285714285714285
Mumbai,2019-10-01,10.46,42.8,25.55,8.67,33.31,12.79,0.35,8.4,6.29,1.95,,,50.0,Good,2019-10-01,Good,50.857142857142854
Mumbai,2019-10-02,16.15,56.33,28.85,11.75,39.43,14.04,0.47,8.57,8.0,2.56,,,64.0,Satisfactory,2019-10-02,Satisfactory,50.857142857142854
Mumbai,2019-10-03,17.62,52.25,27.17,14.41,40.88,13.22,0.66,8.76,8.22,2.01,,,68.0,Satisfactory,2019-10-03,Satisfactory,50.57142857142857
Mumbai,2019-10-04,24.77,64.32,24.94,18.88,42.97,13.33,0.71,9.19,10.65,2.11,,,72.0,Satisfactory,2019-10-04,Satisfactory,53.857142857142854
Mumbai,2019-10-05,32.11,74.94,30.47,23.52,52.77,17.09,1.19,9.91,15.35,2.48,,,96.0,Satisfactory,2019-10-05,Satisfactory,61.857142857142854
Mumbai,2019-10-06,35.13,77.75,27.92,27.19,53.84,14.61,0.83,11.47,27.28,2.67,,,99.0,Satisfactory,2019-10-06,Satisfactory,70.0
Mumbai,2019-10-07,45.48,88.32,17.51,26.69,42.85,14.0,0.84,10.13,26.16,2.47,,,93.0,Satisfactory,2019-10-07,Satisfactory,77.42857142857143
Mumbai,2019-10-08,54.08,99.28,11.83,26.33,36.78,12.48,1.45,10.18,27.71,2.49,,,112.0,Moderate,2019-10-08,Moderate,86.28571428571429
Mumbai,2019-10-09,21.6,49.28,17.6,27.88,45.09,13.27,1.02,10.08,20.53,2.33,,,90.0,Satisfactory,2019-10-09,Satisfactory,90.0
Mumbai,2019-10-10,39.03,81.82,22.43,33.69,55.32,13.7,0.89,11.46,24.9,2.62,,,89.0,Satisfactory,2019-10-10,Satisfactory,93.0
Mumbai,2019-10-11,39.11,77.93,16.68,34.85,51.5,19.65,1.12,11.26,30.85,3.98,,,118.0,Moderate,2019-10-11,Moderate,99.57142857142857
Mumbai,2019-10-12,49.37,103.99,23.95,32.46,56.41,15.3,0.83,12.09,32.79,3.8,,,110.0,Moderate,2019-10-12,Moderate,101.57142857142857
Mumbai,2019-10-13,42.92,88.36,19.99,30.6,50.59,13.69,1.54,12.81,27.03,3.05,,,112.0,Moderate,2019-10-13,Moderate,103.42857142857143
Mumbai,2019-10-14,55.33,112.01,21.2,32.7,53.9,14.9,0.98,13.2,25.92,4.25,,,117.0,Moderate,2019-10-14,Moderate,106.85714285714286
Mumbai,2019-10-15,50.61,111.2,21.49,33.54,55.03,14.75,1.15,14.05,26.74,3.22,,,116.0,Moderate,2019-10-15,Moderate,107.42857142857143
Mumbai,2019-10-16,49.19,118.26,22.95,35.06,57.99,15.33,1.24,14.7,29.97,3.14,,,121.0,Moderate,2019-10-16,Moderate,111.85714285714286
Mumbai,2019-10-17,56.89,126.82,18.2,34.5,52.69,15.51,1.22,13.74,38.93,3.16,,,135.0,Moderate,2019-10-17,Moderate,118.42857142857143
Mumbai,2019-10-18,62.55,129.06,31.34,35.88,67.0,18.73,1.19,13.29,13.21,4.54,,,135.0,Moderate,2019-10-18,Moderate,120.85714285714286
Mumbai,2019-10-19,28.56,48.57,34.93,24.93,59.86,19.56,1.08,11.67,8.47,4.52,,,99.0,Satisfactory,2019-10-19,Satisfactory,119.28571428571429
Mumbai,2019-10-20,15.09,29.91,26.82,21.0,46.26,21.13,1.19,11.06,8.69,4.25,,,86.0,Satisfactory,2019-10-20,Satisfactory,115.57142857142857
Mumbai,2019-10-21,17.75,41.34,20.91,20.24,39.17,19.3,1.03,10.82,15.31,4.92,,,81.0,Satisfactory,2019-10-21,Satisfactory,110.42857142857143
Mumbai,2019-10-22,17.92,44.55,19.12,22.87,40.4,15.09,1.04,10.54,15.92,5.61,,,76.0,Satisfactory,2019-10-22,Satisfactory,104.71428571428571
Mumbai,2019-10-23,17.85,41.64,39.34,18.52,55.43,16.18,0.89,11.87,7.6,6.3,,,72.0,Satisfactory,2019-10-23,Satisfactory,97.71428571428571
Mumbai,2019-10-24,30.71,72.1,41.44,24.2,63.53,17.51,1.04,12.45,8.38,6.06,,,87.0,Satisfactory,2019-10-24,Satisfactory,90.85714285714286
Mumbai,2019-10-25,20.04,46.59,24.72,23.05,47.77,16.19,0.93,10.47,6.84,4.28,,,82.0,Satisfactory,2019-10-25,Satisfactory,83.28571428571429
Mumbai,2019-10-26,25.58,57.91,35.65,18.86,54.15,15.37,0.91,9.45,8.26,5.53,,,69.0,Satisfactory,2019-10-26,Satisfactory,79.0
Mumbai,2019-10-27,39.09,76.14,38.01,15.53,52.34,19.28,0.93,9.28,11.02,6.71,,,105.0,Moderate,2019-10-27,Moderate,81.71428571428571
Mumbai,2019-10-28,53.5,91.27,23.72,17.36,40.97,17.58,0.68,9.61,13.97,6.46,,,92.0,Satisfactory,2019-10-28,Satisfactory,83.28571428571429
Mumbai,2019-10-29,56.28,102.53,21.95,25.2,46.88,14.21,0.67,13.83,20.94,6.53,,,113.0,Moderate,2019-10-29,Moderate,88.57142857142857
Mumbai,2019-10-30,40.81,84.5,19.68,25.09,44.63,13.88,0.83,13.26,16.87,5.47,,,97.0,Satisfactory,2019-10-30,Satisfactory,92.14285714285714
Mumbai,2019-10-31,25.37,77.85,23.35,26.43,49.77,14.51,0.8,14.56,11.5,5.92,,,81.0,Satisfactory,2019-10-31,Satisfactory,91.28571428571429
Mumbai,2019-11-01,16.55,57.59,20.48,25.78,44.17,14.82,0.65,14.62,13.02,4.59,,,77.0,Satisfactory,2019-11-01,Satisfactory,90.57142857142857
Mumbai,2019-11-02,11.99,39.96,18.12,23.12,41.17,16.57,0.64,14.22,9.88,5.09,,,57.0,Satisfactory,2019-11-02,Satisfactory,88.85714285714286
Mumbai,2019-11-03,20.09,62.74,25.17,23.86,48.84,17.7,0.72,15.36,10.7,5.97,,,71.0,Satisfactory,2019-11-03,Satisfactory,84.0
Mumbai,2019-11-04,28.41,66.83,21.88,26.02,47.57,13.52,0.84,13.21,16.42,5.52,,,78.0,Satisfactory,2019-11-04,Satisfactory,82.0
Mumbai,2019-11-05,36.96,76.94,12.57,30.58,42.93,14.93,0.85,15.39,22.29,5.24,,,79.0,Satisfactory,2019-11-05,Satisfactory,77.14285714285714
Mumbai,2019-11-06,52.87,101.96,25.56,37.21,62.77,15.25,1.01,12.45,20.34,5.41,,,105.0,Moderate,2019-11-06,Moderate,78.28571428571429
Mumbai,2019-11-07,19.26,52.22,9.35,20.79,30.05,13.56,0.61,9.31,13.36,5.55,,,84.0,Satisfactory,2019-11-07,Satisfactory,78.71428571428571
Mumbai,2019-11-08,12.19,41.81,13.33,22.57,35.9,11.76,0.61,8.53,15.25,5.65,,,57.0,Satisfactory,2019-11-08,Satisfactory,75.85714285714286
Mumbai,2019-11-09,27.12,73.34,18.64,31.47,50.12,13.91,0.8,8.97,14.44,6.41,,,82.0,Satisfactory,2019-11-09,Satisfactory,79.42857142857143
Mumbai,2019-11-10,49.51,98.73,26.17,30.33,56.49,13.09,1.02,9.21,21.17,5.78,,,97.0,Satisfactory,2019-11-10,Satisfactory,83.14285714285714
Mumbai,2019-11-11,57.72,106.42,18.86,39.04,57.85,13.54,1.12,10.26,26.65,5.62,,,108.0,Moderate,2019-11-11,Moderate,87.42857142857143
Mumbai,2019-11-12,69.7,132.42,23.32,42.53,65.85,15.99,1.21,12.41,32.22,4.81,,,134.0,Moderate,2019-11-12,Moderate,95.28571428571429
Mumbai,2019-11-13,64.9,122.75,19.44,47.12,66.57,17.01,1.03,9.55,28.58,5.17,,,140.0,Moderate,2019-11-13,Moderate,100.28571428571429
Mumbai,2019-11-14,62.54,123.27,17.52,45.44,62.96,17.78,0.79,11.34,31.66,5.47,,,128.0,Moderate,2019-11-14,Moderate,106.57142857142857
Mumbai,2019-11-15,69.75,128.01,17.47,48.03,65.5,18.87,0.88,10.86,29.62,5.17,,,131.0,Moderate,2019-11-15,Moderate,117.14285714285714
Mumbai,2019-11-16,77.05,135.69,15.82,42.82,58.64,19.51,0.86,15.39,31.08,4.55,,,149.0,Moderate,2019-11-16,Moderate,126.71428571428571
Mumbai,2019-11-17,70.89,123.26,15.95,35.4,51.35,17.79,0.93,21.01,28.13,5.93,,,149.0,Moderate,2019-11-17,Moderate,134.14285714285714
Mumbai,2019-11-18,72.13,125.42,10.68,41.1,51.78,16.91,0.89,14.91,40.98,5.54,,,140.0,Moderate,2019-11-18,Moderate,138.71428571428572
Mumbai,2019-11-19,90.92,163.46,23.24,52.54,75.78,16.51,1.17,10.58,33.36,7.12,,,184.0,Moderate,2019-11-19,Moderate,145.85714285714286
Mumbai,2019-11-20,91.86,171.91,29.09,51.64,80.72,19.47,1.22,10.92,33.38,7.07,,,209.0,Poor,2019-11-20,Poor,155.71428571428572
Mumbai,2019-11-21,92.37,167.92,23.58,49.5,73.07,20.64,1.16,11.59,29.5,5.79,,,209.0,Poor,2019-11-21,Poor,167.28571428571428
Mumbai,2019-11-22,87.03,163.02,22.99,47.1,70.08,19.7,1.07,17.75,31.78,6.81,,,208.0,Poor,2019-11-22,Poor,178.28571428571428
Mumbai,2019-11-23,82.21,154.89,25.47,42.15,67.69,18.22,1.08,16.27,28.57,7.37,,,184.0,Moderate,2019-11-23,Moderate,183.28571428571428
Mumbai,2019-11-24,82.78,149.57,17.24,41.2,58.43,16.35,0.98,15.66,40.96,7.02,,,176.0,Moderate,2019-11-24,Moderate,187.14285714285714
Mumbai,2019-11-25,89.06,159.83,20.65,44.9,65.55,16.88,1.06,13.78,36.41,6.87,,,190.0,Moderate,2019-11-25,Moderate,194.28571428571428
Mumbai,2019-11-26,83.45,158.37,28.52,47.23,75.75,16.93,1.07,17.3,39.16,9.84,,,193.0,Moderate,2019-11-26,Moderate,195.57142857142858
Mumbai,2019-11-27,73.81,143.06,33.12,40.31,73.44,17.02,0.94,16.55,23.19,8.81,,,173.0,Moderate,2019-11-27,Moderate,190.42857142857142
Mumbai,2019-11-28,71.95,142.88,23.35,49.86,73.14,19.14,1.1,17.73,35.46,7.86,,,146.0,Moderate,2019-11-28,Moderate,181.42857142857142
Mumbai,2019-11-29,81.38,148.72,32.36,43.02,75.1,19.31,1.21,16.65,28.14,8.39,,,163.0,Moderate,2019-11-29,Moderate,175.0
Mumbai,2019-11-30,87.36,158.29,22.47,44.13,65.12,18.8,1.05,17.05,31.04,8.7,,,186.0,Moderate,2019-11-30,Moderate,175.28571428571428
Mumbai,2019-12-01,94.89,168.1,34.82,40.69,75.49,18.47,1.27,16.74,27.11,8.78,,,212.0,Poor,2019-12-01,Poor,180.42857142857142
Mumbai,2019-12-02,64.67,120.78,17.63,36.01,53.64,17.11,1.02,14.84,29.09,7.7,,,174.0,Moderate,2019-12-02,Moderate,178.14285714285714
Mumbai,2019-12-03,39.87,98.1,25.44,33.4,58.85,18.28,0.93,14.4,20.33,7.23,,,115.0,Moderate,2019-12-03,Moderate,167.0
Mumbai,2019-12-04,49.87,109.16,22.61,33.59,56.18,18.07,0.89,10.19,25.2,6.39,,,99.0,Satisfactory,2019-12-04,Satisfactory,156.42857142857142
Mumbai,2019-12-05,65.29,121.72,23.97,36.28,59.59,34.63,1.01,9.91,19.03,6.79,,,111.0,Moderate,2019-12-05,Moderate,151.42857142857142
Mumbai,2019-12-06,83.28,149.35,21.27,37.76,57.07,21.47,1.0,11.19,25.39,6.06,,,180.0,Moderate,2019-12-06,Moderate,153.85714285714286
Mumbai,2019-12-07,70.54,140.48,22.79,42.12,63.02,19.52,0.96,10.58,33.03,8.39,,,154.0,Moderate,2019-12-07,Moderate,149.28571428571428
Mumbai,2019-12-08,88.13,157.73,16.35,43.61,58.8,18.82,1.05,11.77,39.85,6.71,,,174.0,Moderate,2019-12-08,Moderate,143.85714285714286
Mumbai,2019-12-09,82.73,147.34,20.08,42.56,60.95,18.14,1.14,12.12,37.94,6.93,,,205.0,Poor,2019-12-09,Poor,148.28571428571428
Mumbai,2019-12-10,82.73,150.62,23.16,46.79,68.58,20.61,1.22,13.51,37.99,7.25,,,171.0,Moderate,2019-12-10,Moderate,156.28571428571428
Mumbai,2019-12-11,95.77,169.34,28.29,44.51,71.52,21.34,1.29,14.82,28.02,7.84,,,198.0,Moderate,2019-12-11,Moderate,170.42857142857142
Mumbai,2019-12-12,95.21,169.26,39.47,41.68,79.89,19.77,1.32,16.04,31.95,10.42,,,229.0,Poor,2019-12-12,Poor,187.28571428571428
Mumbai,2019-12-13,72.43,132.97,19.79,39.02,57.49,17.73,1.02,14.48,32.43,10.2,,,203.0,Poor,2019-12-13,Poor,190.57142857142858
Mumbai,2019-12-14,50.06,110.41,25.28,36.34,60.45,16.16,0.99,12.67,33.34,4.87,,,110.0,Moderate,2019-12-14,Moderate,184.28571428571428
Mumbai,2019-12-15,69.63,143.27,26.16,40.24,65.19,15.63,1.15,12.47,34.86,5.39,,,128.0,Moderate,2019-12-15,Moderate,177.71428571428572
Mumbai,2019-12-16,89.46,161.83,29.25,39.26,67.28,16.79,1.34,13.46,33.36,6.17,,,180.0,Moderate,2019-12-16,Moderate,174.14285714285714
Mumbai,2019-12-17,80.42,149.67,29.99,37.31,66.23,17.29,1.18,10.74,38.95,7.29,,,191.0,Moderate,2019-12-17,Moderate,177.0
Mumbai,2019-12-18,73.92,137.11,22.08,37.22,59.3,17.01,0.92,10.17,40.44,6.89,,,164.0,Moderate,2019-12-18,Moderate,172.14285714285714
Mumbai,2019-12-19,75.17,138.83,26.2,38.8,64.03,17.47,0.98,9.88,35.35,6.69,,,164.0,Moderate,2019-12-19,Moderate,162.85714285714286
Mumbai,2019-12-20,94.27,169.49,32.6,49.03,79.62,18.38,1.14,10.1,39.76,8.19,,,187.0,Moderate,2019-12-20,Moderate,160.57142857142858
Mumbai,2019-12-21,94.04,174.95,43.51,45.96,88.32,18.72,1.25,10.79,27.67,7.85,,,212.0,Poor,2019-12-21,Poor,175.14285714285714
Mumbai,2019-12-22,94.72,171.39,32.75,41.58,72.93,19.23,1.21,11.57,26.98,7.44,,,225.0,Poor,2019-12-22,Poor,189.0
Mumbai,2019-12-23,94.33,167.3,35.31,37.77,72.19,20.09,1.18,13.41,30.36,7.41,,,214.0,Poor,2019-12-23,Poor,193.85714285714286
Mumbai,2019-12-24,122.89,205.91,30.94,46.54,77.07,23.81,1.28,11.52,41.44,8.72,,,250.0,Poor,2019-12-24,Poor,202.28571428571428
Mumbai,2019-12-25,134.32,215.78,24.85,44.73,69.58,23.2,1.26,10.77,28.58,8.11,,,283.0,Poor,2019-12-25,Poor,219.28571428571428
Mumbai,2019-12-26,87.5,152.83,24.13,34.22,58.34,21.21,0.98,10.49,29.76,7.32,,,268.0,Poor,2019-12-26,Poor,234.14285714285714
Mumbai,2019-12-27,88.03,154.44,30.85,39.77,70.12,19.47,1.02,10.27,32.89,6.55,,,184.0,Moderate,2019-12-27,Moderate,233.71428571428572
Mumbai,2019-12-28,75.77,140.33,28.21,35.86,63.78,18.35,0.98,8.75,33.43,6.15,,,167.0,Moderate,2019-12-28,Moderate,227.28571428571428
Mumbai,2019-12-29,75.81,145.75,26.83,36.07,62.91,18.59,0.98,9.36,36.88,6.83,,,160.0,Moderate,2019-12-29,Moderate,218.0
Mumbai,2019-12-30,86.42,155.08,27.84,36.03,62.84,18.84,1.03,9.28,41.98,6.62,,,181.0,Moderate,2019-12-30,Moderate,213.28571428571428
Mumbai,2019-12-31,65.76,127.82,16.87,37.46,54.33,15.52,0.82,10.47,56.55,5.72,,,159.0,Moderate,2019-12-31,Moderate,200.28571428571428
Mumbai,2020-01-01,104.06,183.88,40.17,46.39,85.81,15.69,1.22,10.98,45.97,8.16,,,194.0,Moderate,2020-01-01,Moderate,187.57142857142858
Mumbai,2020-01-02,107.87,171.73,14.73,41.14,55.87,16.86,1.02,8.03,48.34,6.89,,,260.0,Poor,2020-01-02,Poor,186.42857142857142
Mumbai,2020-01-03,93.64,157.8,18.77,40.42,59.18,15.47,0.97,7.94,48.31,6.12,,,221.0,Poor,2020-01-03,Poor,191.71428571428572
Mumbai,2020-01-04,94.05,158.44,13.92,39.68,53.59,15.1,0.96,6.66,49.76,5.86,,,225.0,Poor,2020-01-04,Poor,200.0
Mumbai,2020-01-05,91.04,162.68,28.01,39.93,67.61,16.3,1.1,7.9,39.59,3.51,,,229.0,Poor,2020-01-05,Poor,209.85714285714286
Mumbai,2020-01-06,70.2,142.64,24.3,38.91,63.21,18.3,1.01,8.68,43.46,3.18,,,157.0,Moderate,2020-01-06,Moderate,206.42857142857142
Mumbai,2020-01-07,87.2,165.84,44.5,42.33,85.98,21.67,1.29,9.46,31.33,4.81,,,177.0,Moderate,2020-01-07,Moderate,209.0
Mumbai,2020-01-08,64.97,120.55,23.68,29.07,50.91,18.76,0.89,7.73,36.12,2.91,,,166.0,Moderate,2020-01-08,Moderate,205.0
Mumbai,2020-01-09,59.98,126.87,16.13,38.98,54.9,15.59,0.85,8.96,39.85,2.53,,,122.0,Moderate,2020-01-09,Moderate,185.28571428571428
Mumbai,2020-01-10,65.06,143.74,22.62,43.01,65.51,14.29,0.93,10.04,36.59,5.41,,,127.0,Moderate,2020-01-10,Moderate,171.85714285714286
Mumbai,2020-01-11,76.71,162.07,31.83,43.56,72.78,22.54,1.08,10.12,38.7,6.42,,,151.0,Moderate,2020-01-11,Moderate,161.28571428571428
Mumbai,2020-01-12,98.12,194.66,57.3,38.02,92.98,26.77,1.47,10.84,33.46,8.98,,,211.0,Poor,2020-01-12,Poor,158.71428571428572
Mumbai,2020-01-13,68.39,120.46,18.8,29.65,47.02,23.91,0.84,6.73,28.54,5.24,,,178.0,Moderate,2020-01-13,Moderate,161.71428571428572
Mumbai,2020-01-14,36.33,97.67,21.17,26.54,46.51,18.73,0.7,6.28,30.25,4.48,,,100.0,Satisfactory,2020-01-14,Satisfactory,150.71428571428572
Mumbai,2020-01-15,30.53,91.62,18.69,30.43,49.11,15.37,0.65,6.32,37.85,3.56,,,97.0,Satisfactory,2020-01-15,Satisfactory,140.85714285714286
Mumbai,2020-01-16,34.16,84.73,15.66,31.54,47.2,16.18,0.66,5.95,37.14,3.36,,,90.0,Satisfactory,2020-01-16,Satisfactory,136.28571428571428
Mumbai,2020-01-17,51.0,115.87,21.31,41.19,62.5,15.45,0.68,6.3,38.68,3.72,,,93.0,Satisfactory,2020-01-17,Satisfactory,131.42857142857142
Mumbai,2020-01-18,87.28,167.77,21.29,55.99,77.28,18.35,0.98,7.63,37.57,3.82,,,160.0,Moderate,2020-01-18,Moderate,132.71428571428572
Mumbai,2020-01-19,96.1,195.03,48.56,48.29,93.9,20.81,1.12,8.28,35.96,5.51,,,213.0,Poor,2020-01-19,Poor,133.0
Mumbai,2020-01-20,89.26,181.54,49.49,47.23,93.54,22.7,1.3,10.52,41.83,5.53,,,205.0,Poor,2020-01-20,Poor,136.85714285714286
Mumbai,2020-01-21,96.99,207.73,65.0,44.95,104.64,23.11,1.58,10.32,37.38,9.97,,,227.0,Poor,2020-01-21,Poor,155.0
Mumbai,2020-01-22,78.69,173.23,71.62,42.07,110.22,22.24,1.49,11.8,37.74,7.48,,,192.0,Moderate,2020-01-22,Moderate,168.57142857142858
Mumbai,2020-01-23,87.78,189.99,39.85,44.52,84.15,22.07,1.24,11.77,40.14,4.65,,,196.0,Moderate,2020-01-23,Moderate,183.71428571428572
Mumbai,2020-01-24,73.57,163.95,36.83,40.8,76.32,20.89,1.17,11.7,39.02,4.24,,,172.0,Moderate,2020-01-24,Moderate,195.0
Mumbai,2020-01-25,91.57,192.11,43.7,43.88,85.32,22.38,1.32,14.01,47.99,3.41,,,182.0,Moderate,2020-01-25,Moderate,198.14285714285714
Mumbai,2020-01-26,103.35,210.51,47.34,43.92,88.43,22.89,1.4,13.46,39.74,4.32,,,253.0,Poor,2020-01-26,Poor,203.85714285714286
Mumbai,2020-01-27,57.22,120.42,21.19,29.0,50.18,22.26,0.76,10.5,35.14,1.99,,,183.0,Moderate,2020-01-27,Moderate,200.71428571428572
Mumbai,2020-01-28,25.47,81.69,27.08,21.6,45.51,19.6,0.64,8.01,22.79,3.72,,,94.0,Satisfactory,2020-01-28,Satisfactory,181.71428571428572
Mumbai,2020-01-29,19.77,97.0,13.46,22.88,34.71,16.2,0.56,4.22,37.65,1.54,,,85.0,Satisfactory,2020-01-29,Satisfactory,166.42857142857142
Mumbai,2020-01-30,52.66,141.65,25.75,38.17,62.06,17.89,0.84,8.11,42.4,2.9,,,123.0,Moderate,2020-01-30,Moderate,156.0
Mumbai,2020-01-31,65.97,158.62,30.65,43.82,70.91,18.82,1.03,8.65,42.66,3.17,,,145.0,Moderate,2020-01-31,Moderate,152.14285714285714
Mumbai,2020-02-01,72.14,168.79,31.63,46.68,75.13,19.18,1.12,7.48,41.77,3.24,,,154.0,Moderate,2020-02-01,Moderate,148.14285714285714
Mumbai,2020-02-02,80.79,186.22,51.93,38.05,81.8,22.59,1.31,8.75,37.43,5.04,,,183.0,Moderate,2020-02-02,Moderate,138.14285714285714
Mumbai,2020-02-03,83.47,165.19,36.72,35.54,67.27,23.47,1.28,6.21,35.33,3.86,,,192.0,Moderate,2020-02-03,Moderate,139.42857142857142
Mumbai,2020-02-04,77.73,151.8,16.67,40.07,55.74,21.14,0.77,7.25,55.83,2.96,,,178.0,Moderate,2020-02-04,Moderate,151.42857142857142
Mumbai,2020-02-05,60.91,153.38,36.17,47.47,82.28,20.72,0.96,9.38,41.6,2.78,,,151.0,Moderate,2020-02-05,Moderate,160.85714285714286
Mumbai,2020-02-06,47.67,127.57,16.91,36.64,51.75,21.09,0.87,7.87,52.05,2.41,,,138.0,Moderate,2020-02-06,Moderate,163.0
Mumbai,2020-02-07,49.35,136.21,32.11,39.96,68.25,20.77,0.9,9.22,46.27,2.57,,,129.0,Moderate,2020-02-07,Moderate,160.71428571428572
Mumbai,2020-02-08,68.47,151.73,24.39,39.85,61.71,21.46,1.0,7.72,47.02,3.5,,,133.0,Moderate,2020-02-08,Moderate,157.71428571428572
Mumbai,2020-02-09,68.29,144.61,14.68,31.18,44.17,20.06,1.03,9.26,44.3,1.76,,,142.0,Moderate,2020-02-09,Moderate,151.85714285714286
Mumbai,2020-02-10,56.58,129.32,17.49,36.19,51.98,18.16,0.93,8.38,45.84,1.93,,,134.0,Moderate,2020-02-10,Moderate,143.57142857142858
Mumbai,2020-02-11,60.95,143.87,26.37,38.82,62.47,19.31,1.05,8.71,39.01,3.32,,,130.0,Moderate,2020-02-11,Moderate,136.71428571428572
Mumbai,2020-02-12,60.53,145.25,31.29,48.17,76.66,19.98,1.1,8.9,38.14,3.02,,,136.0,Moderate,2020-02-12,Moderate,134.57142857142858
Mumbai,2020-02-13,67.91,152.14,43.06,52.26,94.87,20.6,1.11,8.5,41.11,2.61,,,144.0,Moderate,2020-02-13,Moderate,135.42857142857142
Mumbai,2020-02-14,58.14,149.22,33.45,48.61,82.04,19.47,0.87,9.01,46.83,4.08,,,141.0,Moderate,2020-02-14,Moderate,137.14285714285714
Mumbai,2020-02-15,53.27,151.37,37.35,45.62,82.97,19.77,0.88,9.59,36.31,4.41,,,141.0,Moderate,2020-02-15,Moderate,138.28571428571428
Mumbai,2020-02-16,68.93,165.51,26.61,47.33,73.92,18.7,0.95,10.41,54.41,5.14,,,147.0,Moderate,2020-02-16,Moderate,139.0
Mumbai,2020-02-17,102.48,212.49,40.65,54.75,95.3,21.74,1.3,9.46,54.43,8.23,,,234.0,Poor,2020-02-17,Poor,153.28571428571428
Mumbai,2020-02-18,88.15,201.4,40.77,61.16,101.97,23.17,1.25,12.09,51.79,11.52,,,217.0,Poor,2020-02-18,Poor,165.71428571428572
Mumbai,2020-02-19,92.5,212.28,52.42,59.13,110.76,30.49,1.32,14.81,47.26,14.4,,,224.0,Poor,2020-02-19,Poor,178.28571428571428
Mumbai,2020-02-20,62.8,146.64,37.9,46.33,84.24,23.47,1.0,10.38,27.28,9.24,,,175.0,Moderate,2020-02-20,Moderate,182.71428571428572
Mumbai,2020-02-21,39.37,100.68,26.82,35.82,62.63,23.77,0.75,9.11,23.71,4.69,,,110.0,Moderate,2020-02-21,Moderate,178.28571428571428
Mumbai,2020-02-22,65.93,157.96,27.56,53.25,80.8,21.75,0.97,12.37,43.03,7.55,,,121.0,Moderate,2020-02-22,Moderate,175.42857142857142
Mumbai,2020-02-23,77.63,194.83,37.84,57.94,95.9,21.11,1.19,13.28,47.06,9.84,,,185.0,Moderate,2020-02-23,Moderate,180.85714285714286
Mumbai,2020-02-24,84.7,185.63,35.27,56.76,92.03,21.9,1.22,12.73,46.95,9.79,,,176.0,Moderate,2020-02-24,Moderate,172.57142857142858
Mumbai,2020-02-25,48.01,152.41,38.95,49.44,86.91,20.22,0.95,11.32,32.01,6.25,,,170.0,Moderate,2020-02-25,Moderate,165.85714285714286
Mumbai,2020-02-26,41.03,131.59,17.35,50.32,67.68,21.45,0.75,14.57,46.17,5.06,,,130.0,Moderate,2020-02-26,Moderate,152.42857142857142
Mumbai,2020-02-27,51.74,144.95,27.45,57.91,85.28,23.77,0.92,15.46,50.93,6.58,,,136.0,Moderate,2020-02-27,Moderate,146.85714285714286
Mumbai,2020-02-28,77.61,185.24,63.03,71.94,132.6,23.88,1.37,16.66,43.82,12.56,,,173.0,Moderate,2020-02-28,Moderate,155.85714285714286
Mumbai,2020-02-29,74.98,183.77,61.44,58.47,120.01,26.05,1.24,16.08,27.98,12.57,,,193.0,Moderate,2020-02-29,Moderate,166.14285714285714
Mumbai,2020-03-01,43.39,121.29,23.67,32.11,55.78,28.59,0.65,13.19,23.93,4.06,,,125.0,Moderate,2020-03-01,Moderate,157.57142857142858
Mumbai,2020-03-02,52.18,142.49,49.03,28.46,77.28,21.12,0.77,16.93,19.25,7.63,,,123.0,Moderate,2020-03-02,Moderate,150.0
Mumbai,2020-03-03,43.68,137.1,20.36,26.55,46.47,21.76,0.46,17.25,27.79,4.32,,,127.0,Moderate,2020-03-03,Moderate,143.85714285714286
Mumbai,2020-03-04,36.73,122.49,21.57,27.93,48.46,19.32,0.52,15.98,27.16,5.11,,,118.0,Moderate,2020-03-04,Moderate,142.14285714285714
Mumbai,2020-03-05,32.59,108.48,17.09,26.95,43.7,19.16,0.53,17.87,21.06,4.07,,,108.0,Moderate,2020-03-05,Moderate,138.14285714285714
Mumbai,2020-03-06,20.15,105.77,21.05,19.07,40.01,17.49,0.43,17.17,18.27,3.78,,,102.0,Moderate,2020-03-06,Moderate,128.0
Mumbai,2020-03-07,24.45,131.04,14.59,23.93,38.51,16.16,0.48,9.15,27.96,3.57,,,107.0,Moderate,2020-03-07,Moderate,115.71428571428571
Mumbai,2020-03-08,27.0,125.15,20.26,31.81,52.07,14.65,0.57,9.73,30.18,4.24,,,122.0,Moderate,2020-03-08,Moderate,115.28571428571429
Mumbai,2020-03-09,35.03,134.18,17.46,31.06,48.52,16.27,0.67,9.61,28.36,4.54,,,121.0,Moderate,2020-03-09,Moderate,115.0
Mumbai,2020-03-10,40.47,125.98,19.71,20.36,39.93,18.29,0.77,12.7,22.31,6.98,,,128.0,Moderate,2020-03-10,Moderate,115.14285714285714
Mumbai,2020-03-11,16.04,74.65,13.42,19.18,32.6,14.87,0.43,11.07,24.98,3.28,,,88.0,Satisfactory,2020-03-11,Satisfactory,110.85714285714286
Mumbai,2020-03-12,18.59,80.55,17.93,24.74,42.67,14.78,0.49,10.72,22.72,3.65,,,80.0,Satisfactory,2020-03-12,Satisfactory,106.85714285714286
Mumbai,2020-03-13,23.81,108.48,12.31,30.64,42.95,14.74,0.5,7.84,34.81,3.03,,,84.0,Satisfactory,2020-03-13,Satisfactory,104.28571428571429
Mumbai,2020-03-14,30.33,126.36,11.69,34.81,46.5,15.92,0.58,7.96,41.79,5.85,,,117.0,Moderate,2020-03-14,Moderate,105.71428571428571
Mumbai,2020-03-15,49.84,175.84,42.39,41.75,84.12,17.02,1.01,12.24,36.0,7.16,,,143.0,Moderate,2020-03-15,Moderate,108.71428571428571
Mumbai,2020-03-16,57.99,190.49,42.84,53.12,95.94,22.98,1.24,14.86,40.61,12.13,,,154.0,Moderate,2020-03-16,Moderate,113.42857142857143
Mumbai,2020-03-17,78.54,204.96,73.59,52.95,125.6,19.98,1.66,15.1,45.85,13.17,,,191.0,Moderate,2020-03-17,Moderate,122.42857142857143
Mumbai,2020-03-18,52.03,150.71,47.33,42.38,89.72,20.92,1.02,11.79,40.01,13.75,,,167.0,Moderate,2020-03-18,Moderate,133.71428571428572
Mumbai,2020-03-19,30.33,99.38,24.02,26.7,49.39,23.04,0.6,7.97,31.9,9.12,,,113.0,Moderate,2020-03-19,Moderate,138.42857142857142
Mumbai,2020-03-20,21.08,84.44,32.78,14.85,45.69,22.48,0.5,6.6,19.03,7.94,,,91.0,Satisfactory,2020-03-20,Satisfactory,139.42857142857142
Mumbai,2020-03-21,20.14,67.91,23.5,16.51,38.19,20.59,0.47,11.0,24.3,4.4,,,82.0,Satisfactory,2020-03-21,Satisfactory,134.42857142857142
Mumbai,2020-03-22,16.75,53.27,12.44,9.46,20.96,16.68,0.36,12.08,27.87,3.0,,,67.0,Satisfactory,2020-03-22,Satisfactory,123.57142857142857
Mumbai,2020-03-23,23.48,64.7,9.84,11.07,20.27,14.84,0.42,12.02,32.77,3.54,,,66.0,Satisfactory,2020-03-23,Satisfactory,111.0
Mumbai,2020-03-24,35.58,92.81,10.91,12.34,22.74,13.82,0.52,8.75,38.04,4.72,,,86.0,Satisfactory,2020-03-24,Satisfactory,96.0
Mumbai,2020-03-25,30.86,77.24,10.93,11.34,21.67,11.97,0.5,8.32,31.58,5.05,,,91.0,Satisfactory,2020-03-25,Satisfactory,85.14285714285714
Mumbai,2020-03-26,27.82,65.48,11.52,11.3,21.6,11.6,0.43,10.16,26.73,6.4,,,71.0,Satisfactory,2020-03-26,Satisfactory,79.14285714285714
Mumbai,2020-03-27,24.81,69.65,8.32,8.64,16.85,11.1,0.4,7.19,35.76,3.78,,,70.0,Satisfactory,2020-03-27,Satisfactory,76.14285714285714
Mumbai,2020-03-28,28.14,67.46,7.49,11.9,19.07,11.2,0.48,7.55,38.94,3.96,,,78.0,Satisfactory,2020-03-28,Satisfactory,75.57142857142857
Mumbai,2020-03-29,23.43,66.1,6.46,9.89,16.35,9.98,0.42,7.27,47.85,4.05,,,78.0,Satisfactory,2020-03-29,Satisfactory,77.14285714285714
Mumbai,2020-03-30,23.57,63.65,7.59,9.66,17.25,9.82,0.43,6.86,39.26,4.34,,,77.0,Satisfactory,2020-03-30,Satisfactory,78.71428571428571
Mumbai,2020-03-31,25.36,63.61,9.69,9.0,18.14,10.37,0.46,7.26,29.17,3.88,,,69.0,Satisfactory,2020-03-31,Satisfactory,76.28571428571429
Mumbai,2020-04-01,20.08,58.94,9.72,7.77,17.03,10.35,0.4,6.55,31.73,3.3,,,63.0,Satisfactory,2020-04-01,Satisfactory,72.28571428571429
Mumbai,2020-04-02,26.27,77.19,8.63,8.62,16.94,9.96,0.43,6.84,37.54,3.7,,,78.0,Satisfactory,2020-04-02,Satisfactory,73.28571428571429
Mumbai,2020-04-03,24.33,83.88,8.18,7.58,15.5,9.2,0.39,6.49,29.94,3.31,,,85.0,Satisfactory,2020-04-03,Satisfactory,75.42857142857143
Mumbai,2020-04-04,24.7,78.44,9.35,7.94,16.89,8.72,0.42,6.47,28.5,3.52,,,83.0,Satisfactory,2020-04-04,Satisfactory,76.14285714285714
Mumbai,2020-04-05,27.36,73.53,10.76,8.48,18.47,8.25,0.44,6.67,28.81,3.65,,,78.0,Satisfactory,2020-04-05,Satisfactory,76.14285714285714
Mumbai,2020-04-06,20.82,54.45,10.49,6.55,16.46,7.73,0.36,7.06,23.34,3.76,,,67.0,Satisfactory,2020-04-06,Satisfactory,74.71428571428571
Mumbai,2020-04-07,24.1,79.61,12.88,6.24,18.28,7.31,0.36,7.06,18.93,3.68,,,62.0,Satisfactory,2020-04-07,Satisfactory,73.71428571428571
Mumbai,2020-04-08,29.52,98.54,14.47,6.72,20.06,7.97,0.37,6.95,14.77,4.37,,,93.0,Satisfactory,2020-04-08,Satisfactory,78.0
Mumbai,2020-04-09,28.3,93.39,14.81,6.81,20.89,9.05,0.38,8.89,15.14,3.24,,,95.0,Satisfactory,2020-04-09,Satisfactory,80.42857142857143
Mumbai,2020-04-10,25.89,83.39,12.95,6.96,19.36,8.32,0.37,8.49,20.75,3.34,,,87.0,Satisfactory,2020-04-10,Satisfactory,80.71428571428571
Mumbai,2020-04-11,29.54,82.21,12.22,7.98,19.82,6.82,0.44,7.97,21.8,2.65,,,81.0,Satisfactory,2020-04-11,Satisfactory,80.42857142857143
Mumbai,2020-04-12,28.26,81.99,12.69,9.13,21.29,6.12,0.45,7.79,20.04,4.69,,,86.0,Satisfactory,2020-04-12,Satisfactory,81.57142857142857
Mumbai,2020-04-13,25.58,75.31,14.18,9.18,22.44,6.31,0.44,7.39,16.16,4.16,,,79.0,Satisfactory,2020-04-13,Satisfactory,83.28571428571429
Mumbai,2020-04-14,26.89,81.61,14.12,10.47,23.66,7.83,0.53,7.61,18.91,4.12,,,87.0,Satisfactory,2020-04-14,Satisfactory,86.85714285714286
Mumbai,2020-04-15,26.61,66.58,14.66,9.77,23.66,8.03,0.72,7.78,19.93,6.08,,,85.0,Satisfactory,2020-04-15,Satisfactory,85.71428571428571
Mumbai,2020-04-16,20.55,55.03,12.42,9.16,21.06,6.81,0.59,6.73,19.32,6.9,,,75.0,Satisfactory,2020-04-16,Satisfactory,82.85714285714286
Mumbai,2020-04-17,20.54,53.53,15.73,7.89,22.75,6.21,0.64,6.36,16.09,7.81,,,73.0,Satisfactory,2020-04-17,Satisfactory,80.85714285714286
Mumbai,2020-04-18,18.48,52.34,14.47,8.08,21.9,7.02,0.63,6.34,16.7,4.53,,,70.0,Satisfactory,2020-04-18,Satisfactory,79.28571428571429
Mumbai,2020-04-19,19.99,63.75,12.36,9.07,21.07,7.11,0.65,6.79,21.48,6.9,,,74.0,Satisfactory,2020-04-19,Satisfactory,77.57142857142857
Mumbai,2020-04-20,25.7,81.0,13.28,10.38,23.34,9.29,0.7,7.88,20.19,5.79,,,82.0,Satisfactory,2020-04-20,Satisfactory,78.0
Mumbai,2020-04-21,18.64,54.81,15.42,6.97,21.67,10.49,0.57,7.59,23.39,5.45,,,76.0,Satisfactory,2020-04-21,Satisfactory,76.42857142857143
Mumbai,2020-04-22,18.03,52.92,17.22,6.11,22.57,8.12,0.41,8.4,22.45,4.32,,,61.0,Satisfactory,2020-04-22,Satisfactory,73.0
Mumbai,2020-04-23,19.8,54.84,18.58,6.99,24.9,7.04,0.4,10.28,19.66,3.45,,,67.0,Satisfactory,2020-04-23,Satisfactory,71.85714285714286
Mumbai,2020-04-24,20.82,47.88,17.53,6.09,22.62,6.92,0.38,11.57,18.66,4.22,,,58.0,Satisfactory,2020-04-24,Satisfactory,69.71428571428571
Mumbai,2020-04-25,16.78,44.63,15.01,6.5,20.87,6.74,0.32,12.46,23.08,5.06,,,57.0,Satisfactory,2020-04-25,Satisfactory,67.85714285714286
Mumbai,2020-04-26,19.05,51.09,17.43,8.25,24.82,6.13,0.36,14.12,22.98,14.21,,,63.0,Satisfactory,2020-04-26,Satisfactory,66.28571428571429
Mumbai,2020-04-27,17.23,45.04,15.92,5.72,20.66,6.06,0.34,14.37,17.94,8.98,,,60.0,Satisfactory,2020-04-27,Satisfactory,63.142857142857146
Mumbai,2020-04-28,19.82,50.93,13.63,7.66,20.73,6.12,0.35,13.98,25.02,16.93,,,60.0,Satisfactory,2020-04-28,Satisfactory,60.857142857142854
Mumbai,2020-04-29,21.01,57.68,19.66,6.68,28.03,5.42,0.36,14.49,24.01,13.9,,,77.0,Satisfactory,2020-04-29,Satisfactory,63.142857142857146
Mumbai,2020-04-30,20.8,53.42,15.49,6.96,21.92,5.42,0.33,15.2,17.54,4.34,,,68.0,Satisfactory,2020-04-30,Satisfactory,63.285714285714285
Mumbai,2020-05-01,15.53,43.76,14.86,5.54,19.46,5.4,0.31,14.47,18.53,2.59,,,61.0,Satisfactory,2020-05-01,Satisfactory,63.714285714285715
Mumbai,2020-05-02,13.15,39.87,17.89,5.44,24.58,4.84,0.28,12.43,16.06,2.28,,,53.0,Satisfactory,2020-05-02,Satisfactory,63.142857142857146
Mumbai,2020-05-03,12.02,34.64,15.73,5.28,19.74,5.47,0.27,12.04,15.22,2.57,,,53.0,Satisfactory,2020-05-03,Satisfactory,61.714285714285715
Mumbai,2020-05-04,11.51,33.77,19.77,5.21,23.67,5.86,0.28,11.52,14.68,2.52,,,47.0,Good,2020-05-04,Good,59.857142857142854
Mumbai,2020-05-05,11.2,42.66,24.49,6.59,28.82,6.16,0.29,10.62,16.25,2.83,,,51.0,Satisfactory,2020-05-05,Satisfactory,58.57142857142857
Mumbai,2020-05-06,12.09,55.6,22.12,6.71,26.12,5.28,0.3,12.95,17.43,2.19,,,61.0,Satisfactory,2020-05-06,Satisfactory,56.285714285714285
Mumbai,2020-05-07,14.3,52.48,23.01,6.24,25.71,4.3,0.35,20.98,19.58,2.77,,,65.0,Satisfactory,2020-05-07,Satisfactory,55.857142857142854
Mumbai,2020-05-08,15.26,60.85,20.66,5.62,22.25,3.93,0.38,29.68,21.41,2.9,,,69.0,Satisfactory,2020-05-08,Satisfactory,57.0
Mumbai,2020-05-09,14.21,54.67,17.02,5.12,18.7,4.03,0.3,32.49,21.56,3.11,,,67.0,Satisfactory,2020-05-09,Satisfactory,59.0
Mumbai,2020-05-10,13.08,49.13,26.93,3.32,27.04,3.19,0.3,32.18,19.12,2.98,,,70.0,Satisfactory,2020-05-10,Satisfactory,61.42857142857143
Mumbai,2020-05-11,16.85,57.84,28.97,6.4,32.83,3.6,0.36,28.8,18.86,3.15,,,75.0,Satisfactory,2020-05-11,Satisfactory,65.42857142857143
Mumbai,2020-05-12,13.72,51.68,32.32,5.73,35.71,3.53,0.34,37.37,18.22,2.8,,,81.0,Satisfactory,2020-05-12,Satisfactory,69.71428571428571
Mumbai,2020-05-13,14.67,53.52,21.01,7.35,27.59,3.73,0.28,29.05,19.43,2.08,,,74.0,Satisfactory,2020-05-13,Satisfactory,71.57142857142857
Mumbai,2020-05-14,15.23,56.14,21.05,9.24,29.15,2.91,0.29,21.85,15.53,2.3,,,65.0,Satisfactory,2020-05-14,Satisfactory,71.57142857142857
Mumbai,2020-05-15,17.67,62.36,19.37,9.47,28.12,4.07,0.31,26.61,15.69,3.23,,,70.0,Satisfactory,2020-05-15,Satisfactory,71.71428571428571
Mumbai,2020-05-16,30.44,109.67,29.33,9.88,37.14,4.49,0.31,14.56,18.71,2.7,,,79.0,Satisfactory,2020-05-16,Satisfactory,73.42857142857143
Mumbai,2020-05-17,29.74,110.21,17.76,8.21,23.7,4.38,0.28,13.73,23.93,2.47,,,119.0,Moderate,2020-05-17,Moderate,80.42857142857143
Mumbai,2020-05-18,21.3,74.82,15.73,9.61,22.49,4.34,0.26,15.6,24.78,2.11,,,86.0,Satisfactory,2020-05-18,Satisfactory,82.0
Mumbai,2020-05-19,15.36,65.41,22.2,9.44,28.68,4.19,0.28,14.24,19.74,1.68,,,74.0,Satisfactory,2020-05-19,Satisfactory,81.0
Mumbai,2020-05-20,14.14,48.48,22.15,11.07,31.18,5.56,0.28,14.07,19.82,2.2,,,66.0,Satisfactory,2020-05-20,Satisfactory,79.85714285714286
Mumbai,2020-05-21,16.44,43.01,15.41,12.93,26.23,4.12,0.27,12.22,20.84,1.89,,,57.0,Satisfactory,2020-05-21,Satisfactory,78.71428571428571
Mumbai,2020-05-22,14.78,43.77,13.97,11.9,24.26,3.23,0.26,12.06,21.34,0.8,,,51.0,Satisfactory,2020-05-22,Satisfactory,76.0
Mumbai,2020-05-23,15.18,52.48,16.39,10.89,27.1,3.29,0.29,10.33,18.87,1.0,,,55.0,Satisfactory,2020-05-23,Satisfactory,72.57142857142857
Mumbai,2020-05-24,12.33,44.41,14.5,10.01,24.05,3.11,0.25,9.66,18.56,0.64,,,55.0,Satisfactory,2020-05-24,Satisfactory,63.42857142857143
Mumbai,2020-05-25,11.81,53.97,13.1,9.36,21.39,3.07,0.25,8.85,19.15,0.7,,,54.0,Satisfactory,2020-05-25,Satisfactory,58.857142857142854
Mumbai,2020-05-26,12.64,60.01,15.81,8.14,23.68,3.08,0.24,8.57,18.75,0.62,,,57.0,Satisfactory,2020-05-26,Satisfactory,56.42857142857143
Mumbai,2020-05-27,11.7,49.07,16.71,8.74,25.38,4.51,0.21,6.44,19.01,0.71,,,59.0,Satisfactory,2020-05-27,Satisfactory,55.42857142857143
Mumbai,2020-05-28,12.21,46.97,15.52,7.43,22.69,4.61,0.22,6.76,18.17,0.52,,,56.0,Satisfactory,2020-05-28,Satisfactory,55.285714285714285
Mumbai,2020-05-29,7.33,30.7,14.79,7.02,21.64,3.74,0.26,7.58,17.14,0.63,,,50.0,Good,2020-05-29,Good,55.142857142857146
Mumbai,2020-05-30,10.08,42.19,15.83,6.63,22.16,3.61,0.27,6.93,14.37,0.8,,,49.0,Good,2020-05-30,Good,54.285714285714285
Mumbai,2020-05-31,8.99,41.07,13.06,6.51,19.4,3.39,0.31,6.9,15.63,1.56,,,53.0,Satisfactory,2020-05-31,Satisfactory,54.0
Mumbai,2020-06-01,17.27,44.22,15.13,13.22,28.31,3.4,0.33,7.68,25.44,2.39,,,48.0,Good,2020-06-01,Good,53.142857142857146
Mumbai,2020-06-02,21.94,46.59,13.56,16.61,30.17,4.66,0.43,7.71,23.44,1.92,,,52.0,Satisfactory,2020-06-02,Satisfactory,52.42857142857143
Mumbai,2020-06-03,8.38,19.05,11.06,12.38,23.44,6.58,0.28,7.7,22.89,1.18,,,50.0,Good,2020-06-03,Good,51.142857142857146
Mumbai,2020-06-04,20.53,47.52,14.01,15.73,29.74,6.41,0.34,10.03,17.66,1.67,,,48.0,Good,2020-06-04,Good,50.0
Mumbai,2020-06-05,11.26,33.01,16.89,16.35,33.24,13.01,0.31,11.64,23.29,1.54,,,66.0,Satisfactory,2020-06-05,Satisfactory,52.285714285714285
Mumbai,2020-06-06,9.38,30.27,16.51,10.81,27.32,12.51,0.28,11.76,14.98,1.83,,,46.0,Good,2020-06-06,Good,51.857142857142854
Mumbai,2020-06-07,10.85,35.86,18.3,10.79,28.76,11.73,0.31,10.8,14.68,1.95,,,49.0,Good,2020-06-07,Good,51.285714285714285
Mumbai,2020-06-08,8.92,25.63,13.86,13.93,27.72,11.24,0.33,11.19,20.42,1.29,,,50.0,Good,2020-06-08,Good,51.57142857142857
Mumbai,2020-06-09,8.93,28.08,16.24,10.65,26.88,9.74,0.33,11.95,15.69,2.03,,,47.0,Good,2020-06-09,Good,50.857142857142854
Mumbai,2020-06-10,10.43,34.98,18.59,8.75,27.17,7.54,0.33,12.71,12.88,1.83,,,48.0,Good,2020-06-10,Good,50.57142857142857
Mumbai,2020-06-11,9.0,28.18,18.46,8.24,26.64,6.45,0.32,12.79,12.38,1.21,,,48.0,Good,2020-06-11,Good,50.57142857142857
Mumbai,2020-06-12,10.46,31.78,20.73,11.19,31.51,8.08,0.38,13.66,10.47,1.8,,,52.0,Satisfactory,2020-06-12,Satisfactory,48.57142857142857
Mumbai,2020-06-13,10.36,27.75,21.91,12.43,34.3,11.9,0.39,13.49,10.05,1.62,,,54.0,Satisfactory,2020-06-13,Satisfactory,49.714285714285715
Mumbai,2020-06-14,9.87,25.02,18.38,12.87,31.24,10.7,0.38,10.2,10.15,1.88,,,51.0,Satisfactory,2020-06-14,Satisfactory,50.0
Mumbai,2020-06-15,10.58,27.54,17.7,14.08,31.75,10.34,0.4,11.14,9.59,2.47,,,49.0,Good,2020-06-15,Good,49.857142857142854
Mumbai,2020-06-16,9.59,22.68,16.53,13.97,30.5,10.33,0.44,11.24,13.5,1.88,,,54.0,Satisfactory,2020-06-16,Satisfactory,50.857142857142854
Mumbai,2020-06-17,6.62,21.38,15.53,14.26,29.79,10.46,0.41,11.22,10.55,2.32,,,46.0,Good,2020-06-17,Good,50.57142857142857
Mumbai,2020-06-18,7.46,26.97,20.39,16.02,36.41,10.77,0.43,10.89,8.84,2.34,,,50.0,Good,2020-06-18,Good,50.857142857142854
Mumbai,2020-06-19,14.69,54.73,20.58,11.74,32.26,12.19,0.42,10.96,8.68,2.49,,,58.0,Satisfactory,2020-06-19,Satisfactory,51.714285714285715
Mumbai,2020-06-20,11.97,52.15,14.78,8.43,23.03,10.46,0.34,10.72,8.3,0.9,,,61.0,Satisfactory,2020-06-20,Satisfactory,52.714285714285715
Mumbai,2020-06-21,9.27,41.0,11.95,9.94,21.69,9.36,0.32,11.43,9.32,1.11,,,55.0,Satisfactory,2020-06-21,Satisfactory,53.285714285714285
Mumbai,2020-06-22,12.61,47.23,15.68,10.56,26.17,9.03,0.39,8.82,8.49,2.26,,,51.0,Satisfactory,2020-06-22,Satisfactory,53.57142857142857
Mumbai,2020-06-23,9.56,32.9,17.96,14.83,32.78,13.97,0.38,5.01,9.94,1.4,,,59.0,Satisfactory,2020-06-23,Satisfactory,54.285714285714285
Mumbai,2020-06-24,8.73,30.22,22.24,11.76,34.0,12.7,0.4,4.77,9.34,1.89,,,55.0,Satisfactory,2020-06-24,Satisfactory,55.57142857142857
Mumbai,2020-06-25,11.84,43.79,23.7,9.81,32.92,8.94,0.4,5.19,7.88,1.7,,,59.0,Satisfactory,2020-06-25,Satisfactory,56.857142857142854
Mumbai,2020-06-26,13.82,47.1,25.81,8.6,33.63,17.45,0.42,7.66,6.02,0.73,,,57.0,Satisfactory,2020-06-26,Satisfactory,56.714285714285715
Mumbai,2020-06-27,18.04,63.72,28.29,8.58,36.07,26.69,0.43,10.36,5.68,0.82,,,64.0,Satisfactory,2020-06-27,Satisfactory,57.142857142857146
Mumbai,2020-06-28,12.33,44.84,27.15,8.06,34.78,26.5,0.38,10.58,5.76,0.85,,,64.0,Satisfactory,2020-06-28,Satisfactory,58.42857142857143
Mumbai,2020-06-29,7.88,27.51,26.58,7.94,34.42,23.94,0.38,11.11,5.84,0.47,,,54.0,Satisfactory,2020-06-29,Satisfactory,58.857142857142854
Mumbai,2020-06-30,4.66,13.87,25.25,8.02,33.25,19.89,0.36,13.4,6.94,0.73,,,54.0,Satisfactory,2020-06-30,Satisfactory,58.142857142857146
Mumbai,2020-07-01,3.84,11.28,27.64,5.57,33.21,23.6,0.37,13.18,6.68,0.78,,,53.0,Satisfactory,2020-07-01,Satisfactory,57.857142857142854
